date,grain,country,site,vertical,segment,package,metric,value,unit,is_sample,quality_flag,source
2022-08-22,weekly,DK,bilinfo.dk,mobility_cars,,,avg_days_to_sell,38,days,0,,vend-scraper-v2/bilinfo_weekly
2022-08-22,weekly,DK,bilinfo.dk,mobility_cars,,,supply_cars,52000,listings,0,,vend-scraper-v2/bilinfo_weekly
2022-08-22,weekly,DK,bilinfo.dk,mobility_cars,,,visits,742000,visitors,0,,vend-scraper-v2/bilinfo_weekly
2022-08-29,weekly,DK,bilinfo.dk,mobility_cars,,,avg_days_to_sell,38,days,0,,vend-scraper-v2/bilinfo_weekly
2022-08-29,weekly,DK,bilinfo.dk,mobility_cars,,,supply_cars,52300,listings,0,,vend-scraper-v2/bilinfo_weekly
2022-08-29,weekly,DK,bilinfo.dk,mobility_cars,,,visits,727000,visitors,0,,vend-scraper-v2/bilinfo_weekly
2022-09-05,weekly,DK,bilinfo.dk,mobility_cars,,,avg_days_to_sell,39,days,0,,vend-scraper-v2/bilinfo_weekly
2022-09-05,weekly,DK,bilinfo.dk,mobility_cars,,,supply_cars,53700,listings,0,,vend-scraper-v2/bilinfo_weekly
2022-09-05,weekly,DK,bilinfo.dk,mobility_cars,,,visits,733000,visitors,0,,vend-scraper-v2/bilinfo_weekly
2022-09-12,weekly,DK,bilinfo.dk,mobility_cars,,,avg_days_to_sell,39,days,0,,vend-scraper-v2/bilinfo_weekly
2022-09-12,weekly,DK,bilinfo.dk,mobility_cars,,,supply_cars,54300,listings,0,,vend-scraper-v2/bilinfo_weekly
2022-09-12,weekly,DK,bilinfo.dk,mobility_cars,,,visits,708000,visitors,0,,vend-scraper-v2/bilinfo_weekly
2022-09-19,weekly,DK,bilinfo.dk,mobility_cars,,,avg_days_to_sell,40,days,0,,vend-scraper-v2/bilinfo_weekly
2022-09-19,weekly,DK,bilinfo.dk,mobility_cars,,,supply_cars,54800,listings,0,,vend-scraper-v2/bilinfo_weekly
2022-09-19,weekly,DK,bilinfo.dk,mobility_cars,,,visits,691000,visitors,0,,vend-scraper-v2/bilinfo_weekly
2022-09-26,weekly,DK,bilinfo.dk,mobility_cars,,,avg_days_to_sell,40,days,0,,vend-scraper-v2/bilinfo_weekly
2022-09-26,weekly,DK,bilinfo.dk,mobility_cars,,,supply_cars,55300,listings,0,,vend-scraper-v2/bilinfo_weekly
2022-09-26,weekly,DK,bilinfo.dk,mobility_cars,,,visits,692000,visitors,0,,vend-scraper-v2/bilinfo_weekly
2022-10-03,weekly,DK,bilinfo.dk,mobility_cars,,,avg_days_to_sell,41,days,0,,vend-scraper-v2/bilinfo_weekly
2022-10-03,weekly,DK,bilinfo.dk,mobility_cars,,,supply_cars,57100,listings,0,,vend-scraper-v2/bilinfo_weekly
2022-10-03,weekly,DK,bilinfo.dk,mobility_cars,,,visits,688000,visitors,0,,vend-scraper-v2/bilinfo_weekly
2022-10-17,weekly,DK,bilinfo.dk,mobility_cars,,,avg_days_to_sell,41,days,0,,vend-scraper-v2/bilinfo_weekly
2022-10-17,weekly,DK,bilinfo.dk,mobility_cars,,,supply_cars,58200,listings,0,,vend-scraper-v2/bilinfo_weekly
2022-10-17,weekly,DK,bilinfo.dk,mobility_cars,,,visits,710000,visitors,0,,vend-scraper-v2/bilinfo_weekly
2022-10-24,weekly,DK,bilinfo.dk,mobility_cars,,,avg_days_to_sell,42,days,0,,vend-scraper-v2/bilinfo_weekly
2022-10-24,weekly,DK,bilinfo.dk,mobility_cars,,,supply_cars,58500,listings,0,,vend-scraper-v2/bilinfo_weekly
2022-10-24,weekly,DK,bilinfo.dk,mobility_cars,,,visits,688000,visitors,0,,vend-scraper-v2/bilinfo_weekly
2022-10-31,weekly,DK,bilinfo.dk,mobility_cars,,,avg_days_to_sell,42,days,0,,vend-scraper-v2/bilinfo_weekly
2022-10-31,weekly,DK,bilinfo.dk,mobility_cars,,,supply_cars,59100,listings,0,,vend-scraper-v2/bilinfo_weekly
2022-10-31,weekly,DK,bilinfo.dk,mobility_cars,,,visits,718000,visitors,0,,vend-scraper-v2/bilinfo_weekly
2022-11-07,weekly,DK,bilinfo.dk,mobility_cars,,,avg_days_to_sell,43,days,0,,vend-scraper-v2/bilinfo_weekly
2022-11-07,weekly,DK,bilinfo.dk,mobility_cars,,,supply_cars,59400,listings,0,,vend-scraper-v2/bilinfo_weekly
2022-11-07,weekly,DK,bilinfo.dk,mobility_cars,,,visits,721000,visitors,0,,vend-scraper-v2/bilinfo_weekly
2022-11-14,weekly,DK,bilinfo.dk,mobility_cars,,,avg_days_to_sell,44,days,0,,vend-scraper-v2/bilinfo_weekly
2022-11-14,weekly,DK,bilinfo.dk,mobility_cars,,,supply_cars,59600,listings,0,,vend-scraper-v2/bilinfo_weekly
2022-11-14,weekly,DK,bilinfo.dk,mobility_cars,,,visits,702000,visitors,0,,vend-scraper-v2/bilinfo_weekly
2022-11-21,weekly,DK,bilinfo.dk,mobility_cars,,,avg_days_to_sell,44,days,0,,vend-scraper-v2/bilinfo_weekly
2022-11-21,weekly,DK,bilinfo.dk,mobility_cars,,,supply_cars,59400,listings,0,,vend-scraper-v2/bilinfo_weekly
2022-11-21,weekly,DK,bilinfo.dk,mobility_cars,,,visits,682000,visitors,0,,vend-scraper-v2/bilinfo_weekly
2022-11-28,weekly,DK,bilinfo.dk,mobility_cars,,,avg_days_to_sell,45,days,0,,vend-scraper-v2/bilinfo_weekly
2022-11-28,weekly,DK,bilinfo.dk,mobility_cars,,,supply_cars,59400,listings,0,,vend-scraper-v2/bilinfo_weekly
2022-11-28,weekly,DK,bilinfo.dk,mobility_cars,,,visits,702000,visitors,0,,vend-scraper-v2/bilinfo_weekly
2022-12-05,weekly,DK,bilinfo.dk,mobility_cars,,,avg_days_to_sell,45,days,0,,vend-scraper-v2/bilinfo_weekly
2022-12-05,weekly,DK,bilinfo.dk,mobility_cars,,,supply_cars,59200,listings,0,,vend-scraper-v2/bilinfo_weekly
2022-12-05,weekly,DK,bilinfo.dk,mobility_cars,,,visits,688000,visitors,0,,vend-scraper-v2/bilinfo_weekly
2022-12-12,weekly,DK,bilinfo.dk,mobility_cars,,,avg_days_to_sell,45,days,0,,vend-scraper-v2/bilinfo_weekly
2022-12-12,weekly,DK,bilinfo.dk,mobility_cars,,,supply_cars,58800,listings,0,,vend-scraper-v2/bilinfo_weekly
2022-12-12,weekly,DK,bilinfo.dk,mobility_cars,,,visits,667000,visitors,0,,vend-scraper-v2/bilinfo_weekly
2022-12-19,weekly,DK,bilinfo.dk,mobility_cars,,,avg_days_to_sell,46,days,0,,vend-scraper-v2/bilinfo_weekly
2022-12-19,weekly,DK,bilinfo.dk,mobility_cars,,,supply_cars,59200,listings,0,,vend-scraper-v2/bilinfo_weekly
2022-12-19,weekly,DK,bilinfo.dk,mobility_cars,,,visits,701000,visitors,0,,vend-scraper-v2/bilinfo_weekly
2022-12-26,weekly,DK,bilinfo.dk,mobility_cars,,,avg_days_to_sell,46,days,0,,vend-scraper-v2/bilinfo_weekly
2022-12-26,weekly,DK,bilinfo.dk,mobility_cars,,,supply_cars,58600,listings,0,,vend-scraper-v2/bilinfo_weekly
2022-12-26,weekly,DK,bilinfo.dk,mobility_cars,,,visits,685000,visitors,0,,vend-scraper-v2/bilinfo_weekly
2023-01-02,weekly,DK,bilinfo.dk,mobility_cars,,,avg_days_to_sell,47,days,0,,vend-scraper-v2/bilinfo_weekly
2023-01-02,weekly,DK,bilinfo.dk,mobility_cars,,,supply_cars,58000,listings,0,,vend-scraper-v2/bilinfo_weekly
2023-01-02,weekly,DK,bilinfo.dk,mobility_cars,,,visits,722000,visitors,0,,vend-scraper-v2/bilinfo_weekly
2023-01-09,weekly,DK,bilinfo.dk,mobility_cars,,,avg_days_to_sell,47,days,0,,vend-scraper-v2/bilinfo_weekly
2023-01-09,weekly,DK,bilinfo.dk,mobility_cars,,,supply_cars,57600,listings,0,,vend-scraper-v2/bilinfo_weekly
2023-01-09,weekly,DK,bilinfo.dk,mobility_cars,,,visits,885000,visitors,0,,vend-scraper-v2/bilinfo_weekly
2023-01-16,weekly,DK,bilinfo.dk,mobility_cars,,,avg_days_to_sell,48,days,0,,vend-scraper-v2/bilinfo_weekly
2023-01-16,weekly,DK,bilinfo.dk,mobility_cars,,,supply_cars,57300,listings,0,,vend-scraper-v2/bilinfo_weekly
2023-01-16,weekly,DK,bilinfo.dk,mobility_cars,,,visits,902000,visitors,0,,vend-scraper-v2/bilinfo_weekly
2023-01-23,weekly,DK,bilinfo.dk,mobility_cars,,,avg_days_to_sell,48,days,0,,vend-scraper-v2/bilinfo_weekly
2023-01-23,weekly,DK,bilinfo.dk,mobility_cars,,,supply_cars,57400,listings,0,,vend-scraper-v2/bilinfo_weekly
2023-01-23,weekly,DK,bilinfo.dk,mobility_cars,,,visits,849000,visitors,0,,vend-scraper-v2/bilinfo_weekly
2023-01-30,weekly,DK,bilinfo.dk,mobility_cars,,,avg_days_to_sell,49,days,0,,vend-scraper-v2/bilinfo_weekly
2023-01-30,weekly,DK,bilinfo.dk,mobility_cars,,,supply_cars,57600,listings,0,,vend-scraper-v2/bilinfo_weekly
2023-01-30,weekly,DK,bilinfo.dk,mobility_cars,,,visits,791000,visitors,0,,vend-scraper-v2/bilinfo_weekly
2023-02-06,weekly,DK,bilinfo.dk,mobility_cars,,,avg_days_to_sell,49,days,0,,vend-scraper-v2/bilinfo_weekly
2023-02-06,weekly,DK,bilinfo.dk,mobility_cars,,,supply_cars,57700,listings,0,,vend-scraper-v2/bilinfo_weekly
2023-02-06,weekly,DK,bilinfo.dk,mobility_cars,,,visits,782000,visitors,0,,vend-scraper-v2/bilinfo_weekly
2023-02-13,weekly,DK,bilinfo.dk,mobility_cars,,,avg_days_to_sell,50,days,0,,vend-scraper-v2/bilinfo_weekly
2023-02-13,weekly,DK,bilinfo.dk,mobility_cars,,,supply_cars,57600,listings,0,,vend-scraper-v2/bilinfo_weekly
2023-02-13,weekly,DK,bilinfo.dk,mobility_cars,,,visits,788000,visitors,0,,vend-scraper-v2/bilinfo_weekly
2023-02-20,weekly,DK,bilinfo.dk,mobility_cars,,,avg_days_to_sell,50,days,0,,vend-scraper-v2/bilinfo_weekly
2023-02-20,weekly,DK,bilinfo.dk,mobility_cars,,,supply_cars,57400,listings,0,,vend-scraper-v2/bilinfo_weekly
2023-02-20,weekly,DK,bilinfo.dk,mobility_cars,,,visits,811000,visitors,0,,vend-scraper-v2/bilinfo_weekly
2023-02-27,weekly,DK,bilinfo.dk,mobility_cars,,,avg_days_to_sell,51,days,0,,vend-scraper-v2/bilinfo_weekly
2023-02-27,weekly,DK,bilinfo.dk,mobility_cars,,,supply_cars,57600,listings,0,,vend-scraper-v2/bilinfo_weekly
2023-02-27,weekly,DK,bilinfo.dk,mobility_cars,,,visits,792000,visitors,0,,vend-scraper-v2/bilinfo_weekly
2023-03-06,weekly,DK,bilinfo.dk,mobility_cars,,,avg_days_to_sell,51,days,0,,vend-scraper-v2/bilinfo_weekly
2023-03-06,weekly,DK,bilinfo.dk,mobility_cars,,,supply_cars,57900,listings,0,,vend-scraper-v2/bilinfo_weekly
2023-03-06,weekly,DK,bilinfo.dk,mobility_cars,,,visits,762000,visitors,0,,vend-scraper-v2/bilinfo_weekly
2023-03-13,weekly,DK,bilinfo.dk,mobility_cars,,,avg_days_to_sell,51,days,0,,vend-scraper-v2/bilinfo_weekly
2023-03-13,weekly,DK,bilinfo.dk,mobility_cars,,,supply_cars,58000,listings,0,,vend-scraper-v2/bilinfo_weekly
2023-03-13,weekly,DK,bilinfo.dk,mobility_cars,,,visits,764000,visitors,0,,vend-scraper-v2/bilinfo_weekly
2023-03-20,weekly,DK,bilinfo.dk,mobility_cars,,,avg_days_to_sell,51,days,0,,vend-scraper-v2/bilinfo_weekly
2023-03-20,weekly,DK,bilinfo.dk,mobility_cars,,,supply_cars,58000,listings,0,,vend-scraper-v2/bilinfo_weekly
2023-03-20,weekly,DK,bilinfo.dk,mobility_cars,,,visits,769000,visitors,0,,vend-scraper-v2/bilinfo_weekly
2023-03-27,weekly,DK,bilinfo.dk,mobility_cars,,,avg_days_to_sell,52,days,0,,vend-scraper-v2/bilinfo_weekly
2023-03-27,weekly,DK,bilinfo.dk,mobility_cars,,,supply_cars,57800,listings,0,,vend-scraper-v2/bilinfo_weekly
2023-03-27,weekly,DK,bilinfo.dk,mobility_cars,,,visits,712000,visitors,0,,vend-scraper-v2/bilinfo_weekly
2023-04-03,weekly,DK,bilinfo.dk,mobility_cars,,,avg_days_to_sell,52,days,0,,vend-scraper-v2/bilinfo_weekly
2023-04-03,weekly,DK,bilinfo.dk,mobility_cars,,,supply_cars,57900,listings,0,,vend-scraper-v2/bilinfo_weekly
2023-04-03,weekly,DK,bilinfo.dk,mobility_cars,,,visits,699000,visitors,0,,vend-scraper-v2/bilinfo_weekly
2023-04-10,weekly,DK,bilinfo.dk,mobility_cars,,,avg_days_to_sell,52,days,0,,vend-scraper-v2/bilinfo_weekly
2023-04-10,weekly,DK,bilinfo.dk,mobility_cars,,,supply_cars,57900,listings,0,,vend-scraper-v2/bilinfo_weekly
2023-04-10,weekly,DK,bilinfo.dk,mobility_cars,,,visits,761000,visitors,0,,vend-scraper-v2/bilinfo_weekly
2023-04-17,weekly,DK,bilinfo.dk,mobility_cars,,,avg_days_to_sell,52,days,0,,vend-scraper-v2/bilinfo_weekly
2023-04-17,weekly,DK,bilinfo.dk,mobility_cars,,,supply_cars,57800,listings,0,,vend-scraper-v2/bilinfo_weekly
2023-04-17,weekly,DK,bilinfo.dk,mobility_cars,,,visits,734000,visitors,0,,vend-scraper-v2/bilinfo_weekly
2023-04-24,weekly,DK,bilinfo.dk,mobility_cars,,,avg_days_to_sell,52,days,0,,vend-scraper-v2/bilinfo_weekly
2023-04-24,weekly,DK,bilinfo.dk,mobility_cars,,,supply_cars,57700,listings,0,,vend-scraper-v2/bilinfo_weekly
2023-04-24,weekly,DK,bilinfo.dk,mobility_cars,,,visits,714000,visitors,0,,vend-scraper-v2/bilinfo_weekly
2023-05-01,weekly,DK,bilinfo.dk,mobility_cars,,,avg_days_to_sell,52,days,0,,vend-scraper-v2/bilinfo_weekly
2023-05-01,weekly,DK,bilinfo.dk,mobility_cars,,,supply_cars,57500,listings,0,,vend-scraper-v2/bilinfo_weekly
2023-05-01,weekly,DK,bilinfo.dk,mobility_cars,,,visits,718000,visitors,0,,vend-scraper-v2/bilinfo_weekly
2023-05-08,weekly,DK,bilinfo.dk,mobility_cars,,,avg_days_to_sell,52,days,0,,vend-scraper-v2/bilinfo_weekly
2023-05-08,weekly,DK,bilinfo.dk,mobility_cars,,,supply_cars,57100,listings,0,,vend-scraper-v2/bilinfo_weekly
2023-05-08,weekly,DK,bilinfo.dk,mobility_cars,,,visits,702000,visitors,0,,vend-scraper-v2/bilinfo_weekly
2023-05-15,weekly,DK,bilinfo.dk,mobility_cars,,,avg_days_to_sell,51,days,0,,vend-scraper-v2/bilinfo_weekly
2023-05-15,weekly,DK,bilinfo.dk,mobility_cars,,,supply_cars,56900,listings,0,,vend-scraper-v2/bilinfo_weekly
2023-05-15,weekly,DK,bilinfo.dk,mobility_cars,,,visits,708000,visitors,0,,vend-scraper-v2/bilinfo_weekly
2023-05-22,weekly,DK,bilinfo.dk,mobility_cars,,,avg_days_to_sell,51,days,0,,vend-scraper-v2/bilinfo_weekly
2023-05-22,weekly,DK,bilinfo.dk,mobility_cars,,,supply_cars,56600,listings,0,,vend-scraper-v2/bilinfo_weekly
2023-05-22,weekly,DK,bilinfo.dk,mobility_cars,,,visits,722000,visitors,0,,vend-scraper-v2/bilinfo_weekly
2023-05-29,weekly,DK,bilinfo.dk,mobility_cars,,,avg_days_to_sell,51,days,0,,vend-scraper-v2/bilinfo_weekly
2023-05-29,weekly,DK,bilinfo.dk,mobility_cars,,,supply_cars,56700,listings,0,,vend-scraper-v2/bilinfo_weekly
2023-05-29,weekly,DK,bilinfo.dk,mobility_cars,,,visits,695000,visitors,0,,vend-scraper-v2/bilinfo_weekly
2023-06-05,weekly,DK,bilinfo.dk,mobility_cars,,,avg_days_to_sell,50,days,0,,vend-scraper-v2/bilinfo_weekly
2023-06-05,weekly,DK,bilinfo.dk,mobility_cars,,,supply_cars,56600,listings,0,,vend-scraper-v2/bilinfo_weekly
2023-06-05,weekly,DK,bilinfo.dk,mobility_cars,,,visits,661000,visitors,0,,vend-scraper-v2/bilinfo_weekly
2023-06-12,weekly,DK,bilinfo.dk,mobility_cars,,,avg_days_to_sell,50,days,0,,vend-scraper-v2/bilinfo_weekly
2023-06-12,weekly,DK,bilinfo.dk,mobility_cars,,,supply_cars,57000,listings,0,,vend-scraper-v2/bilinfo_weekly
2023-06-12,weekly,DK,bilinfo.dk,mobility_cars,,,visits,732000,visitors,0,,vend-scraper-v2/bilinfo_weekly
2023-06-19,weekly,DK,bilinfo.dk,mobility_cars,,,avg_days_to_sell,49,days,0,,vend-scraper-v2/bilinfo_weekly
2023-06-19,weekly,DK,bilinfo.dk,mobility_cars,,,supply_cars,57000,listings,0,,vend-scraper-v2/bilinfo_weekly
2023-06-19,weekly,DK,bilinfo.dk,mobility_cars,,,visits,744000,visitors,0,,vend-scraper-v2/bilinfo_weekly
2023-06-26,weekly,DK,bilinfo.dk,mobility_cars,,,avg_days_to_sell,49,days,0,,vend-scraper-v2/bilinfo_weekly
2023-06-26,weekly,DK,bilinfo.dk,mobility_cars,,,supply_cars,57400,listings,0,,vend-scraper-v2/bilinfo_weekly
2023-06-26,weekly,DK,bilinfo.dk,mobility_cars,,,visits,722000,visitors,0,,vend-scraper-v2/bilinfo_weekly
2023-07-17,weekly,DK,bilinfo.dk,mobility_cars,,,avg_days_to_sell,49,days,0,,vend-scraper-v2/bilinfo_weekly
2023-07-17,weekly,DK,bilinfo.dk,mobility_cars,,,supply_cars,58200,listings,0,,vend-scraper-v2/bilinfo_weekly
2023-07-17,weekly,DK,bilinfo.dk,mobility_cars,,,visits,718000,visitors,0,,vend-scraper-v2/bilinfo_weekly
2023-07-24,weekly,DK,bilinfo.dk,mobility_cars,,,avg_days_to_sell,49,days,0,,vend-scraper-v2/bilinfo_weekly
2023-07-24,weekly,DK,bilinfo.dk,mobility_cars,,,supply_cars,58200,listings,0,,vend-scraper-v2/bilinfo_weekly
2023-07-24,weekly,DK,bilinfo.dk,mobility_cars,,,visits,721000,visitors,0,,vend-scraper-v2/bilinfo_weekly
2023-07-31,weekly,DK,bilinfo.dk,mobility_cars,,,avg_days_to_sell,49,days,0,,vend-scraper-v2/bilinfo_weekly
2023-07-31,weekly,DK,bilinfo.dk,mobility_cars,,,supply_cars,58400,listings,0,,vend-scraper-v2/bilinfo_weekly
2023-07-31,weekly,DK,bilinfo.dk,mobility_cars,,,visits,754000,visitors,0,,vend-scraper-v2/bilinfo_weekly
2023-08-07,weekly,DK,bilinfo.dk,mobility_cars,,,avg_days_to_sell,48,days,0,,vend-scraper-v2/bilinfo_weekly
2023-08-07,weekly,DK,bilinfo.dk,mobility_cars,,,supply_cars,58400,listings,0,,vend-scraper-v2/bilinfo_weekly
2023-08-07,weekly,DK,bilinfo.dk,mobility_cars,,,visits,784000,visitors,0,,vend-scraper-v2/bilinfo_weekly
2023-08-14,weekly,DK,bilinfo.dk,mobility_cars,,,avg_days_to_sell,48,days,0,,vend-scraper-v2/bilinfo_weekly
2023-08-14,weekly,DK,bilinfo.dk,mobility_cars,,,supply_cars,59000,listings,0,,vend-scraper-v2/bilinfo_weekly
2023-08-14,weekly,DK,bilinfo.dk,mobility_cars,,,visits,759000,visitors,0,,vend-scraper-v2/bilinfo_weekly
2023-08-21,weekly,DK,bilinfo.dk,mobility_cars,,,avg_days_to_sell,48,days,0,,vend-scraper-v2/bilinfo_weekly
2023-08-21,weekly,DK,bilinfo.dk,mobility_cars,,,supply_cars,59500,listings,0,,vend-scraper-v2/bilinfo_weekly
2023-08-21,weekly,DK,bilinfo.dk,mobility_cars,,,visits,732000,visitors,0,,vend-scraper-v2/bilinfo_weekly
2023-08-28,weekly,DK,bilinfo.dk,mobility_cars,,,avg_days_to_sell,48,days,0,,vend-scraper-v2/bilinfo_weekly
2023-08-28,weekly,DK,bilinfo.dk,mobility_cars,,,supply_cars,59700,listings,0,,vend-scraper-v2/bilinfo_weekly
2023-08-28,weekly,DK,bilinfo.dk,mobility_cars,,,visits,741000,visitors,0,,vend-scraper-v2/bilinfo_weekly
2023-09-04,weekly,DK,bilinfo.dk,mobility_cars,,,avg_days_to_sell,47,days,0,,vend-scraper-v2/bilinfo_weekly
2023-09-04,weekly,DK,bilinfo.dk,mobility_cars,,,supply_cars,60500,listings,0,,vend-scraper-v2/bilinfo_weekly
2023-09-04,weekly,DK,bilinfo.dk,mobility_cars,,,visits,745000,visitors,0,,vend-scraper-v2/bilinfo_weekly
2023-09-11,weekly,DK,bilinfo.dk,mobility_cars,,,avg_days_to_sell,47,days,0,,vend-scraper-v2/bilinfo_weekly
2023-09-11,weekly,DK,bilinfo.dk,mobility_cars,,,supply_cars,61200,listings,0,,vend-scraper-v2/bilinfo_weekly
2023-09-11,weekly,DK,bilinfo.dk,mobility_cars,,,visits,738000,visitors,0,,vend-scraper-v2/bilinfo_weekly
2023-09-18,weekly,DK,bilinfo.dk,mobility_cars,,,avg_days_to_sell,47,days,0,,vend-scraper-v2/bilinfo_weekly
2023-09-18,weekly,DK,bilinfo.dk,mobility_cars,,,supply_cars,61700,listings,0,,vend-scraper-v2/bilinfo_weekly
2023-09-18,weekly,DK,bilinfo.dk,mobility_cars,,,visits,736000,visitors,0,,vend-scraper-v2/bilinfo_weekly
2023-09-25,weekly,DK,bilinfo.dk,mobility_cars,,,avg_days_to_sell,47,days,0,,vend-scraper-v2/bilinfo_weekly
2023-09-25,weekly,DK,bilinfo.dk,mobility_cars,,,supply_cars,61900,listings,0,,vend-scraper-v2/bilinfo_weekly
2023-09-25,weekly,DK,bilinfo.dk,mobility_cars,,,visits,727000,visitors,0,,vend-scraper-v2/bilinfo_weekly
2023-10-02,weekly,DK,bilinfo.dk,mobility_cars,,,avg_days_to_sell,47,days,0,,vend-scraper-v2/bilinfo_weekly
2023-10-02,weekly,DK,bilinfo.dk,mobility_cars,,,supply_cars,62400,listings,0,,vend-scraper-v2/bilinfo_weekly
2023-10-02,weekly,DK,bilinfo.dk,mobility_cars,,,visits,732000,visitors,0,,vend-scraper-v2/bilinfo_weekly
2023-10-09,weekly,DK,bilinfo.dk,mobility_cars,,,avg_days_to_sell,47,days,0,,vend-scraper-v2/bilinfo_weekly
2023-10-09,weekly,DK,bilinfo.dk,mobility_cars,,,supply_cars,62900,listings,0,,vend-scraper-v2/bilinfo_weekly
2023-10-09,weekly,DK,bilinfo.dk,mobility_cars,,,visits,736000,visitors,0,,vend-scraper-v2/bilinfo_weekly
2023-10-16,weekly,DK,bilinfo.dk,mobility_cars,,,avg_days_to_sell,47,days,0,,vend-scraper-v2/bilinfo_weekly
2023-10-16,weekly,DK,bilinfo.dk,mobility_cars,,,supply_cars,63400,listings,0,,vend-scraper-v2/bilinfo_weekly
2023-10-16,weekly,DK,bilinfo.dk,mobility_cars,,,visits,711000,visitors,0,,vend-scraper-v2/bilinfo_weekly
2023-10-23,weekly,DK,bilinfo.dk,mobility_cars,,,avg_days_to_sell,47,days,0,,vend-scraper-v2/bilinfo_weekly
2023-10-23,weekly,DK,bilinfo.dk,mobility_cars,,,supply_cars,63800,listings,0,,vend-scraper-v2/bilinfo_weekly
2023-10-23,weekly,DK,bilinfo.dk,mobility_cars,,,visits,731000,visitors,0,,vend-scraper-v2/bilinfo_weekly
2023-10-30,weekly,DK,bilinfo.dk,mobility_cars,,,avg_days_to_sell,47,days,0,,vend-scraper-v2/bilinfo_weekly
2023-10-30,weekly,DK,bilinfo.dk,mobility_cars,,,supply_cars,64100,listings,0,,vend-scraper-v2/bilinfo_weekly
2023-10-30,weekly,DK,bilinfo.dk,mobility_cars,,,visits,722000,visitors,0,,vend-scraper-v2/bilinfo_weekly
2023-11-06,weekly,DK,bilinfo.dk,mobility_cars,,,avg_days_to_sell,46,days,0,,vend-scraper-v2/bilinfo_weekly
2023-11-06,weekly,DK,bilinfo.dk,mobility_cars,,,supply_cars,64600,listings,0,,vend-scraper-v2/bilinfo_weekly
2023-11-06,weekly,DK,bilinfo.dk,mobility_cars,,,visits,722000,visitors,0,,vend-scraper-v2/bilinfo_weekly
2023-11-13,weekly,DK,bilinfo.dk,mobility_cars,,,avg_days_to_sell,46,days,0,,vend-scraper-v2/bilinfo_weekly
2023-11-13,weekly,DK,bilinfo.dk,mobility_cars,,,supply_cars,65100,listings,0,,vend-scraper-v2/bilinfo_weekly
2023-11-13,weekly,DK,bilinfo.dk,mobility_cars,,,visits,722000,visitors,0,,vend-scraper-v2/bilinfo_weekly
2023-11-20,weekly,DK,bilinfo.dk,mobility_cars,,,avg_days_to_sell,46,days,0,,vend-scraper-v2/bilinfo_weekly
2023-11-20,weekly,DK,bilinfo.dk,mobility_cars,,,supply_cars,65400,listings,0,,vend-scraper-v2/bilinfo_weekly
2023-11-20,weekly,DK,bilinfo.dk,mobility_cars,,,visits,708000,visitors,0,,vend-scraper-v2/bilinfo_weekly
2023-11-27,weekly,DK,bilinfo.dk,mobility_cars,,,avg_days_to_sell,46,days,0,,vend-scraper-v2/bilinfo_weekly
2023-11-27,weekly,DK,bilinfo.dk,mobility_cars,,,supply_cars,65600,listings,0,,vend-scraper-v2/bilinfo_weekly
2023-11-27,weekly,DK,bilinfo.dk,mobility_cars,,,visits,702000,visitors,0,,vend-scraper-v2/bilinfo_weekly
2023-12-04,weekly,DK,bilinfo.dk,mobility_cars,,,avg_days_to_sell,46,days,0,,vend-scraper-v2/bilinfo_weekly
2023-12-04,weekly,DK,bilinfo.dk,mobility_cars,,,supply_cars,65600,listings,0,,vend-scraper-v2/bilinfo_weekly
2023-12-04,weekly,DK,bilinfo.dk,mobility_cars,,,visits,699000,visitors,0,,vend-scraper-v2/bilinfo_weekly
2023-12-11,weekly,DK,bilinfo.dk,mobility_cars,,,avg_days_to_sell,46,days,0,,vend-scraper-v2/bilinfo_weekly
2023-12-11,weekly,DK,bilinfo.dk,mobility_cars,,,supply_cars,65900,listings,0,,vend-scraper-v2/bilinfo_weekly
2023-12-11,weekly,DK,bilinfo.dk,mobility_cars,,,visits,681000,visitors,0,,vend-scraper-v2/bilinfo_weekly
2023-12-18,weekly,DK,bilinfo.dk,mobility_cars,,,avg_days_to_sell,46,days,0,,vend-scraper-v2/bilinfo_weekly
2023-12-18,weekly,DK,bilinfo.dk,mobility_cars,,,supply_cars,66000,listings,0,,vend-scraper-v2/bilinfo_weekly
2023-12-18,weekly,DK,bilinfo.dk,mobility_cars,,,visits,676000,visitors,0,,vend-scraper-v2/bilinfo_weekly
2023-12-25,weekly,DK,bilinfo.dk,mobility_cars,,,avg_days_to_sell,46,days,0,,vend-scraper-v2/bilinfo_weekly
2023-12-25,weekly,DK,bilinfo.dk,mobility_cars,,,supply_cars,65800,listings,0,,vend-scraper-v2/bilinfo_weekly
2023-12-25,weekly,DK,bilinfo.dk,mobility_cars,,,visits,679000,visitors,0,,vend-scraper-v2/bilinfo_weekly
2024-01-01,weekly,DK,bilinfo.dk,mobility_cars,,,avg_days_to_sell,46,days,0,,vend-scraper-v2/bilinfo_weekly
2024-01-01,weekly,DK,bilinfo.dk,mobility_cars,,,supply_cars,65000,listings,0,,vend-scraper-v2/bilinfo_weekly
2024-01-01,weekly,DK,bilinfo.dk,mobility_cars,,,visits,686000,visitors,0,,vend-scraper-v2/bilinfo_weekly
2024-01-08,weekly,DK,bilinfo.dk,mobility_cars,,,avg_days_to_sell,46,days,0,,vend-scraper-v2/bilinfo_weekly
2024-01-08,weekly,DK,bilinfo.dk,mobility_cars,,,supply_cars,64500,listings,0,,vend-scraper-v2/bilinfo_weekly
2024-01-08,weekly,DK,bilinfo.dk,mobility_cars,,,visits,717000,visitors,0,,vend-scraper-v2/bilinfo_weekly
2024-01-15,weekly,DK,bilinfo.dk,mobility_cars,,,avg_days_to_sell,46,days,0,,vend-scraper-v2/bilinfo_weekly
2024-01-15,weekly,DK,bilinfo.dk,mobility_cars,,,supply_cars,64100,listings,0,,vend-scraper-v2/bilinfo_weekly
2024-01-15,weekly,DK,bilinfo.dk,mobility_cars,,,visits,749000,visitors,0,,vend-scraper-v2/bilinfo_weekly
2024-01-22,weekly,DK,bilinfo.dk,mobility_cars,,,avg_days_to_sell,46,days,0,,vend-scraper-v2/bilinfo_weekly
2024-01-22,weekly,DK,bilinfo.dk,mobility_cars,,,supply_cars,63300,listings,0,,vend-scraper-v2/bilinfo_weekly
2024-01-22,weekly,DK,bilinfo.dk,mobility_cars,,,visits,758000,visitors,0,,vend-scraper-v2/bilinfo_weekly
2024-01-29,weekly,DK,bilinfo.dk,mobility_cars,,,avg_days_to_sell,46,days,0,,vend-scraper-v2/bilinfo_weekly
2024-01-29,weekly,DK,bilinfo.dk,mobility_cars,,,supply_cars,62300,listings,0,,vend-scraper-v2/bilinfo_weekly
2024-01-29,weekly,DK,bilinfo.dk,mobility_cars,,,visits,692000,visitors,0,,vend-scraper-v2/bilinfo_weekly
2024-02-05,weekly,DK,bilinfo.dk,mobility_cars,,,avg_days_to_sell,46,days,0,,vend-scraper-v2/bilinfo_weekly
2024-02-05,weekly,DK,bilinfo.dk,mobility_cars,,,supply_cars,61800,listings,0,,vend-scraper-v2/bilinfo_weekly
2024-02-05,weekly,DK,bilinfo.dk,mobility_cars,,,visits,661000,visitors,0,,vend-scraper-v2/bilinfo_weekly
2024-02-12,weekly,DK,bilinfo.dk,mobility_cars,,,avg_days_to_sell,45,days,0,,vend-scraper-v2/bilinfo_weekly
2024-02-12,weekly,DK,bilinfo.dk,mobility_cars,,,supply_cars,61800,listings,0,,vend-scraper-v2/bilinfo_weekly
2024-02-12,weekly,DK,bilinfo.dk,mobility_cars,,,visits,737000,visitors,0,,vend-scraper-v2/bilinfo_weekly
2024-02-19,weekly,DK,bilinfo.dk,mobility_cars,,,avg_days_to_sell,45,days,0,,vend-scraper-v2/bilinfo_weekly
2024-02-19,weekly,DK,bilinfo.dk,mobility_cars,,,supply_cars,60800,listings,0,,vend-scraper-v2/bilinfo_weekly
2024-02-19,weekly,DK,bilinfo.dk,mobility_cars,,,visits,738000,visitors,0,,vend-scraper-v2/bilinfo_weekly
2024-02-26,weekly,DK,bilinfo.dk,mobility_cars,,,avg_days_to_sell,45,days,0,,vend-scraper-v2/bilinfo_weekly
2024-02-26,weekly,DK,bilinfo.dk,mobility_cars,,,supply_cars,60400,listings,0,,vend-scraper-v2/bilinfo_weekly
2024-02-26,weekly,DK,bilinfo.dk,mobility_cars,,,visits,748000,visitors,0,,vend-scraper-v2/bilinfo_weekly
2024-03-04,weekly,DK,bilinfo.dk,mobility_cars,,,avg_days_to_sell,45,days,0,,vend-scraper-v2/bilinfo_weekly
2024-03-04,weekly,DK,bilinfo.dk,mobility_cars,,,supply_cars,60000,listings,0,,vend-scraper-v2/bilinfo_weekly
2024-03-04,weekly,DK,bilinfo.dk,mobility_cars,,,visits,803000,visitors,0,,vend-scraper-v2/bilinfo_weekly
2024-03-11,weekly,DK,bilinfo.dk,mobility_cars,,,avg_days_to_sell,45,days,0,,vend-scraper-v2/bilinfo_weekly
2024-03-11,weekly,DK,bilinfo.dk,mobility_cars,,,supply_cars,60000,listings,0,,vend-scraper-v2/bilinfo_weekly
2024-03-11,weekly,DK,bilinfo.dk,mobility_cars,,,visits,747000,visitors,0,,vend-scraper-v2/bilinfo_weekly
2024-03-18,weekly,DK,bilinfo.dk,mobility_cars,,,avg_days_to_sell,44,days,0,,vend-scraper-v2/bilinfo_weekly
2024-03-18,weekly,DK,bilinfo.dk,mobility_cars,,,supply_cars,59800,listings,0,,vend-scraper-v2/bilinfo_weekly
2024-03-18,weekly,DK,bilinfo.dk,mobility_cars,,,visits,821000,visitors,0,,vend-scraper-v2/bilinfo_weekly
2024-03-25,weekly,DK,bilinfo.dk,mobility_cars,,,avg_days_to_sell,44,days,0,,vend-scraper-v2/bilinfo_weekly
2024-03-25,weekly,DK,bilinfo.dk,mobility_cars,,,supply_cars,59800,listings,0,,vend-scraper-v2/bilinfo_weekly
2024-03-25,weekly,DK,bilinfo.dk,mobility_cars,,,visits,823000,visitors,0,,vend-scraper-v2/bilinfo_weekly
2024-04-01,weekly,DK,bilinfo.dk,mobility_cars,,,avg_days_to_sell,44,days,0,,vend-scraper-v2/bilinfo_weekly
2024-04-01,weekly,DK,bilinfo.dk,mobility_cars,,,supply_cars,59200,listings,0,,vend-scraper-v2/bilinfo_weekly
2024-04-01,weekly,DK,bilinfo.dk,mobility_cars,,,visits,798000,visitors,0,,vend-scraper-v2/bilinfo_weekly
2024-04-08,weekly,DK,bilinfo.dk,mobility_cars,,,avg_days_to_sell,44,days,0,,vend-scraper-v2/bilinfo_weekly
2024-04-08,weekly,DK,bilinfo.dk,mobility_cars,,,supply_cars,58800,listings,0,,vend-scraper-v2/bilinfo_weekly
2024-04-08,weekly,DK,bilinfo.dk,mobility_cars,,,visits,813000,visitors,0,,vend-scraper-v2/bilinfo_weekly
2024-04-15,weekly,DK,bilinfo.dk,mobility_cars,,,avg_days_to_sell,44,days,0,,vend-scraper-v2/bilinfo_weekly
2024-04-15,weekly,DK,bilinfo.dk,mobility_cars,,,supply_cars,59100,listings,0,,vend-scraper-v2/bilinfo_weekly
2024-04-15,weekly,DK,bilinfo.dk,mobility_cars,,,visits,789000,visitors,0,,vend-scraper-v2/bilinfo_weekly
2024-04-22,weekly,DK,bilinfo.dk,mobility_cars,,,avg_days_to_sell,44,days,0,,vend-scraper-v2/bilinfo_weekly
2024-04-22,weekly,DK,bilinfo.dk,mobility_cars,,,supply_cars,59500,listings,0,,vend-scraper-v2/bilinfo_weekly
2024-04-22,weekly,DK,bilinfo.dk,mobility_cars,,,visits,894000,visitors,0,,vend-scraper-v2/bilinfo_weekly
2024-04-29,weekly,DK,bilinfo.dk,mobility_cars,,,avg_days_to_sell,44,days,0,,vend-scraper-v2/bilinfo_weekly
2024-04-29,weekly,DK,bilinfo.dk,mobility_cars,,,supply_cars,59100,listings,0,,vend-scraper-v2/bilinfo_weekly
2024-04-29,weekly,DK,bilinfo.dk,mobility_cars,,,visits,832000,visitors,0,,vend-scraper-v2/bilinfo_weekly
2024-05-13,weekly,DK,bilinfo.dk,mobility_cars,,,avg_days_to_sell,44,days,0,,vend-scraper-v2/bilinfo_weekly
2024-05-13,weekly,DK,bilinfo.dk,mobility_cars,,,supply_cars,59300,listings,0,,vend-scraper-v2/bilinfo_weekly
2024-05-13,weekly,DK,bilinfo.dk,mobility_cars,,,visits,769000,visitors,0,,vend-scraper-v2/bilinfo_weekly
2024-05-20,weekly,DK,bilinfo.dk,mobility_cars,,,avg_days_to_sell,44,days,0,,vend-scraper-v2/bilinfo_weekly
2024-05-20,weekly,DK,bilinfo.dk,mobility_cars,,,supply_cars,59400,listings,0,,vend-scraper-v2/bilinfo_weekly
2024-05-20,weekly,DK,bilinfo.dk,mobility_cars,,,visits,744000,visitors,0,,vend-scraper-v2/bilinfo_weekly
2024-05-27,weekly,DK,bilinfo.dk,mobility_cars,,,avg_days_to_sell,44,days,0,,vend-scraper-v2/bilinfo_weekly
2024-05-27,weekly,DK,bilinfo.dk,mobility_cars,,,supply_cars,59400,listings,0,,vend-scraper-v2/bilinfo_weekly
2024-05-27,weekly,DK,bilinfo.dk,mobility_cars,,,visits,721000,visitors,0,,vend-scraper-v2/bilinfo_weekly
2024-06-03,weekly,DK,bilinfo.dk,mobility_cars,,,avg_days_to_sell,44,days,0,,vend-scraper-v2/bilinfo_weekly
2024-06-03,weekly,DK,bilinfo.dk,mobility_cars,,,supply_cars,59800,listings,0,,vend-scraper-v2/bilinfo_weekly
2024-06-03,weekly,DK,bilinfo.dk,mobility_cars,,,visits,752000,visitors,0,,vend-scraper-v2/bilinfo_weekly
2024-06-10,weekly,DK,bilinfo.dk,mobility_cars,,,avg_days_to_sell,43,days,0,,vend-scraper-v2/bilinfo_weekly
2024-06-10,weekly,DK,bilinfo.dk,mobility_cars,,,supply_cars,60000,listings,0,,vend-scraper-v2/bilinfo_weekly
2024-06-10,weekly,DK,bilinfo.dk,mobility_cars,,,visits,721000,visitors,0,,vend-scraper-v2/bilinfo_weekly
2024-06-17,weekly,DK,bilinfo.dk,mobility_cars,,,avg_days_to_sell,43,days,0,,vend-scraper-v2/bilinfo_weekly
2024-06-17,weekly,DK,bilinfo.dk,mobility_cars,,,supply_cars,60000,listings,0,,vend-scraper-v2/bilinfo_weekly
2024-06-17,weekly,DK,bilinfo.dk,mobility_cars,,,visits,702000,visitors,0,,vend-scraper-v2/bilinfo_weekly
2024-06-24,weekly,DK,bilinfo.dk,mobility_cars,,,avg_days_to_sell,43,days,0,,vend-scraper-v2/bilinfo_weekly
2024-06-24,weekly,DK,bilinfo.dk,mobility_cars,,,supply_cars,59700,listings,0,,vend-scraper-v2/bilinfo_weekly
2024-06-24,weekly,DK,bilinfo.dk,mobility_cars,,,visits,688000,visitors,0,,vend-scraper-v2/bilinfo_weekly
2024-07-01,weekly,DK,bilinfo.dk,mobility_cars,,,avg_days_to_sell,43,days,0,,vend-scraper-v2/bilinfo_weekly
2024-07-01,weekly,DK,bilinfo.dk,mobility_cars,,,supply_cars,59200,listings,0,,vend-scraper-v2/bilinfo_weekly
2024-07-01,weekly,DK,bilinfo.dk,mobility_cars,,,visits,681000,visitors,0,,vend-scraper-v2/bilinfo_weekly
2024-07-15,weekly,DK,bilinfo.dk,mobility_cars,,,avg_days_to_sell,44,days,0,,vend-scraper-v2/bilinfo_weekly
2024-07-15,weekly,DK,bilinfo.dk,mobility_cars,,,supply_cars,58400,listings,0,,vend-scraper-v2/bilinfo_weekly
2024-07-15,weekly,DK,bilinfo.dk,mobility_cars,,,visits,668000,visitors,0,,vend-scraper-v2/bilinfo_weekly
2024-07-29,weekly,DK,bilinfo.dk,mobility_cars,,,avg_days_to_sell,44,days,0,,vend-scraper-v2/bilinfo_weekly
2024-07-29,weekly,DK,bilinfo.dk,mobility_cars,,,supply_cars,58500,listings,0,,vend-scraper-v2/bilinfo_weekly
2024-07-29,weekly,DK,bilinfo.dk,mobility_cars,,,visits,657000,visitors,0,,vend-scraper-v2/bilinfo_weekly
2024-08-05,weekly,DK,bilinfo.dk,mobility_cars,,,avg_days_to_sell,44,days,0,,vend-scraper-v2/bilinfo_weekly
2024-08-05,weekly,DK,bilinfo.dk,mobility_cars,,,supply_cars,58600,listings,0,,vend-scraper-v2/bilinfo_weekly
2024-08-05,weekly,DK,bilinfo.dk,mobility_cars,,,visits,703000,visitors,0,,vend-scraper-v2/bilinfo_weekly
2024-08-12,weekly,DK,bilinfo.dk,mobility_cars,,,avg_days_to_sell,44,days,0,,vend-scraper-v2/bilinfo_weekly
2024-08-12,weekly,DK,bilinfo.dk,mobility_cars,,,supply_cars,58700,listings,0,,vend-scraper-v2/bilinfo_weekly
2024-08-12,weekly,DK,bilinfo.dk,mobility_cars,,,visits,688000,visitors,0,,vend-scraper-v2/bilinfo_weekly
2024-08-19,weekly,DK,bilinfo.dk,mobility_cars,,,avg_days_to_sell,44,days,0,,vend-scraper-v2/bilinfo_weekly
2024-08-19,weekly,DK,bilinfo.dk,mobility_cars,,,supply_cars,58900,listings,0,,vend-scraper-v2/bilinfo_weekly
2024-08-19,weekly,DK,bilinfo.dk,mobility_cars,,,visits,502000,visitors,0,,vend-scraper-v2/bilinfo_weekly
2024-08-26,weekly,DK,bilinfo.dk,mobility_cars,,,avg_days_to_sell,44,days,0,,vend-scraper-v2/bilinfo_weekly
2024-08-26,weekly,DK,bilinfo.dk,mobility_cars,,,supply_cars,59000,listings,0,,vend-scraper-v2/bilinfo_weekly
2024-08-26,weekly,DK,bilinfo.dk,mobility_cars,,,visits,499000,visitors,0,,vend-scraper-v2/bilinfo_weekly
2024-09-02,weekly,DK,bilinfo.dk,mobility_cars,,,avg_days_to_sell,44,days,0,,vend-scraper-v2/bilinfo_weekly
2024-09-02,weekly,DK,bilinfo.dk,mobility_cars,,,supply_cars,59200,listings,0,,vend-scraper-v2/bilinfo_weekly
2024-09-02,weekly,DK,bilinfo.dk,mobility_cars,,,visits,481000,visitors,0,,vend-scraper-v2/bilinfo_weekly
2024-09-09,weekly,DK,bilinfo.dk,mobility_cars,,,avg_days_to_sell,44,days,0,,vend-scraper-v2/bilinfo_weekly
2024-09-09,weekly,DK,bilinfo.dk,mobility_cars,,,supply_cars,59400,listings,0,,vend-scraper-v2/bilinfo_weekly
2024-09-09,weekly,DK,bilinfo.dk,mobility_cars,,,visits,499000,visitors,0,,vend-scraper-v2/bilinfo_weekly
2024-09-16,weekly,DK,bilinfo.dk,mobility_cars,,,avg_days_to_sell,43,days,0,,vend-scraper-v2/bilinfo_weekly
2024-09-16,weekly,DK,bilinfo.dk,mobility_cars,,,supply_cars,59400,listings,0,,vend-scraper-v2/bilinfo_weekly
2024-09-16,weekly,DK,bilinfo.dk,mobility_cars,,,visits,485000,visitors,0,,vend-scraper-v2/bilinfo_weekly
2024-09-23,weekly,DK,bilinfo.dk,mobility_cars,,,avg_days_to_sell,43,days,0,,vend-scraper-v2/bilinfo_weekly
2024-09-23,weekly,DK,bilinfo.dk,mobility_cars,,,supply_cars,59600,listings,0,,vend-scraper-v2/bilinfo_weekly
2024-09-23,weekly,DK,bilinfo.dk,mobility_cars,,,visits,492000,visitors,0,,vend-scraper-v2/bilinfo_weekly
2024-09-30,weekly,DK,bilinfo.dk,mobility_cars,,,avg_days_to_sell,43,days,0,,vend-scraper-v2/bilinfo_weekly
2024-09-30,weekly,DK,bilinfo.dk,mobility_cars,,,supply_cars,59600,listings,0,,vend-scraper-v2/bilinfo_weekly
2024-09-30,weekly,DK,bilinfo.dk,mobility_cars,,,visits,478000,visitors,0,,vend-scraper-v2/bilinfo_weekly
2024-10-07,weekly,DK,bilinfo.dk,mobility_cars,,,avg_days_to_sell,43,days,0,,vend-scraper-v2/bilinfo_weekly
2024-10-07,weekly,DK,bilinfo.dk,mobility_cars,,,supply_cars,59600,listings,0,,vend-scraper-v2/bilinfo_weekly
2024-10-07,weekly,DK,bilinfo.dk,mobility_cars,,,visits,485000,visitors,0,,vend-scraper-v2/bilinfo_weekly
2024-10-14,weekly,DK,bilinfo.dk,mobility_cars,,,avg_days_to_sell,43,days,0,,vend-scraper-v2/bilinfo_weekly
2024-10-14,weekly,DK,bilinfo.dk,mobility_cars,,,supply_cars,59300,listings,0,,vend-scraper-v2/bilinfo_weekly
2024-10-14,weekly,DK,bilinfo.dk,mobility_cars,,,visits,485000,visitors,0,,vend-scraper-v2/bilinfo_weekly
2024-10-21,weekly,DK,bilinfo.dk,mobility_cars,,,avg_days_to_sell,43,days,0,,vend-scraper-v2/bilinfo_weekly
2024-10-21,weekly,DK,bilinfo.dk,mobility_cars,,,supply_cars,59000,listings,0,,vend-scraper-v2/bilinfo_weekly
2024-10-21,weekly,DK,bilinfo.dk,mobility_cars,,,visits,481000,visitors,0,,vend-scraper-v2/bilinfo_weekly
2024-10-28,weekly,DK,bilinfo.dk,mobility_cars,,,avg_days_to_sell,43,days,0,,vend-scraper-v2/bilinfo_weekly
2024-10-28,weekly,DK,bilinfo.dk,mobility_cars,,,supply_cars,58600,listings,0,,vend-scraper-v2/bilinfo_weekly
2024-10-28,weekly,DK,bilinfo.dk,mobility_cars,,,visits,456000,visitors,0,,vend-scraper-v2/bilinfo_weekly
2024-11-04,weekly,DK,bilinfo.dk,mobility_cars,,,avg_days_to_sell,43,days,0,,vend-scraper-v2/bilinfo_weekly
2024-11-04,weekly,DK,bilinfo.dk,mobility_cars,,,supply_cars,58300,listings,0,,vend-scraper-v2/bilinfo_weekly
2024-11-04,weekly,DK,bilinfo.dk,mobility_cars,,,visits,465000,visitors,0,,vend-scraper-v2/bilinfo_weekly
2024-11-11,weekly,DK,bilinfo.dk,mobility_cars,,,avg_days_to_sell,43,days,0,,vend-scraper-v2/bilinfo_weekly
2024-11-11,weekly,DK,bilinfo.dk,mobility_cars,,,supply_cars,58000,listings,0,,vend-scraper-v2/bilinfo_weekly
2024-11-11,weekly,DK,bilinfo.dk,mobility_cars,,,visits,461000,visitors,0,,vend-scraper-v2/bilinfo_weekly
2024-11-18,weekly,DK,bilinfo.dk,mobility_cars,,,avg_days_to_sell,43,days,0,,vend-scraper-v2/bilinfo_weekly
2024-11-18,weekly,DK,bilinfo.dk,mobility_cars,,,supply_cars,58000,listings,0,,vend-scraper-v2/bilinfo_weekly
2024-11-18,weekly,DK,bilinfo.dk,mobility_cars,,,visits,431000,visitors,0,,vend-scraper-v2/bilinfo_weekly
2024-11-25,weekly,DK,bilinfo.dk,mobility_cars,,,avg_days_to_sell,43,days,0,,vend-scraper-v2/bilinfo_weekly
2024-11-25,weekly,DK,bilinfo.dk,mobility_cars,,,supply_cars,58200,listings,0,,vend-scraper-v2/bilinfo_weekly
2024-11-25,weekly,DK,bilinfo.dk,mobility_cars,,,visits,429000,visitors,0,,vend-scraper-v2/bilinfo_weekly
2024-12-02,weekly,DK,bilinfo.dk,mobility_cars,,,avg_days_to_sell,43,days,0,,vend-scraper-v2/bilinfo_weekly
2024-12-02,weekly,DK,bilinfo.dk,mobility_cars,,,supply_cars,58200,listings,0,,vend-scraper-v2/bilinfo_weekly
2024-12-02,weekly,DK,bilinfo.dk,mobility_cars,,,visits,435000,visitors,0,,vend-scraper-v2/bilinfo_weekly
2024-12-09,weekly,DK,bilinfo.dk,mobility_cars,,,avg_days_to_sell,43,days,0,,vend-scraper-v2/bilinfo_weekly
2024-12-09,weekly,DK,bilinfo.dk,mobility_cars,,,supply_cars,58400,listings,0,,vend-scraper-v2/bilinfo_weekly
2024-12-09,weekly,DK,bilinfo.dk,mobility_cars,,,visits,452000,visitors,0,,vend-scraper-v2/bilinfo_weekly
2025-01-06,weekly,DK,bilinfo.dk,mobility_cars,,,avg_days_to_sell,43,days,0,,vend-scraper-v2/bilinfo_weekly
2025-01-06,weekly,DK,bilinfo.dk,mobility_cars,,,supply_cars,57400,listings,0,,vend-scraper-v2/bilinfo_weekly
2025-01-06,weekly,DK,bilinfo.dk,mobility_cars,,,visits,502000,visitors,0,,vend-scraper-v2/bilinfo_weekly
2025-01-13,weekly,DK,bilinfo.dk,mobility_cars,,,avg_days_to_sell,43,days,0,,vend-scraper-v2/bilinfo_weekly
2025-01-13,weekly,DK,bilinfo.dk,mobility_cars,,,supply_cars,57200,listings,0,,vend-scraper-v2/bilinfo_weekly
2025-01-13,weekly,DK,bilinfo.dk,mobility_cars,,,visits,495000,visitors,0,,vend-scraper-v2/bilinfo_weekly
2025-01-20,weekly,DK,bilinfo.dk,mobility_cars,,,avg_days_to_sell,43,days,0,,vend-scraper-v2/bilinfo_weekly
2025-01-20,weekly,DK,bilinfo.dk,mobility_cars,,,supply_cars,57000,listings,0,,vend-scraper-v2/bilinfo_weekly
2025-01-20,weekly,DK,bilinfo.dk,mobility_cars,,,visits,497000,visitors,0,,vend-scraper-v2/bilinfo_weekly
2025-01-27,weekly,DK,bilinfo.dk,mobility_cars,,,avg_days_to_sell,43,days,0,,vend-scraper-v2/bilinfo_weekly
2025-01-27,weekly,DK,bilinfo.dk,mobility_cars,,,supply_cars,56600,listings,0,,vend-scraper-v2/bilinfo_weekly
2025-01-27,weekly,DK,bilinfo.dk,mobility_cars,,,visits,491000,visitors,0,,vend-scraper-v2/bilinfo_weekly
2025-02-03,weekly,DK,bilinfo.dk,mobility_cars,,,avg_days_to_sell,43,days,0,,vend-scraper-v2/bilinfo_weekly
2025-02-03,weekly,DK,bilinfo.dk,mobility_cars,,,supply_cars,56200,listings,0,,vend-scraper-v2/bilinfo_weekly
2025-02-03,weekly,DK,bilinfo.dk,mobility_cars,,,visits,485000,visitors,0,,vend-scraper-v2/bilinfo_weekly
2025-02-10,weekly,DK,bilinfo.dk,mobility_cars,,,avg_days_to_sell,42,days,0,,vend-scraper-v2/bilinfo_weekly
2025-02-10,weekly,DK,bilinfo.dk,mobility_cars,,,supply_cars,55200,listings,0,,vend-scraper-v2/bilinfo_weekly
2025-02-10,weekly,DK,bilinfo.dk,mobility_cars,,,visits,491000,visitors,0,,vend-scraper-v2/bilinfo_weekly
2025-02-17,weekly,DK,bilinfo.dk,mobility_cars,,,avg_days_to_sell,42,days,0,,vend-scraper-v2/bilinfo_weekly
2025-02-17,weekly,DK,bilinfo.dk,mobility_cars,,,supply_cars,55200,listings,0,,vend-scraper-v2/bilinfo_weekly
2025-02-17,weekly,DK,bilinfo.dk,mobility_cars,,,visits,482000,visitors,0,,vend-scraper-v2/bilinfo_weekly
2025-02-24,weekly,DK,bilinfo.dk,mobility_cars,,,avg_days_to_sell,42,days,0,,vend-scraper-v2/bilinfo_weekly
2025-02-24,weekly,DK,bilinfo.dk,mobility_cars,,,supply_cars,55900,listings,0,,vend-scraper-v2/bilinfo_weekly
2025-02-24,weekly,DK,bilinfo.dk,mobility_cars,,,visits,477000,visitors,0,,vend-scraper-v2/bilinfo_weekly
2025-03-03,weekly,DK,bilinfo.dk,mobility_cars,,,avg_days_to_sell,42,days,0,,vend-scraper-v2/bilinfo_weekly
2025-03-03,weekly,DK,bilinfo.dk,mobility_cars,,,supply_cars,56200,listings,0,,vend-scraper-v2/bilinfo_weekly
2025-03-03,weekly,DK,bilinfo.dk,mobility_cars,,,visits,488000,visitors,0,,vend-scraper-v2/bilinfo_weekly
2025-03-10,weekly,DK,bilinfo.dk,mobility_cars,,,avg_days_to_sell,42,days,0,,vend-scraper-v2/bilinfo_weekly
2025-03-10,weekly,DK,bilinfo.dk,mobility_cars,,,supply_cars,57200,listings,0,,vend-scraper-v2/bilinfo_weekly
2025-03-10,weekly,DK,bilinfo.dk,mobility_cars,,,visits,505000,visitors,0,,vend-scraper-v2/bilinfo_weekly
2025-03-17,weekly,DK,bilinfo.dk,mobility_cars,,,avg_days_to_sell,42,days,0,,vend-scraper-v2/bilinfo_weekly
2025-03-17,weekly,DK,bilinfo.dk,mobility_cars,,,supply_cars,57500,listings,0,,vend-scraper-v2/bilinfo_weekly
2025-03-17,weekly,DK,bilinfo.dk,mobility_cars,,,visits,521000,visitors,0,,vend-scraper-v2/bilinfo_weekly
2025-03-24,weekly,DK,bilinfo.dk,mobility_cars,,,avg_days_to_sell,42,days,0,,vend-scraper-v2/bilinfo_weekly
2025-03-24,weekly,DK,bilinfo.dk,mobility_cars,,,supply_cars,58100,listings,0,,vend-scraper-v2/bilinfo_weekly
2025-03-24,weekly,DK,bilinfo.dk,mobility_cars,,,visits,509000,visitors,0,,vend-scraper-v2/bilinfo_weekly
2025-03-31,weekly,DK,bilinfo.dk,mobility_cars,,,avg_days_to_sell,42,days,0,,vend-scraper-v2/bilinfo_weekly
2025-03-31,weekly,DK,bilinfo.dk,mobility_cars,,,supply_cars,58200,listings,0,,vend-scraper-v2/bilinfo_weekly
2025-03-31,weekly,DK,bilinfo.dk,mobility_cars,,,visits,478000,visitors,0,,vend-scraper-v2/bilinfo_weekly
2025-04-14,weekly,DK,bilinfo.dk,mobility_cars,,,avg_days_to_sell,42,days,0,,vend-scraper-v2/bilinfo_weekly
2025-04-14,weekly,DK,bilinfo.dk,mobility_cars,,,supply_cars,58200,listings,0,,vend-scraper-v2/bilinfo_weekly
2025-04-14,weekly,DK,bilinfo.dk,mobility_cars,,,visits,476000,visitors,0,,vend-scraper-v2/bilinfo_weekly
2025-04-21,weekly,DK,bilinfo.dk,mobility_cars,,,avg_days_to_sell,42,days,0,,vend-scraper-v2/bilinfo_weekly
2025-04-21,weekly,DK,bilinfo.dk,mobility_cars,,,supply_cars,58000,listings,0,,vend-scraper-v2/bilinfo_weekly
2025-04-21,weekly,DK,bilinfo.dk,mobility_cars,,,visits,478000,visitors,0,,vend-scraper-v2/bilinfo_weekly
2025-04-28,weekly,DK,bilinfo.dk,mobility_cars,,,avg_days_to_sell,42,days,0,,vend-scraper-v2/bilinfo_weekly
2025-04-28,weekly,DK,bilinfo.dk,mobility_cars,,,supply_cars,57800,listings,0,,vend-scraper-v2/bilinfo_weekly
2025-04-28,weekly,DK,bilinfo.dk,mobility_cars,,,visits,469000,visitors,0,,vend-scraper-v2/bilinfo_weekly
2025-05-05,weekly,DK,bilinfo.dk,mobility_cars,,,avg_days_to_sell,42,days,0,,vend-scraper-v2/bilinfo_weekly
2025-05-05,weekly,DK,bilinfo.dk,mobility_cars,,,supply_cars,57200,listings,0,,vend-scraper-v2/bilinfo_weekly
2025-05-05,weekly,DK,bilinfo.dk,mobility_cars,,,visits,475000,visitors,0,,vend-scraper-v2/bilinfo_weekly
2025-05-12,weekly,DK,bilinfo.dk,mobility_cars,,,avg_days_to_sell,42,days,0,,vend-scraper-v2/bilinfo_weekly
2025-05-12,weekly,DK,bilinfo.dk,mobility_cars,,,supply_cars,57000,listings,0,,vend-scraper-v2/bilinfo_weekly
2025-05-12,weekly,DK,bilinfo.dk,mobility_cars,,,visits,479000,visitors,0,,vend-scraper-v2/bilinfo_weekly
2025-05-19,weekly,DK,bilinfo.dk,mobility_cars,,,avg_days_to_sell,42,days,0,,vend-scraper-v2/bilinfo_weekly
2025-05-19,weekly,DK,bilinfo.dk,mobility_cars,,,supply_cars,57000,listings,0,,vend-scraper-v2/bilinfo_weekly
2025-05-19,weekly,DK,bilinfo.dk,mobility_cars,,,visits,482000,visitors,0,,vend-scraper-v2/bilinfo_weekly
2025-05-26,weekly,DK,bilinfo.dk,mobility_cars,,,avg_days_to_sell,42,days,0,,vend-scraper-v2/bilinfo_weekly
2025-05-26,weekly,DK,bilinfo.dk,mobility_cars,,,supply_cars,56400,listings,0,,vend-scraper-v2/bilinfo_weekly
2025-05-26,weekly,DK,bilinfo.dk,mobility_cars,,,visits,475000,visitors,0,,vend-scraper-v2/bilinfo_weekly
2025-06-02,weekly,DK,bilinfo.dk,mobility_cars,,,avg_days_to_sell,42,days,0,,vend-scraper-v2/bilinfo_weekly
2025-06-02,weekly,DK,bilinfo.dk,mobility_cars,,,supply_cars,55800,listings,0,,vend-scraper-v2/bilinfo_weekly
2025-06-02,weekly,DK,bilinfo.dk,mobility_cars,,,visits,461000,visitors,0,,vend-scraper-v2/bilinfo_weekly
2025-06-09,weekly,DK,bilinfo.dk,mobility_cars,,,avg_days_to_sell,42,days,0,,vend-scraper-v2/bilinfo_weekly
2025-06-09,weekly,DK,bilinfo.dk,mobility_cars,,,supply_cars,55300,listings,0,,vend-scraper-v2/bilinfo_weekly
2025-06-09,weekly,DK,bilinfo.dk,mobility_cars,,,visits,439000,visitors,0,,vend-scraper-v2/bilinfo_weekly
2025-06-16,weekly,DK,bilinfo.dk,mobility_cars,,,avg_days_to_sell,42,days,0,,vend-scraper-v2/bilinfo_weekly
2025-06-16,weekly,DK,bilinfo.dk,mobility_cars,,,supply_cars,55800,listings,0,,vend-scraper-v2/bilinfo_weekly
2025-06-16,weekly,DK,bilinfo.dk,mobility_cars,,,visits,437000,visitors,0,,vend-scraper-v2/bilinfo_weekly
2025-06-23,weekly,DK,bilinfo.dk,mobility_cars,,,avg_days_to_sell,42,days,0,,vend-scraper-v2/bilinfo_weekly
2025-06-23,weekly,DK,bilinfo.dk,mobility_cars,,,supply_cars,55800,listings,0,,vend-scraper-v2/bilinfo_weekly
2025-06-23,weekly,DK,bilinfo.dk,mobility_cars,,,visits,441000,visitors,0,,vend-scraper-v2/bilinfo_weekly
2025-08-11,weekly,DK,bilinfo.dk,mobility_cars,,,avg_days_to_sell,42,days,0,,vend-scraper-v2/bilinfo_weekly
2025-08-11,weekly,DK,bilinfo.dk,mobility_cars,,,supply_cars,53500,listings,0,,vend-scraper-v2/bilinfo_weekly
2025-08-11,weekly,DK,bilinfo.dk,mobility_cars,,,visits,465000,visitors,0,,vend-scraper-v2/bilinfo_weekly
2025-08-18,weekly,DK,bilinfo.dk,mobility_cars,,,avg_days_to_sell,41,days,0,,vend-scraper-v2/bilinfo_weekly
2025-08-18,weekly,DK,bilinfo.dk,mobility_cars,,,supply_cars,53500,listings,0,,vend-scraper-v2/bilinfo_weekly
2025-08-18,weekly,DK,bilinfo.dk,mobility_cars,,,visits,477000,visitors,0,,vend-scraper-v2/bilinfo_weekly
2025-08-25,weekly,DK,bilinfo.dk,mobility_cars,,,avg_days_to_sell,41,days,0,,vend-scraper-v2/bilinfo_weekly
2025-08-25,weekly,DK,bilinfo.dk,mobility_cars,,,supply_cars,53500,listings,0,,vend-scraper-v2/bilinfo_weekly
2025-08-25,weekly,DK,bilinfo.dk,mobility_cars,,,visits,451000,visitors,0,,vend-scraper-v2/bilinfo_weekly
2025-09-01,weekly,DK,bilinfo.dk,mobility_cars,,,avg_days_to_sell,41,days,0,,vend-scraper-v2/bilinfo_weekly
2025-09-01,weekly,DK,bilinfo.dk,mobility_cars,,,supply_cars,53800,listings,0,,vend-scraper-v2/bilinfo_weekly
2025-09-01,weekly,DK,bilinfo.dk,mobility_cars,,,visits,462000,visitors,0,,vend-scraper-v2/bilinfo_weekly
2025-09-08,weekly,DK,bilinfo.dk,mobility_cars,,,avg_days_to_sell,41,days,0,,vend-scraper-v2/bilinfo_weekly
2025-09-08,weekly,DK,bilinfo.dk,mobility_cars,,,supply_cars,53000,listings,0,,vend-scraper-v2/bilinfo_weekly
2025-09-08,weekly,DK,bilinfo.dk,mobility_cars,,,visits,455000,visitors,0,,vend-scraper-v2/bilinfo_weekly
2025-09-15,weekly,DK,bilinfo.dk,mobility_cars,,,avg_days_to_sell,41,days,0,,vend-scraper-v2/bilinfo_weekly
2025-09-15,weekly,DK,bilinfo.dk,mobility_cars,,,supply_cars,54100,listings,0,,vend-scraper-v2/bilinfo_weekly
2025-09-15,weekly,DK,bilinfo.dk,mobility_cars,,,visits,442000,visitors,0,,vend-scraper-v2/bilinfo_weekly
2025-09-22,weekly,DK,bilinfo.dk,mobility_cars,,,avg_days_to_sell,41,days,0,,vend-scraper-v2/bilinfo_weekly
2025-09-22,weekly,DK,bilinfo.dk,mobility_cars,,,supply_cars,53800,listings,0,,vend-scraper-v2/bilinfo_weekly
2025-09-22,weekly,DK,bilinfo.dk,mobility_cars,,,visits,435000,visitors,0,,vend-scraper-v2/bilinfo_weekly
2025-09-29,weekly,DK,bilinfo.dk,mobility_cars,,,avg_days_to_sell,41,days,0,,vend-scraper-v2/bilinfo_weekly
2025-09-29,weekly,DK,bilinfo.dk,mobility_cars,,,supply_cars,54100,listings,0,,vend-scraper-v2/bilinfo_weekly
2025-09-29,weekly,DK,bilinfo.dk,mobility_cars,,,visits,412000,visitors,0,,vend-scraper-v2/bilinfo_weekly
2025-10-06,weekly,DK,bilinfo.dk,mobility_cars,,,avg_days_to_sell,41,days,0,,vend-scraper-v2/bilinfo_weekly
2025-10-06,weekly,DK,bilinfo.dk,mobility_cars,,,supply_cars,54300,listings,0,,vend-scraper-v2/bilinfo_weekly
2025-10-06,weekly,DK,bilinfo.dk,mobility_cars,,,visits,415000,visitors,0,,vend-scraper-v2/bilinfo_weekly
2025-10-13,weekly,DK,bilinfo.dk,mobility_cars,,,avg_days_to_sell,41,days,0,,vend-scraper-v2/bilinfo_weekly
2025-10-13,weekly,DK,bilinfo.dk,mobility_cars,,,supply_cars,54300,listings,0,,vend-scraper-v2/bilinfo_weekly
2025-10-13,weekly,DK,bilinfo.dk,mobility_cars,,,visits,402000,visitors,0,,vend-scraper-v2/bilinfo_weekly
2025-10-20,weekly,DK,bilinfo.dk,mobility_cars,,,avg_days_to_sell,41,days,0,,vend-scraper-v2/bilinfo_weekly
2025-10-20,weekly,DK,bilinfo.dk,mobility_cars,,,supply_cars,53800,listings,0,,vend-scraper-v2/bilinfo_weekly
2025-10-20,weekly,DK,bilinfo.dk,mobility_cars,,,visits,415000,visitors,0,,vend-scraper-v2/bilinfo_weekly
2025-10-27,weekly,DK,bilinfo.dk,mobility_cars,,,avg_days_to_sell,41,days,0,,vend-scraper-v2/bilinfo_weekly
2025-10-27,weekly,DK,bilinfo.dk,mobility_cars,,,supply_cars,53500,listings,0,,vend-scraper-v2/bilinfo_weekly
2025-10-27,weekly,DK,bilinfo.dk,mobility_cars,,,visits,415000,visitors,0,,vend-scraper-v2/bilinfo_weekly
2025-11-03,weekly,DK,bilinfo.dk,mobility_cars,,,avg_days_to_sell,41,days,0,,vend-scraper-v2/bilinfo_weekly
2025-11-03,weekly,DK,bilinfo.dk,mobility_cars,,,supply_cars,54100,listings,0,,vend-scraper-v2/bilinfo_weekly
2025-11-03,weekly,DK,bilinfo.dk,mobility_cars,,,visits,417000,visitors,0,,vend-scraper-v2/bilinfo_weekly
2025-11-10,weekly,DK,bilinfo.dk,mobility_cars,,,avg_days_to_sell,41,days,0,,vend-scraper-v2/bilinfo_weekly
2025-11-10,weekly,DK,bilinfo.dk,mobility_cars,,,supply_cars,54400,listings,0,,vend-scraper-v2/bilinfo_weekly
2025-11-10,weekly,DK,bilinfo.dk,mobility_cars,,,visits,415000,visitors,0,,vend-scraper-v2/bilinfo_weekly
2025-11-17,weekly,DK,bilinfo.dk,mobility_cars,,,avg_days_to_sell,41,days,0,,vend-scraper-v2/bilinfo_weekly
2025-11-17,weekly,DK,bilinfo.dk,mobility_cars,,,supply_cars,54900,listings,0,,vend-scraper-v2/bilinfo_weekly
2025-11-17,weekly,DK,bilinfo.dk,mobility_cars,,,visits,408000,visitors,0,,vend-scraper-v2/bilinfo_weekly
2025-11-24,weekly,DK,bilinfo.dk,mobility_cars,,,avg_days_to_sell,41,days,0,,vend-scraper-v2/bilinfo_weekly
2025-11-24,weekly,DK,bilinfo.dk,mobility_cars,,,supply_cars,55400,listings,0,,vend-scraper-v2/bilinfo_weekly
2025-11-24,weekly,DK,bilinfo.dk,mobility_cars,,,visits,412000,visitors,0,,vend-scraper-v2/bilinfo_weekly
2025-12-01,weekly,DK,bilinfo.dk,mobility_cars,,,avg_days_to_sell,41,days,0,,vend-scraper-v2/bilinfo_weekly
2025-12-01,weekly,DK,bilinfo.dk,mobility_cars,,,supply_cars,55800,listings,0,,vend-scraper-v2/bilinfo_weekly
2025-12-01,weekly,DK,bilinfo.dk,mobility_cars,,,visits,409000,visitors,0,,vend-scraper-v2/bilinfo_weekly
2025-12-08,weekly,DK,bilinfo.dk,mobility_cars,,,avg_days_to_sell,41,days,0,,vend-scraper-v2/bilinfo_weekly
2025-12-08,weekly,DK,bilinfo.dk,mobility_cars,,,supply_cars,56200,listings,0,,vend-scraper-v2/bilinfo_weekly
2025-12-08,weekly,DK,bilinfo.dk,mobility_cars,,,visits,399000,visitors,0,,vend-scraper-v2/bilinfo_weekly
2025-12-15,weekly,DK,bilinfo.dk,mobility_cars,,,avg_days_to_sell,42,days,0,,vend-scraper-v2/bilinfo_weekly
2025-12-15,weekly,DK,bilinfo.dk,mobility_cars,,,supply_cars,56600,listings,0,,vend-scraper-v2/bilinfo_weekly
2025-12-15,weekly,DK,bilinfo.dk,mobility_cars,,,visits,401000,visitors,0,,vend-scraper-v2/bilinfo_weekly
2025-12-29,weekly,DK,bilinfo.dk,mobility_cars,,,avg_days_to_sell,42,days,0,,vend-scraper-v2/bilinfo_weekly
2025-12-29,weekly,DK,bilinfo.dk,mobility_cars,,,supply_cars,54600,listings,0,,vend-scraper-v2/bilinfo_weekly
2025-12-29,weekly,DK,bilinfo.dk,mobility_cars,,,visits,405000,visitors,0,,vend-scraper-v2/bilinfo_weekly
2026-01-05,weekly,DK,bilinfo.dk,mobility_cars,,,avg_days_to_sell,43,days,0,,vend-scraper-v2/bilinfo_weekly
2026-01-05,weekly,DK,bilinfo.dk,mobility_cars,,,supply_cars,54000,listings,0,,vend-scraper-v2/bilinfo_weekly
2026-01-05,weekly,DK,bilinfo.dk,mobility_cars,,,visits,408000,visitors,0,,vend-scraper-v2/bilinfo_weekly
2026-01-12,weekly,DK,bilinfo.dk,mobility_cars,,,avg_days_to_sell,43,days,0,,vend-scraper-v2/bilinfo_weekly
2026-01-12,weekly,DK,bilinfo.dk,mobility_cars,,,supply_cars,54200,listings,0,,vend-scraper-v2/bilinfo_weekly
2026-01-12,weekly,DK,bilinfo.dk,mobility_cars,,,visits,411000,visitors,0,,vend-scraper-v2/bilinfo_weekly
2026-01-19,weekly,DK,bilinfo.dk,mobility_cars,,,avg_days_to_sell,43,days,0,,vend-scraper-v2/bilinfo_weekly
2026-01-19,weekly,DK,bilinfo.dk,mobility_cars,,,supply_cars,53800,listings,0,,vend-scraper-v2/bilinfo_weekly
2026-01-19,weekly,DK,bilinfo.dk,mobility_cars,,,visits,417000,visitors,0,,vend-scraper-v2/bilinfo_weekly
2026-01-26,weekly,DK,bilinfo.dk,mobility_cars,,,avg_days_to_sell,43,days,0,,vend-scraper-v2/bilinfo_weekly
2026-01-26,weekly,DK,bilinfo.dk,mobility_cars,,,supply_cars,53200,listings,0,,vend-scraper-v2/bilinfo_weekly
2026-01-26,weekly,DK,bilinfo.dk,mobility_cars,,,visits,416000,visitors,0,,vend-scraper-v2/bilinfo_weekly
2026-02-02,weekly,DK,bilinfo.dk,mobility_cars,,,avg_days_to_sell,43,days,0,,vend-scraper-v2/bilinfo_weekly
2026-02-02,weekly,DK,bilinfo.dk,mobility_cars,,,supply_cars,53000,listings,0,,vend-scraper-v2/bilinfo_weekly
2026-02-02,weekly,DK,bilinfo.dk,mobility_cars,,,visits,414000,visitors,0,,vend-scraper-v2/bilinfo_weekly
2026-02-09,weekly,DK,bilinfo.dk,mobility_cars,,,avg_days_to_sell,43,days,0,,vend-scraper-v2/bilinfo_weekly
2026-02-09,weekly,DK,bilinfo.dk,mobility_cars,,,supply_cars,52800,listings,0,,vend-scraper-v2/bilinfo_weekly
2026-02-09,weekly,DK,bilinfo.dk,mobility_cars,,,visits,410000,visitors,0,,vend-scraper-v2/bilinfo_weekly
2026-02-16,weekly,DK,bilinfo.dk,mobility_cars,,,avg_days_to_sell,43,days,0,,vend-scraper-v2/bilinfo_weekly
2026-02-16,weekly,DK,bilinfo.dk,mobility_cars,,,supply_cars,53000,listings,0,,vend-scraper-v2/bilinfo_weekly
2026-02-16,weekly,DK,bilinfo.dk,mobility_cars,,,visits,417000,visitors,0,,vend-scraper-v2/bilinfo_weekly
2026-02-23,weekly,DK,bilinfo.dk,mobility_cars,,,avg_days_to_sell,43,days,0,,vend-scraper-v2/bilinfo_weekly
2026-02-23,weekly,DK,bilinfo.dk,mobility_cars,,,supply_cars,52400,listings,0,,vend-scraper-v2/bilinfo_weekly
2026-02-23,weekly,DK,bilinfo.dk,mobility_cars,,,visits,421000,visitors,0,,vend-scraper-v2/bilinfo_weekly
2026-03-02,weekly,DK,bilinfo.dk,mobility_cars,,,avg_days_to_sell,43,days,0,,vend-scraper-v2/bilinfo_weekly
2026-03-02,weekly,DK,bilinfo.dk,mobility_cars,,,supply_cars,51800,listings,0,,vend-scraper-v2/bilinfo_weekly
2026-03-02,weekly,DK,bilinfo.dk,mobility_cars,,,visits,425000,visitors,0,,vend-scraper-v2/bilinfo_weekly
2026-03-09,weekly,DK,bilinfo.dk,mobility_cars,,,avg_days_to_sell,43,days,0,,vend-scraper-v2/bilinfo_weekly
2026-03-09,weekly,DK,bilinfo.dk,mobility_cars,,,supply_cars,51200,listings,0,,vend-scraper-v2/bilinfo_weekly
2026-03-09,weekly,DK,bilinfo.dk,mobility_cars,,,visits,422000,visitors,0,,vend-scraper-v2/bilinfo_weekly
2026-03-13,daily,DK,bilbasen.dk,mobility_cars,dealer,,listings,48931.6,listings,0,,vend-scraper-v2/daily_filtered
2026-03-13,daily,DK,bilbasen.dk,mobility_cars,private,,listings,2698.6,listings,0,,vend-scraper-v2/daily_filtered
2026-03-13,daily,SE,blocket.se,mobility_cars,dealer,,listings,122851.6,listings,0,,vend-scraper-v2/daily_filtered
2026-03-13,daily,SE,blocket.se,mobility_cars,dealer,,new_listings,5992,listings,0,,vend-scraper-v2/daily_filtered
2026-03-13,daily,SE,blocket.se,mobility_cars,private,,listings,15034.2,listings,0,,vend-scraper-v2/daily_filtered
2026-03-13,daily,SE,blocket.se,mobility_cars,private,,new_listings,859.8,listings,0,,vend-scraper-v2/daily_filtered
2026-03-13,daily,NO,finn.no,jobs_listings,,,listings,21162,listings,0,,vend-scraper-v2/daily_filtered
2026-03-13,daily,NO,finn.no,jobs_listings,,,new_listings,1194.3333,listings,0,,vend-scraper-v2/daily_filtered
2026-03-13,daily,NO,finn.no,jobs_positions,,,listings,52293.3333,listings,0,,vend-scraper-v2/daily_filtered
2026-03-13,daily,NO,finn.no,jobs_positions,,,new_listings,2387.6667,listings,0,,vend-scraper-v2/daily_filtered
2026-03-13,daily,NO,finn.no,mobility_cars,dealer,,listings,57211.5,listings,0,,vend-scraper-v2/daily_filtered
2026-03-13,daily,NO,finn.no,mobility_cars,dealer,,new_listings,1992.25,listings,0,,vend-scraper-v2/daily_filtered
2026-03-13,daily,NO,finn.no,mobility_cars,private,,listings,12443,listings,0,,vend-scraper-v2/daily_filtered
2026-03-13,daily,NO,finn.no,mobility_cars,private,,new_listings,629,listings,0,,vend-scraper-v2/daily_filtered
2026-03-13,daily,NO,finn.no,real_estate_homes,,,listings,17120,listings,0,,vend-scraper-v2/daily_filtered
2026-03-13,daily,NO,finn.no,real_estate_homes,,,new_listings,717.25,listings,0,,vend-scraper-v2/daily_filtered
2026-03-14,daily,DK,bilbasen.dk,mobility_cars,dealer,,listings,48824,listings,0,,vend-scraper-v2/daily_filtered
2026-03-14,daily,DK,bilbasen.dk,mobility_cars,private,,listings,2717,listings,0,,vend-scraper-v2/daily_filtered
2026-03-14,daily,SE,blocket.se,mobility_cars,dealer,,listings,122117,listings,0,,vend-scraper-v2/daily_filtered
2026-03-14,daily,SE,blocket.se,mobility_cars,dealer,,new_listings,2972,listings,0,,vend-scraper-v2/daily_filtered
2026-03-14,daily,SE,blocket.se,mobility_cars,private,,listings,15062,listings,0,,vend-scraper-v2/daily_filtered
2026-03-14,daily,SE,blocket.se,mobility_cars,private,,new_listings,953,listings,0,,vend-scraper-v2/daily_filtered
2026-03-14,daily,NO,finn.no,jobs_listings,,,listings,20787,listings,0,,vend-scraper-v2/daily_filtered
2026-03-14,daily,NO,finn.no,jobs_listings,,,new_listings,72,listings,0,,vend-scraper-v2/daily_filtered
2026-03-14,daily,NO,finn.no,jobs_positions,,,listings,51106,listings,0,,vend-scraper-v2/daily_filtered
2026-03-14,daily,NO,finn.no,jobs_positions,,,new_listings,131,listings,0,,vend-scraper-v2/daily_filtered
2026-03-14,daily,NO,finn.no,mobility_cars,dealer,,listings,56572,listings,0,,vend-scraper-v2/daily_filtered
2026-03-14,daily,NO,finn.no,mobility_cars,dealer,,new_listings,567,listings,0,,vend-scraper-v2/daily_filtered
2026-03-14,daily,NO,finn.no,mobility_cars,private,,listings,12442,listings,0,,vend-scraper-v2/daily_filtered
2026-03-14,daily,NO,finn.no,mobility_cars,private,,new_listings,723,listings,0,,vend-scraper-v2/daily_filtered
2026-03-14,daily,NO,finn.no,real_estate_homes,,,listings,17235,listings,0,,vend-scraper-v2/daily_filtered
2026-03-14,daily,NO,finn.no,real_estate_homes,,,new_listings,381,listings,0,,vend-scraper-v2/daily_filtered
2026-03-15,daily,DK,bilbasen.dk,mobility_cars,dealer,,listings,48159,listings,0,,vend-scraper-v2/daily_filtered
2026-03-15,daily,DK,bilbasen.dk,mobility_cars,private,,listings,2796,listings,0,,vend-scraper-v2/daily_filtered
2026-03-15,daily,SE,blocket.se,mobility_cars,dealer,,listings,121714,listings,0,,vend-scraper-v2/daily_filtered
2026-03-15,daily,SE,blocket.se,mobility_cars,dealer,,new_listings,2096,listings,0,,vend-scraper-v2/daily_filtered
2026-03-15,daily,SE,blocket.se,mobility_cars,private,,listings,15202,listings,0,,vend-scraper-v2/daily_filtered
2026-03-15,daily,SE,blocket.se,mobility_cars,private,,new_listings,1002,listings,0,,vend-scraper-v2/daily_filtered
2026-03-15,daily,NO,finn.no,jobs_listings,,,listings,20726,listings,0,,vend-scraper-v2/daily_filtered
2026-03-15,daily,NO,finn.no,jobs_listings,,,new_listings,108,listings,0,,vend-scraper-v2/daily_filtered
2026-03-15,daily,NO,finn.no,jobs_positions,,,listings,50767,listings,0,,vend-scraper-v2/daily_filtered
2026-03-15,daily,NO,finn.no,jobs_positions,,,new_listings,297,listings,0,,vend-scraper-v2/daily_filtered
2026-03-15,daily,NO,finn.no,mobility_cars,dealer,,listings,55711,listings,0,,vend-scraper-v2/daily_filtered
2026-03-15,daily,NO,finn.no,mobility_cars,dealer,,new_listings,608,listings,0,,vend-scraper-v2/daily_filtered
2026-03-15,daily,NO,finn.no,mobility_cars,private,,listings,12872,listings,0,,vend-scraper-v2/daily_filtered
2026-03-15,daily,NO,finn.no,mobility_cars,private,,new_listings,1004,listings,0,,vend-scraper-v2/daily_filtered
2026-03-15,daily,NO,finn.no,real_estate_homes,,,listings,17145,listings,0,,vend-scraper-v2/daily_filtered
2026-03-15,daily,NO,finn.no,real_estate_homes,,,new_listings,304,listings,0,,vend-scraper-v2/daily_filtered
2026-03-16,weekly,DK,bilinfo.dk,mobility_cars,,,avg_days_to_sell,43,days,0,,vend-scraper-v2/bilinfo_weekly
2026-03-16,weekly,DK,bilinfo.dk,mobility_cars,,,supply_cars,51000,listings,0,,vend-scraper-v2/bilinfo_weekly
2026-03-16,weekly,DK,bilinfo.dk,mobility_cars,,,visits,427000,visitors,0,,vend-scraper-v2/bilinfo_weekly
2026-03-16,daily,SE,blocket.se,mobility_cars,dealer,,listings,121519,listings,0,,vend-scraper-v2/daily_filtered
2026-03-16,daily,SE,blocket.se,mobility_cars,dealer,,new_listings,5014,listings,0,,vend-scraper-v2/daily_filtered
2026-03-16,daily,SE,blocket.se,mobility_cars,private,,listings,15323,listings,0,,vend-scraper-v2/daily_filtered
2026-03-16,daily,SE,blocket.se,mobility_cars,private,,new_listings,818,listings,0,,vend-scraper-v2/daily_filtered
2026-03-16,daily,NO,finn.no,mobility_cars,dealer,,listings,47656,listings,0,outlier,vend-scraper-v2/daily_filtered
2026-03-16,daily,NO,finn.no,mobility_cars,dealer,,new_listings,1455,listings,0,,vend-scraper-v2/daily_filtered
2026-03-16,daily,NO,finn.no,mobility_cars,private,,listings,11266,listings,0,outlier,vend-scraper-v2/daily_filtered
2026-03-16,daily,NO,finn.no,mobility_cars,private,,new_listings,696,listings,0,,vend-scraper-v2/daily_filtered
2026-03-16,daily,NO,finn.no,real_estate_homes,,,listings,17029,listings,0,,vend-scraper-v2/daily_filtered
2026-03-16,daily,NO,finn.no,real_estate_homes,,,new_listings,554,listings,0,,vend-scraper-v2/daily_filtered
2026-03-17,daily,DK,bilbasen.dk,mobility_cars,dealer,,listings,48005,listings,0,,vend-scraper-v2/daily_filtered
2026-03-17,daily,DK,bilbasen.dk,mobility_cars,private,,listings,2820.5,listings,0,,vend-scraper-v2/daily_filtered
2026-03-17,daily,SE,blocket.se,mobility_cars,dealer,,listings,121537,listings,0,,vend-scraper-v2/daily_filtered
2026-03-17,daily,SE,blocket.se,mobility_cars,dealer,,new_listings,5400,listings,0,,vend-scraper-v2/daily_filtered
2026-03-17,daily,SE,blocket.se,mobility_cars,private,,listings,15406.5,listings,0,,vend-scraper-v2/daily_filtered
2026-03-17,daily,SE,blocket.se,mobility_cars,private,,new_listings,826,listings,0,,vend-scraper-v2/daily_filtered
2026-03-17,daily,NO,finn.no,jobs_listings,,,listings,19860.5,listings,0,,vend-scraper-v2/daily_filtered
2026-03-17,daily,NO,finn.no,jobs_listings,,,new_listings,1182.5,listings,0,,vend-scraper-v2/daily_filtered
2026-03-17,daily,NO,finn.no,jobs_positions,,,listings,48066.5,listings,0,,vend-scraper-v2/daily_filtered
2026-03-17,daily,NO,finn.no,jobs_positions,,,new_listings,2426,listings,0,,vend-scraper-v2/daily_filtered
2026-03-17,daily,NO,finn.no,mobility_cars,dealer,,listings,54825.5,listings,0,,vend-scraper-v2/daily_filtered
2026-03-17,daily,NO,finn.no,mobility_cars,dealer,,new_listings,1860.5,listings,0,,vend-scraper-v2/daily_filtered
2026-03-17,daily,NO,finn.no,mobility_cars,private,,listings,12901.5,listings,0,,vend-scraper-v2/daily_filtered
2026-03-17,daily,NO,finn.no,mobility_cars,private,,new_listings,781.5,listings,0,,vend-scraper-v2/daily_filtered
2026-03-17,daily,NO,finn.no,real_estate_homes,,,listings,17214.5,listings,0,,vend-scraper-v2/daily_filtered
2026-03-17,daily,NO,finn.no,real_estate_homes,,,new_listings,565,listings,0,,vend-scraper-v2/daily_filtered
2026-03-18,daily,DK,bilbasen.dk,mobility_cars,dealer,,listings,48052,listings,0,,vend-scraper-v2/daily_filtered
2026-03-18,daily,DK,bilbasen.dk,mobility_cars,private,,listings,2840,listings,0,,vend-scraper-v2/daily_filtered
2026-03-18,daily,SE,blocket.se,mobility_cars,dealer,,listings,121999,listings,0,,vend-scraper-v2/daily_filtered
2026-03-18,daily,SE,blocket.se,mobility_cars,dealer,,new_listings,5747,listings,0,,vend-scraper-v2/daily_filtered
2026-03-18,daily,SE,blocket.se,mobility_cars,private,,listings,15510,listings,0,,vend-scraper-v2/daily_filtered
2026-03-18,daily,SE,blocket.se,mobility_cars,private,,new_listings,801,listings,0,,vend-scraper-v2/daily_filtered
2026-03-18,daily,NO,finn.no,jobs_listings,,,listings,20742,listings,0,,vend-scraper-v2/daily_filtered
2026-03-18,daily,NO,finn.no,jobs_listings,,,new_listings,1098,listings,0,,vend-scraper-v2/daily_filtered
2026-03-18,daily,NO,finn.no,jobs_positions,,,listings,49369,listings,0,,vend-scraper-v2/daily_filtered
2026-03-18,daily,NO,finn.no,jobs_positions,,,new_listings,2181,listings,0,,vend-scraper-v2/daily_filtered
2026-03-18,daily,NO,finn.no,mobility_cars,dealer,,listings,54960,listings,0,,vend-scraper-v2/daily_filtered
2026-03-18,daily,NO,finn.no,mobility_cars,dealer,,new_listings,1801,listings,0,,vend-scraper-v2/daily_filtered
2026-03-18,daily,NO,finn.no,mobility_cars,private,,listings,12892,listings,0,,vend-scraper-v2/daily_filtered
2026-03-18,daily,NO,finn.no,mobility_cars,private,,new_listings,708,listings,0,,vend-scraper-v2/daily_filtered
2026-03-18,daily,NO,finn.no,real_estate_homes,,,listings,17681,listings,0,,vend-scraper-v2/daily_filtered
2026-03-18,daily,NO,finn.no,real_estate_homes,,,new_listings,517,listings,0,,vend-scraper-v2/daily_filtered
2026-03-19,daily,DK,bilbasen.dk,mobility_cars,dealer,,listings,48101,listings,0,,vend-scraper-v2/daily_filtered
2026-03-19,daily,DK,bilbasen.dk,mobility_cars,private,,listings,2848,listings,0,,vend-scraper-v2/daily_filtered
2026-03-19,daily,SE,blocket.se,mobility_cars,dealer,,listings,122456,listings,0,,vend-scraper-v2/daily_filtered
2026-03-19,daily,SE,blocket.se,mobility_cars,dealer,,new_listings,6016,listings,0,,vend-scraper-v2/daily_filtered
2026-03-19,daily,SE,blocket.se,mobility_cars,private,,listings,15560,listings,0,,vend-scraper-v2/daily_filtered
2026-03-19,daily,SE,blocket.se,mobility_cars,private,,new_listings,786,listings,0,,vend-scraper-v2/daily_filtered
2026-03-19,daily,NO,finn.no,jobs_listings,,,listings,21059,listings,0,,vend-scraper-v2/daily_filtered
2026-03-19,daily,NO,finn.no,jobs_listings,,,new_listings,1136,listings,0,,vend-scraper-v2/daily_filtered
2026-03-19,daily,NO,finn.no,jobs_positions,,,listings,50026,listings,0,,vend-scraper-v2/daily_filtered
2026-03-19,daily,NO,finn.no,jobs_positions,,,new_listings,2236,listings,0,,vend-scraper-v2/daily_filtered
2026-03-19,daily,NO,finn.no,mobility_cars,dealer,,listings,54174,listings,0,,vend-scraper-v2/daily_filtered
2026-03-19,daily,NO,finn.no,mobility_cars,dealer,,new_listings,1878,listings,0,,vend-scraper-v2/daily_filtered
2026-03-19,daily,NO,finn.no,mobility_cars,private,,listings,12907,listings,0,,vend-scraper-v2/daily_filtered
2026-03-19,daily,NO,finn.no,mobility_cars,private,,new_listings,744,listings,0,,vend-scraper-v2/daily_filtered
2026-03-19,daily,NO,finn.no,real_estate_homes,,,listings,17608,listings,0,,vend-scraper-v2/daily_filtered
2026-03-19,daily,NO,finn.no,real_estate_homes,,,new_listings,459,listings,0,,vend-scraper-v2/daily_filtered
2026-03-20,daily,DK,bilbasen.dk,mobility_cars,dealer,,listings,48240,listings,0,,vend-scraper-v2/daily_filtered
2026-03-20,daily,DK,bilbasen.dk,mobility_cars,private,,listings,2836,listings,0,,vend-scraper-v2/daily_filtered
2026-03-20,daily,SE,blocket.se,mobility_cars,dealer,,listings,122777,listings,0,,vend-scraper-v2/daily_filtered
2026-03-20,daily,SE,blocket.se,mobility_cars,dealer,,new_listings,6027,listings,0,,vend-scraper-v2/daily_filtered
2026-03-20,daily,SE,blocket.se,mobility_cars,private,,listings,15673,listings,0,,vend-scraper-v2/daily_filtered
2026-03-20,daily,SE,blocket.se,mobility_cars,private,,new_listings,882,listings,0,,vend-scraper-v2/daily_filtered
2026-03-20,daily,NO,finn.no,jobs_listings,,,listings,21530,listings,0,,vend-scraper-v2/daily_filtered
2026-03-20,daily,NO,finn.no,jobs_listings,,,new_listings,1113,listings,0,,vend-scraper-v2/daily_filtered
2026-03-20,daily,NO,finn.no,jobs_positions,,,listings,50800,listings,0,,vend-scraper-v2/daily_filtered
2026-03-20,daily,NO,finn.no,jobs_positions,,,new_listings,2298,listings,0,,vend-scraper-v2/daily_filtered
2026-03-20,daily,NO,finn.no,mobility_cars,dealer,,listings,54404,listings,0,,vend-scraper-v2/daily_filtered
2026-03-20,daily,NO,finn.no,mobility_cars,dealer,,new_listings,1741,listings,0,,vend-scraper-v2/daily_filtered
2026-03-20,daily,NO,finn.no,mobility_cars,private,,listings,13012,listings,0,,vend-scraper-v2/daily_filtered
2026-03-20,daily,NO,finn.no,mobility_cars,private,,new_listings,796,listings,0,,vend-scraper-v2/daily_filtered
2026-03-20,daily,NO,finn.no,real_estate_homes,,,listings,17456,listings,0,,vend-scraper-v2/daily_filtered
2026-03-20,daily,NO,finn.no,real_estate_homes,,,new_listings,607,listings,0,,vend-scraper-v2/daily_filtered
2026-03-21,daily,DK,bilbasen.dk,mobility_cars,dealer,,listings,48135,listings,0,,vend-scraper-v2/daily_filtered
2026-03-21,daily,DK,bilbasen.dk,mobility_cars,private,,listings,2867,listings,0,,vend-scraper-v2/daily_filtered
2026-03-21,daily,SE,blocket.se,mobility_cars,dealer,,listings,121937,listings,0,,vend-scraper-v2/daily_filtered
2026-03-21,daily,SE,blocket.se,mobility_cars,dealer,,new_listings,2892,listings,0,,vend-scraper-v2/daily_filtered
2026-03-21,daily,SE,blocket.se,mobility_cars,private,,listings,15851,listings,0,,vend-scraper-v2/daily_filtered
2026-03-21,daily,SE,blocket.se,mobility_cars,private,,new_listings,1055,listings,0,,vend-scraper-v2/daily_filtered
2026-03-21,daily,NO,finn.no,jobs_listings,,,listings,20705,listings,0,,vend-scraper-v2/daily_filtered
2026-03-21,daily,NO,finn.no,jobs_listings,,,new_listings,73,listings,0,,vend-scraper-v2/daily_filtered
2026-03-21,daily,NO,finn.no,jobs_positions,,,listings,48683,listings,0,,vend-scraper-v2/daily_filtered
2026-03-21,daily,NO,finn.no,jobs_positions,,,new_listings,140,listings,0,,vend-scraper-v2/daily_filtered
2026-03-21,daily,NO,finn.no,mobility_cars,dealer,,listings,54685,listings,0,,vend-scraper-v2/daily_filtered
2026-03-21,daily,NO,finn.no,mobility_cars,dealer,,new_listings,699,listings,0,,vend-scraper-v2/daily_filtered
2026-03-21,daily,NO,finn.no,mobility_cars,private,,listings,13180,listings,0,,vend-scraper-v2/daily_filtered
2026-03-21,daily,NO,finn.no,mobility_cars,private,,new_listings,815,listings,0,,vend-scraper-v2/daily_filtered
2026-03-21,daily,NO,finn.no,real_estate_homes,,,listings,17199,listings,0,,vend-scraper-v2/daily_filtered
2026-03-21,daily,NO,finn.no,real_estate_homes,,,new_listings,173,listings,0,,vend-scraper-v2/daily_filtered
2026-03-22,daily,DK,bilbasen.dk,mobility_cars,dealer,,listings,47508,listings,0,,vend-scraper-v2/daily_filtered
2026-03-22,daily,DK,bilbasen.dk,mobility_cars,private,,listings,2945,listings,0,,vend-scraper-v2/daily_filtered
2026-03-22,daily,SE,blocket.se,mobility_cars,dealer,,listings,121580,listings,0,,vend-scraper-v2/daily_filtered
2026-03-22,daily,SE,blocket.se,mobility_cars,dealer,,new_listings,2033,listings,0,,vend-scraper-v2/daily_filtered
2026-03-22,daily,SE,blocket.se,mobility_cars,private,,listings,16175,listings,0,,vend-scraper-v2/daily_filtered
2026-03-22,daily,SE,blocket.se,mobility_cars,private,,new_listings,1213,listings,0,,vend-scraper-v2/daily_filtered
2026-03-22,daily,NO,finn.no,jobs_listings,,,listings,20648,listings,0,,vend-scraper-v2/daily_filtered
2026-03-22,daily,NO,finn.no,jobs_listings,,,new_listings,84,listings,0,,vend-scraper-v2/daily_filtered
2026-03-22,daily,NO,finn.no,jobs_positions,,,listings,48311,listings,0,,vend-scraper-v2/daily_filtered
2026-03-22,daily,NO,finn.no,jobs_positions,,,new_listings,125,listings,0,,vend-scraper-v2/daily_filtered
2026-03-22,daily,NO,finn.no,mobility_cars,dealer,,listings,54698,listings,0,,vend-scraper-v2/daily_filtered
2026-03-22,daily,NO,finn.no,mobility_cars,dealer,,new_listings,544,listings,0,,vend-scraper-v2/daily_filtered
2026-03-22,daily,NO,finn.no,mobility_cars,private,,listings,13456,listings,0,,vend-scraper-v2/daily_filtered
2026-03-22,daily,NO,finn.no,mobility_cars,private,,new_listings,998,listings,0,,vend-scraper-v2/daily_filtered
2026-03-22,daily,NO,finn.no,real_estate_homes,,,listings,16900,listings,0,,vend-scraper-v2/daily_filtered
2026-03-22,daily,NO,finn.no,real_estate_homes,,,new_listings,92,listings,0,,vend-scraper-v2/daily_filtered
2026-03-23,daily,DK,bilbasen.dk,mobility_cars,dealer,,listings,47326,listings,0,,vend-scraper-v2/daily_filtered
2026-03-23,daily,DK,bilbasen.dk,mobility_cars,private,,listings,2977,listings,0,,vend-scraper-v2/daily_filtered
2026-03-23,daily,SE,blocket.se,mobility_cars,dealer,,listings,121287,listings,0,,vend-scraper-v2/daily_filtered
2026-03-23,daily,SE,blocket.se,mobility_cars,dealer,,new_listings,4658,listings,0,,vend-scraper-v2/daily_filtered
2026-03-23,daily,SE,blocket.se,mobility_cars,private,,listings,16365,listings,0,,vend-scraper-v2/daily_filtered
2026-03-23,daily,SE,blocket.se,mobility_cars,private,,new_listings,944,listings,0,,vend-scraper-v2/daily_filtered
2026-03-23,daily,NO,finn.no,jobs_listings,,,listings,20238,listings,0,,vend-scraper-v2/daily_filtered
2026-03-23,daily,NO,finn.no,jobs_listings,,,new_listings,1116,listings,0,,vend-scraper-v2/daily_filtered
2026-03-23,daily,NO,finn.no,jobs_positions,,,listings,47632,listings,0,,vend-scraper-v2/daily_filtered
2026-03-23,daily,NO,finn.no,jobs_positions,,,new_listings,2453,listings,0,,vend-scraper-v2/daily_filtered
2026-03-23,daily,NO,finn.no,mobility_cars,dealer,,listings,55058,listings,0,,vend-scraper-v2/daily_filtered
2026-03-23,daily,NO,finn.no,mobility_cars,dealer,,new_listings,1793,listings,0,,vend-scraper-v2/daily_filtered
2026-03-23,daily,NO,finn.no,mobility_cars,private,,listings,13578,listings,0,,vend-scraper-v2/daily_filtered
2026-03-23,daily,NO,finn.no,mobility_cars,private,,new_listings,864,listings,0,,vend-scraper-v2/daily_filtered
2026-03-23,daily,NO,finn.no,real_estate_homes,,,listings,16469,listings,0,,vend-scraper-v2/daily_filtered
2026-03-23,daily,NO,finn.no,real_estate_homes,,,new_listings,178,listings,0,,vend-scraper-v2/daily_filtered
2026-03-24,daily,DK,bilbasen.dk,mobility_cars,dealer,,listings,47273,listings,0,,vend-scraper-v2/daily_filtered
2026-03-24,daily,DK,bilbasen.dk,mobility_cars,private,,listings,2980,listings,0,,vend-scraper-v2/daily_filtered
2026-03-24,daily,SE,blocket.se,mobility_cars,dealer,,listings,121408,listings,0,,vend-scraper-v2/daily_filtered
2026-03-24,daily,SE,blocket.se,mobility_cars,dealer,,new_listings,5574,listings,0,,vend-scraper-v2/daily_filtered
2026-03-24,daily,SE,blocket.se,mobility_cars,private,,listings,16440,listings,0,,vend-scraper-v2/daily_filtered
2026-03-24,daily,SE,blocket.se,mobility_cars,private,,new_listings,857,listings,0,,vend-scraper-v2/daily_filtered
2026-03-24,daily,NO,finn.no,jobs_listings,,,listings,20557,listings,0,,vend-scraper-v2/daily_filtered
2026-03-24,daily,NO,finn.no,jobs_listings,,,new_listings,1219,listings,0,,vend-scraper-v2/daily_filtered
2026-03-24,daily,NO,finn.no,jobs_positions,,,listings,48042,listings,0,,vend-scraper-v2/daily_filtered
2026-03-24,daily,NO,finn.no,jobs_positions,,,new_listings,2405,listings,0,,vend-scraper-v2/daily_filtered
2026-03-24,daily,NO,finn.no,mobility_cars,dealer,,listings,55336,listings,0,,vend-scraper-v2/daily_filtered
2026-03-24,daily,NO,finn.no,mobility_cars,dealer,,new_listings,1831,listings,0,,vend-scraper-v2/daily_filtered
2026-03-24,daily,NO,finn.no,mobility_cars,private,,listings,13609,listings,0,,vend-scraper-v2/daily_filtered
2026-03-24,daily,NO,finn.no,mobility_cars,private,,new_listings,762,listings,0,,vend-scraper-v2/daily_filtered
2026-03-24,daily,NO,finn.no,real_estate_homes,,,listings,16500,listings,0,,vend-scraper-v2/daily_filtered
2026-03-24,daily,NO,finn.no,real_estate_homes,,,new_listings,204,listings,0,,vend-scraper-v2/daily_filtered
2026-03-25,daily,DK,bilbasen.dk,mobility_cars,dealer,,listings,47474,listings,0,,vend-scraper-v2/daily_filtered
2026-03-25,daily,DK,bilbasen.dk,mobility_cars,private,,listings,2999,listings,0,,vend-scraper-v2/daily_filtered
2026-03-25,daily,SE,blocket.se,mobility_cars,dealer,,listings,121433,listings,0,,vend-scraper-v2/daily_filtered
2026-03-25,daily,SE,blocket.se,mobility_cars,dealer,,new_listings,5818,listings,0,,vend-scraper-v2/daily_filtered
2026-03-25,daily,SE,blocket.se,mobility_cars,private,,listings,16575,listings,0,,vend-scraper-v2/daily_filtered
2026-03-25,daily,SE,blocket.se,mobility_cars,private,,new_listings,992,listings,0,,vend-scraper-v2/daily_filtered
2026-03-25,daily,NO,finn.no,jobs_listings,,,listings,21054,listings,0,,vend-scraper-v2/daily_filtered
2026-03-25,daily,NO,finn.no,jobs_listings,,,new_listings,1110,listings,0,,vend-scraper-v2/daily_filtered
2026-03-25,daily,NO,finn.no,jobs_positions,,,listings,48885,listings,0,,vend-scraper-v2/daily_filtered
2026-03-25,daily,NO,finn.no,jobs_positions,,,new_listings,2092,listings,0,,vend-scraper-v2/daily_filtered
2026-03-25,daily,NO,finn.no,mobility_cars,dealer,,listings,56081,listings,0,,vend-scraper-v2/daily_filtered
2026-03-25,daily,NO,finn.no,mobility_cars,dealer,,new_listings,1866,listings,0,,vend-scraper-v2/daily_filtered
2026-03-25,daily,NO,finn.no,mobility_cars,private,,listings,13627,listings,0,,vend-scraper-v2/daily_filtered
2026-03-25,daily,NO,finn.no,mobility_cars,private,,new_listings,730,listings,0,,vend-scraper-v2/daily_filtered
2026-03-25,daily,NO,finn.no,real_estate_homes,,,listings,16530,listings,0,,vend-scraper-v2/daily_filtered
2026-03-25,daily,NO,finn.no,real_estate_homes,,,new_listings,207,listings,0,,vend-scraper-v2/daily_filtered
2026-03-26,daily,DK,bilbasen.dk,mobility_cars,dealer,,listings,47497,listings,0,,vend-scraper-v2/daily_filtered
2026-03-26,daily,DK,bilbasen.dk,mobility_cars,private,,listings,2992,listings,0,,vend-scraper-v2/daily_filtered
2026-03-26,daily,SE,blocket.se,mobility_cars,dealer,,listings,121614,listings,0,,vend-scraper-v2/daily_filtered
2026-03-26,daily,SE,blocket.se,mobility_cars,dealer,,new_listings,5508,listings,0,,vend-scraper-v2/daily_filtered
2026-03-26,daily,SE,blocket.se,mobility_cars,private,,listings,16659,listings,0,,vend-scraper-v2/daily_filtered
2026-03-26,daily,SE,blocket.se,mobility_cars,private,,new_listings,925,listings,0,,vend-scraper-v2/daily_filtered
2026-03-26,daily,NO,finn.no,jobs_listings,,,listings,21580,listings,0,,vend-scraper-v2/daily_filtered
2026-03-26,daily,NO,finn.no,jobs_listings,,,new_listings,1196,listings,0,,vend-scraper-v2/daily_filtered
2026-03-26,daily,NO,finn.no,jobs_positions,,,listings,49525,listings,0,,vend-scraper-v2/daily_filtered
2026-03-26,daily,NO,finn.no,jobs_positions,,,new_listings,2087,listings,0,,vend-scraper-v2/daily_filtered
2026-03-26,daily,NO,finn.no,mobility_cars,dealer,,listings,56034,listings,0,,vend-scraper-v2/daily_filtered
2026-03-26,daily,NO,finn.no,mobility_cars,dealer,,new_listings,1773,listings,0,,vend-scraper-v2/daily_filtered
2026-03-26,daily,NO,finn.no,mobility_cars,private,,listings,13546,listings,0,,vend-scraper-v2/daily_filtered
2026-03-26,daily,NO,finn.no,mobility_cars,private,,new_listings,717,listings,0,,vend-scraper-v2/daily_filtered
2026-03-26,daily,NO,finn.no,real_estate_homes,,,listings,16205,listings,0,,vend-scraper-v2/daily_filtered
2026-03-26,daily,NO,finn.no,real_estate_homes,,,new_listings,216,listings,0,,vend-scraper-v2/daily_filtered
2026-03-27,daily,DK,bilbasen.dk,mobility_cars,dealer,,listings,47434,listings,0,,vend-scraper-v2/daily_filtered
2026-03-27,daily,DK,bilbasen.dk,mobility_cars,private,,listings,2990,listings,0,,vend-scraper-v2/daily_filtered
2026-03-27,daily,SE,blocket.se,mobility_cars,dealer,,listings,121805,listings,0,,vend-scraper-v2/daily_filtered
2026-03-27,daily,SE,blocket.se,mobility_cars,dealer,,new_listings,6380,listings,0,,vend-scraper-v2/daily_filtered
2026-03-27,daily,SE,blocket.se,mobility_cars,private,,listings,16856,listings,0,,vend-scraper-v2/daily_filtered
2026-03-27,daily,SE,blocket.se,mobility_cars,private,,new_listings,1049,listings,0,,vend-scraper-v2/daily_filtered
2026-03-27,daily,NO,finn.no,jobs_listings,,,listings,22974,listings,0,,vend-scraper-v2/daily_filtered
2026-03-27,daily,NO,finn.no,jobs_listings,,,new_listings,2032,listings,0,outlier,vend-scraper-v2/daily_filtered
2026-03-27,daily,NO,finn.no,jobs_positions,,,listings,51815,listings,0,,vend-scraper-v2/daily_filtered
2026-03-27,daily,NO,finn.no,jobs_positions,,,new_listings,3605,listings,0,,vend-scraper-v2/daily_filtered
2026-03-27,daily,NO,finn.no,mobility_cars,dealer,,listings,55994,listings,0,,vend-scraper-v2/daily_filtered
2026-03-27,daily,NO,finn.no,mobility_cars,dealer,,new_listings,1762,listings,0,,vend-scraper-v2/daily_filtered
2026-03-27,daily,NO,finn.no,mobility_cars,private,,listings,13460,listings,0,,vend-scraper-v2/daily_filtered
2026-03-27,daily,NO,finn.no,mobility_cars,private,,new_listings,617,listings,0,,vend-scraper-v2/daily_filtered
2026-03-27,daily,NO,finn.no,real_estate_homes,,,listings,16279,listings,0,,vend-scraper-v2/daily_filtered
2026-03-27,daily,NO,finn.no,real_estate_homes,,,new_listings,927,listings,0,,vend-scraper-v2/daily_filtered
2026-03-28,daily,DK,bilbasen.dk,mobility_cars,dealer,,listings,47278,listings,0,,vend-scraper-v2/daily_filtered
2026-03-28,daily,DK,bilbasen.dk,mobility_cars,private,,listings,3044,listings,0,,vend-scraper-v2/daily_filtered
2026-03-28,daily,SE,blocket.se,mobility_cars,dealer,,listings,120881,listings,0,,vend-scraper-v2/daily_filtered
2026-03-28,daily,SE,blocket.se,mobility_cars,dealer,,new_listings,2782,listings,0,,vend-scraper-v2/daily_filtered
2026-03-28,daily,SE,blocket.se,mobility_cars,private,,listings,17010,listings,0,,vend-scraper-v2/daily_filtered
2026-03-28,daily,SE,blocket.se,mobility_cars,private,,new_listings,1161,listings,0,,vend-scraper-v2/daily_filtered
2026-03-28,daily,NO,finn.no,jobs_listings,,,listings,22529,listings,0,,vend-scraper-v2/daily_filtered
2026-03-28,daily,NO,finn.no,jobs_listings,,,new_listings,115,listings,0,,vend-scraper-v2/daily_filtered
2026-03-28,daily,NO,finn.no,jobs_positions,,,listings,50728,listings,0,,vend-scraper-v2/daily_filtered
2026-03-28,daily,NO,finn.no,jobs_positions,,,new_listings,226,listings,0,,vend-scraper-v2/daily_filtered
2026-03-28,daily,NO,finn.no,mobility_cars,dealer,,listings,55498,listings,0,,vend-scraper-v2/daily_filtered
2026-03-28,daily,NO,finn.no,mobility_cars,dealer,,new_listings,562,listings,0,,vend-scraper-v2/daily_filtered
2026-03-28,daily,NO,finn.no,mobility_cars,private,,listings,13463,listings,0,,vend-scraper-v2/daily_filtered
2026-03-28,daily,NO,finn.no,mobility_cars,private,,new_listings,688,listings,0,,vend-scraper-v2/daily_filtered
2026-03-28,daily,NO,finn.no,real_estate_homes,,,listings,15998,listings,0,,vend-scraper-v2/daily_filtered
2026-03-28,daily,NO,finn.no,real_estate_homes,,,new_listings,279,listings,0,,vend-scraper-v2/daily_filtered
2026-03-29,daily,DK,bilbasen.dk,mobility_cars,dealer,,listings,46665,listings,0,,vend-scraper-v2/daily_filtered
2026-03-29,daily,DK,bilbasen.dk,mobility_cars,private,,listings,3091,listings,0,,vend-scraper-v2/daily_filtered
2026-03-29,daily,SE,blocket.se,mobility_cars,dealer,,listings,120536,listings,0,,vend-scraper-v2/daily_filtered
2026-03-29,daily,SE,blocket.se,mobility_cars,dealer,,new_listings,1884,listings,0,,vend-scraper-v2/daily_filtered
2026-03-29,daily,SE,blocket.se,mobility_cars,private,,listings,17298,listings,0,,vend-scraper-v2/daily_filtered
2026-03-29,daily,SE,blocket.se,mobility_cars,private,,new_listings,1286,listings,0,,vend-scraper-v2/daily_filtered
2026-03-29,daily,NO,finn.no,jobs_listings,,,listings,22458,listings,0,,vend-scraper-v2/daily_filtered
2026-03-29,daily,NO,finn.no,jobs_listings,,,new_listings,82,listings,0,,vend-scraper-v2/daily_filtered
2026-03-29,daily,NO,finn.no,jobs_positions,,,listings,50450,listings,0,,vend-scraper-v2/daily_filtered
2026-03-29,daily,NO,finn.no,jobs_positions,,,new_listings,171,listings,0,,vend-scraper-v2/daily_filtered
2026-03-29,daily,NO,finn.no,mobility_cars,dealer,,listings,54634,listings,0,,vend-scraper-v2/daily_filtered
2026-03-29,daily,NO,finn.no,mobility_cars,dealer,,new_listings,565,listings,0,,vend-scraper-v2/daily_filtered
2026-03-29,daily,NO,finn.no,mobility_cars,private,,listings,13628,listings,0,,vend-scraper-v2/daily_filtered
2026-03-29,daily,NO,finn.no,mobility_cars,private,,new_listings,815,listings,0,,vend-scraper-v2/daily_filtered
2026-03-29,daily,NO,finn.no,real_estate_homes,,,listings,15649,listings,0,,vend-scraper-v2/daily_filtered
2026-03-29,daily,NO,finn.no,real_estate_homes,,,new_listings,207,listings,0,,vend-scraper-v2/daily_filtered
2026-03-30,daily,DK,bilbasen.dk,mobility_cars,dealer,,listings,46362,listings,0,,vend-scraper-v2/daily_filtered
2026-03-30,daily,DK,bilbasen.dk,mobility_cars,private,,listings,3106,listings,0,,vend-scraper-v2/daily_filtered
2026-03-30,weekly,DK,bilinfo.dk,mobility_cars,,,avg_days_to_sell,42,days,0,,vend-scraper-v2/bilinfo_weekly
2026-03-30,weekly,DK,bilinfo.dk,mobility_cars,,,supply_cars,50100,listings,0,,vend-scraper-v2/bilinfo_weekly
2026-03-30,weekly,DK,bilinfo.dk,mobility_cars,,,visits,425000,visitors,0,,vend-scraper-v2/bilinfo_weekly
2026-03-30,daily,SE,blocket.se,mobility_cars,dealer,,listings,119919,listings,0,,vend-scraper-v2/daily_filtered
2026-03-30,daily,SE,blocket.se,mobility_cars,dealer,,new_listings,4414,listings,0,,vend-scraper-v2/daily_filtered
2026-03-30,daily,SE,blocket.se,mobility_cars,private,,listings,17467,listings,0,,vend-scraper-v2/daily_filtered
2026-03-30,daily,SE,blocket.se,mobility_cars,private,,new_listings,1030,listings,0,,vend-scraper-v2/daily_filtered
2026-03-30,daily,NO,finn.no,jobs_listings,,,listings,22683,listings,0,,vend-scraper-v2/daily_filtered
2026-03-30,daily,NO,finn.no,jobs_listings,,,new_listings,1062,listings,0,,vend-scraper-v2/daily_filtered
2026-03-30,daily,NO,finn.no,jobs_positions,,,listings,50686,listings,0,,vend-scraper-v2/daily_filtered
2026-03-30,daily,NO,finn.no,jobs_positions,,,new_listings,1861,listings,0,,vend-scraper-v2/daily_filtered
2026-03-30,daily,NO,finn.no,mobility_cars,dealer,,listings,54383,listings,0,,vend-scraper-v2/daily_filtered
2026-03-30,daily,NO,finn.no,mobility_cars,dealer,,new_listings,1551,listings,0,,vend-scraper-v2/daily_filtered
2026-03-30,daily,NO,finn.no,mobility_cars,private,,listings,13597,listings,0,,vend-scraper-v2/daily_filtered
2026-03-30,daily,NO,finn.no,mobility_cars,private,,new_listings,704,listings,0,,vend-scraper-v2/daily_filtered
2026-03-30,daily,NO,finn.no,real_estate_homes,,,listings,15421,listings,0,,vend-scraper-v2/daily_filtered
2026-03-30,daily,NO,finn.no,real_estate_homes,,,new_listings,618,listings,0,,vend-scraper-v2/daily_filtered
2026-03-31,daily,DK,bilbasen.dk,mobility_cars,dealer,,listings,46378,listings,0,,vend-scraper-v2/daily_filtered
2026-03-31,daily,DK,bilbasen.dk,mobility_cars,private,,listings,3144,listings,0,,vend-scraper-v2/daily_filtered
2026-03-31,daily,SE,blocket.se,mobility_cars,dealer,,listings,119522,listings,0,,vend-scraper-v2/daily_filtered
2026-03-31,daily,SE,blocket.se,mobility_cars,dealer,,new_listings,4879,listings,0,,vend-scraper-v2/daily_filtered
2026-03-31,daily,SE,blocket.se,mobility_cars,private,,listings,17526,listings,0,,vend-scraper-v2/daily_filtered
2026-03-31,daily,SE,blocket.se,mobility_cars,private,,new_listings,903,listings,0,,vend-scraper-v2/daily_filtered
2026-03-31,daily,NO,finn.no,jobs_listings,,,listings,22956,listings,0,,vend-scraper-v2/daily_filtered
2026-03-31,daily,NO,finn.no,jobs_listings,,,new_listings,920,listings,0,,vend-scraper-v2/daily_filtered
2026-03-31,daily,NO,finn.no,jobs_positions,,,listings,50776,listings,0,,vend-scraper-v2/daily_filtered
2026-03-31,daily,NO,finn.no,jobs_positions,,,new_listings,1569,listings,0,,vend-scraper-v2/daily_filtered
2026-03-31,daily,NO,finn.no,mobility_cars,dealer,,listings,54571,listings,0,,vend-scraper-v2/daily_filtered
2026-03-31,daily,NO,finn.no,mobility_cars,dealer,,new_listings,1590,listings,0,,vend-scraper-v2/daily_filtered
2026-03-31,daily,NO,finn.no,mobility_cars,private,,listings,13583,listings,0,,vend-scraper-v2/daily_filtered
2026-03-31,daily,NO,finn.no,mobility_cars,private,,new_listings,745,listings,0,,vend-scraper-v2/daily_filtered
2026-03-31,daily,NO,finn.no,real_estate_homes,,,listings,15951,listings,0,,vend-scraper-v2/daily_filtered
2026-03-31,daily,NO,finn.no,real_estate_homes,,,new_listings,767,listings,0,,vend-scraper-v2/daily_filtered
2026-04-01,daily,DK,bilbasen.dk,mobility_cars,dealer,,listings,46407,listings,0,,vend-scraper-v2/daily_filtered
2026-04-01,daily,DK,bilbasen.dk,mobility_cars,private,,listings,3144,listings,0,,vend-scraper-v2/daily_filtered
2026-04-01,daily,SE,blocket.se,mobility_cars,dealer,,listings,119550,listings,0,,vend-scraper-v2/daily_filtered
2026-04-01,daily,SE,blocket.se,mobility_cars,dealer,,new_listings,5200,listings,0,,vend-scraper-v2/daily_filtered
2026-04-01,daily,SE,blocket.se,mobility_cars,private,,listings,17625,listings,0,,vend-scraper-v2/daily_filtered
2026-04-01,daily,SE,blocket.se,mobility_cars,private,,new_listings,953,listings,0,,vend-scraper-v2/daily_filtered
2026-04-01,daily,NO,finn.no,jobs_listings,,,listings,22036,listings,0,,vend-scraper-v2/daily_filtered
2026-04-01,daily,NO,finn.no,jobs_listings,,,new_listings,503,listings,0,,vend-scraper-v2/daily_filtered
2026-04-01,daily,NO,finn.no,jobs_positions,,,listings,48860,listings,0,,vend-scraper-v2/daily_filtered
2026-04-01,daily,NO,finn.no,jobs_positions,,,new_listings,1214,listings,0,,vend-scraper-v2/daily_filtered
2026-04-01,daily,NO,finn.no,mobility_cars,dealer,,listings,55182,listings,0,,vend-scraper-v2/daily_filtered
2026-04-01,daily,NO,finn.no,mobility_cars,dealer,,new_listings,1171,listings,0,,vend-scraper-v2/daily_filtered
2026-04-01,daily,NO,finn.no,real_estate_homes,,,listings,16605,listings,0,,vend-scraper-v2/daily_filtered
2026-04-01,daily,NO,finn.no,real_estate_homes,,,new_listings,981,listings,0,,vend-scraper-v2/daily_filtered
2026-04-02,daily,DK,bilbasen.dk,mobility_cars,dealer,,listings,46496,listings,0,,vend-scraper-v2/daily_filtered
2026-04-02,daily,DK,bilbasen.dk,mobility_cars,private,,listings,3204,listings,0,,vend-scraper-v2/daily_filtered
2026-04-02,daily,SE,blocket.se,mobility_cars,dealer,,listings,120018,listings,0,,vend-scraper-v2/daily_filtered
2026-04-02,daily,SE,blocket.se,mobility_cars,dealer,,new_listings,6122,listings,0,,vend-scraper-v2/daily_filtered
2026-04-02,daily,SE,blocket.se,mobility_cars,private,,listings,17644,listings,0,,vend-scraper-v2/daily_filtered
2026-04-02,daily,SE,blocket.se,mobility_cars,private,,new_listings,874,listings,0,,vend-scraper-v2/daily_filtered
2026-04-02,daily,NO,finn.no,jobs_listings,,,listings,21454,listings,0,,vend-scraper-v2/daily_filtered
2026-04-02,daily,NO,finn.no,jobs_listings,,,new_listings,99,listings,0,,vend-scraper-v2/daily_filtered
2026-04-02,daily,NO,finn.no,jobs_positions,,,listings,47678,listings,0,,vend-scraper-v2/daily_filtered
2026-04-02,daily,NO,finn.no,jobs_positions,,,new_listings,269,listings,0,,vend-scraper-v2/daily_filtered
2026-04-02,daily,NO,finn.no,mobility_cars,dealer,,listings,54378,listings,0,,vend-scraper-v2/daily_filtered
2026-04-02,daily,NO,finn.no,mobility_cars,dealer,,new_listings,436,listings,0,,vend-scraper-v2/daily_filtered
2026-04-02,daily,NO,finn.no,mobility_cars,private,,listings,-1,listings,0,outlier,vend-scraper-v2/daily_filtered
2026-04-02,daily,NO,finn.no,mobility_cars,private,,new_listings,657,listings,0,,vend-scraper-v2/daily_filtered
2026-04-02,daily,NO,finn.no,real_estate_homes,,,listings,16690,listings,0,,vend-scraper-v2/daily_filtered
2026-04-02,daily,NO,finn.no,real_estate_homes,,,new_listings,527,listings,0,,vend-scraper-v2/daily_filtered
2026-04-03,daily,DK,bilbasen.dk,mobility_cars,dealer,,listings,46553,listings,0,,vend-scraper-v2/daily_filtered
2026-04-03,daily,DK,bilbasen.dk,mobility_cars,private,,listings,3251,listings,0,,vend-scraper-v2/daily_filtered
2026-04-03,daily,SE,blocket.se,mobility_cars,dealer,,listings,119956,listings,0,,vend-scraper-v2/daily_filtered
2026-04-03,daily,SE,blocket.se,mobility_cars,dealer,,new_listings,2564,listings,0,,vend-scraper-v2/daily_filtered
2026-04-03,daily,SE,blocket.se,mobility_cars,private,,listings,17789,listings,0,,vend-scraper-v2/daily_filtered
2026-04-03,daily,SE,blocket.se,mobility_cars,private,,new_listings,983,listings,0,,vend-scraper-v2/daily_filtered
2026-04-03,daily,NO,finn.no,jobs_listings,,,listings,21235,listings,0,,vend-scraper-v2/daily_filtered
2026-04-03,daily,NO,finn.no,jobs_listings,,,new_listings,69,listings,0,,vend-scraper-v2/daily_filtered
2026-04-03,daily,NO,finn.no,jobs_positions,,,listings,47153,listings,0,,vend-scraper-v2/daily_filtered
2026-04-03,daily,NO,finn.no,jobs_positions,,,new_listings,138,listings,0,,vend-scraper-v2/daily_filtered
2026-04-03,daily,NO,finn.no,mobility_cars,dealer,,listings,53473,listings,0,,vend-scraper-v2/daily_filtered
2026-04-03,daily,NO,finn.no,mobility_cars,dealer,,new_listings,259,listings,0,,vend-scraper-v2/daily_filtered
2026-04-03,daily,NO,finn.no,mobility_cars,private,,listings,13708,listings,0,,vend-scraper-v2/daily_filtered
2026-04-03,daily,NO,finn.no,mobility_cars,private,,new_listings,561,listings,0,,vend-scraper-v2/daily_filtered
2026-04-03,daily,NO,finn.no,real_estate_homes,,,listings,16818,listings,0,,vend-scraper-v2/daily_filtered
2026-04-03,daily,NO,finn.no,real_estate_homes,,,new_listings,548,listings,0,,vend-scraper-v2/daily_filtered
2026-04-04,daily,DK,bilbasen.dk,mobility_cars,dealer,,listings,46365,listings,0,,vend-scraper-v2/daily_filtered
2026-04-04,daily,DK,bilbasen.dk,mobility_cars,private,,listings,3290,listings,0,,vend-scraper-v2/daily_filtered
2026-04-04,daily,SE,blocket.se,mobility_cars,dealer,,listings,119825,listings,0,,vend-scraper-v2/daily_filtered
2026-04-04,daily,SE,blocket.se,mobility_cars,dealer,,new_listings,2038,listings,0,,vend-scraper-v2/daily_filtered
2026-04-04,daily,SE,blocket.se,mobility_cars,private,,listings,17920,listings,0,,vend-scraper-v2/daily_filtered
2026-04-04,daily,SE,blocket.se,mobility_cars,private,,new_listings,869,listings,0,,vend-scraper-v2/daily_filtered
2026-04-04,daily,NO,finn.no,jobs_listings,,,listings,20938,listings,0,,vend-scraper-v2/daily_filtered
2026-04-04,daily,NO,finn.no,jobs_listings,,,new_listings,33,listings,0,,vend-scraper-v2/daily_filtered
2026-04-04,daily,NO,finn.no,jobs_positions,,,listings,46265,listings,0,,vend-scraper-v2/daily_filtered
2026-04-04,daily,NO,finn.no,jobs_positions,,,new_listings,77,listings,0,,vend-scraper-v2/daily_filtered
2026-04-04,daily,NO,finn.no,mobility_cars,dealer,,listings,52894,listings,0,,vend-scraper-v2/daily_filtered
2026-04-04,daily,NO,finn.no,mobility_cars,dealer,,new_listings,304,listings,0,,vend-scraper-v2/daily_filtered
2026-04-04,daily,NO,finn.no,mobility_cars,private,,listings,13761,listings,0,,vend-scraper-v2/daily_filtered
2026-04-04,daily,NO,finn.no,mobility_cars,private,,new_listings,588,listings,0,,vend-scraper-v2/daily_filtered
2026-04-04,daily,NO,finn.no,real_estate_homes,,,listings,16908,listings,0,,vend-scraper-v2/daily_filtered
2026-04-04,daily,NO,finn.no,real_estate_homes,,,new_listings,353,listings,0,,vend-scraper-v2/daily_filtered
2026-04-05,daily,DK,bilbasen.dk,mobility_cars,dealer,,listings,45906,listings,0,,vend-scraper-v2/daily_filtered
2026-04-05,daily,DK,bilbasen.dk,mobility_cars,private,,listings,3322,listings,0,,vend-scraper-v2/daily_filtered
2026-04-05,daily,SE,blocket.se,mobility_cars,dealer,,listings,119706,listings,0,,vend-scraper-v2/daily_filtered
2026-04-05,daily,SE,blocket.se,mobility_cars,dealer,,new_listings,1828,listings,0,,vend-scraper-v2/daily_filtered
2026-04-05,daily,SE,blocket.se,mobility_cars,private,,listings,17978,listings,0,,vend-scraper-v2/daily_filtered
2026-04-05,daily,SE,blocket.se,mobility_cars,private,,new_listings,768,listings,0,,vend-scraper-v2/daily_filtered
2026-04-05,daily,NO,finn.no,jobs_listings,,,listings,20873,listings,0,,vend-scraper-v2/daily_filtered
2026-04-05,daily,NO,finn.no,jobs_listings,,,new_listings,66,listings,0,,vend-scraper-v2/daily_filtered
2026-04-05,daily,NO,finn.no,jobs_positions,,,listings,46030,listings,0,,vend-scraper-v2/daily_filtered
2026-04-05,daily,NO,finn.no,jobs_positions,,,new_listings,101,listings,0,,vend-scraper-v2/daily_filtered
2026-04-05,daily,NO,finn.no,mobility_cars,dealer,,listings,52800,listings,0,,vend-scraper-v2/daily_filtered
2026-04-05,daily,NO,finn.no,mobility_cars,dealer,,new_listings,488,listings,0,,vend-scraper-v2/daily_filtered
2026-04-05,daily,NO,finn.no,mobility_cars,private,,listings,13810,listings,0,,vend-scraper-v2/daily_filtered
2026-04-05,daily,NO,finn.no,mobility_cars,private,,new_listings,637,listings,0,,vend-scraper-v2/daily_filtered
2026-04-05,daily,NO,finn.no,real_estate_homes,,,listings,17156,listings,0,,vend-scraper-v2/daily_filtered
2026-04-05,daily,NO,finn.no,real_estate_homes,,,new_listings,336,listings,0,,vend-scraper-v2/daily_filtered
2026-04-06,daily,DK,bilbasen.dk,mobility_cars,dealer,,listings,45331,listings,0,,vend-scraper-v2/daily_filtered
2026-04-06,daily,DK,bilbasen.dk,mobility_cars,private,,listings,3401,listings,0,,vend-scraper-v2/daily_filtered
2026-04-06,weekly,DK,bilinfo.dk,mobility_cars,,,avg_days_to_sell,42,days,0,,vend-scraper-v2/bilinfo_weekly
2026-04-06,weekly,DK,bilinfo.dk,mobility_cars,,,supply_cars,49500,listings,0,,vend-scraper-v2/bilinfo_weekly
2026-04-06,weekly,DK,bilinfo.dk,mobility_cars,,,visits,412000,visitors,0,,vend-scraper-v2/bilinfo_weekly
2026-04-06,daily,SE,blocket.se,mobility_cars,dealer,,listings,119577,listings,0,,vend-scraper-v2/daily_filtered
2026-04-06,daily,SE,blocket.se,mobility_cars,dealer,,new_listings,2738,listings,0,,vend-scraper-v2/daily_filtered
2026-04-06,daily,SE,blocket.se,mobility_cars,private,,listings,18206,listings,0,,vend-scraper-v2/daily_filtered
2026-04-06,daily,SE,blocket.se,mobility_cars,private,,new_listings,1097,listings,0,,vend-scraper-v2/daily_filtered
2026-04-06,daily,NO,finn.no,jobs_listings,,,listings,20327,listings,0,,vend-scraper-v2/daily_filtered
2026-04-06,daily,NO,finn.no,jobs_listings,,,new_listings,102,listings,0,,vend-scraper-v2/daily_filtered
2026-04-06,daily,NO,finn.no,jobs_positions,,,listings,44952,listings,0,,vend-scraper-v2/daily_filtered
2026-04-06,daily,NO,finn.no,jobs_positions,,,new_listings,267,listings,0,,vend-scraper-v2/daily_filtered
2026-04-06,daily,NO,finn.no,mobility_cars,dealer,,listings,52775,listings,0,,vend-scraper-v2/daily_filtered
2026-04-06,daily,NO,finn.no,mobility_cars,dealer,,new_listings,686,listings,0,,vend-scraper-v2/daily_filtered
2026-04-06,daily,NO,finn.no,mobility_cars,private,,listings,14250,listings,0,,vend-scraper-v2/daily_filtered
2026-04-06,daily,NO,finn.no,mobility_cars,private,,new_listings,1096,listings,0,,vend-scraper-v2/daily_filtered
2026-04-06,daily,NO,finn.no,real_estate_homes,,,listings,17372,listings,0,,vend-scraper-v2/daily_filtered
2026-04-06,daily,NO,finn.no,real_estate_homes,,,new_listings,303,listings,0,,vend-scraper-v2/daily_filtered
2026-04-07,daily,DK,bilbasen.dk,mobility_cars,dealer,,listings,45064,listings,0,,vend-scraper-v2/daily_filtered
2026-04-07,daily,DK,bilbasen.dk,mobility_cars,private,,listings,3419,listings,0,,vend-scraper-v2/daily_filtered
2026-04-07,daily,SE,blocket.se,mobility_cars,dealer,,listings,119451,listings,0,,vend-scraper-v2/daily_filtered
2026-04-07,daily,SE,blocket.se,mobility_cars,dealer,,new_listings,4980,listings,0,,vend-scraper-v2/daily_filtered
2026-04-07,daily,SE,blocket.se,mobility_cars,private,,listings,18379,listings,0,,vend-scraper-v2/daily_filtered
2026-04-07,daily,SE,blocket.se,mobility_cars,private,,new_listings,978,listings,0,,vend-scraper-v2/daily_filtered
2026-04-07,daily,NO,finn.no,jobs_listings,,,listings,19071,listings,0,,vend-scraper-v2/daily_filtered
2026-04-07,daily,NO,finn.no,jobs_listings,,,new_listings,969,listings,0,,vend-scraper-v2/daily_filtered
2026-04-07,daily,NO,finn.no,jobs_positions,,,listings,42546,listings,0,,vend-scraper-v2/daily_filtered
2026-04-07,daily,NO,finn.no,jobs_positions,,,new_listings,2118,listings,0,,vend-scraper-v2/daily_filtered
2026-04-07,daily,NO,finn.no,mobility_cars,dealer,,listings,53417,listings,0,,vend-scraper-v2/daily_filtered
2026-04-07,daily,NO,finn.no,mobility_cars,dealer,,new_listings,1830,listings,0,,vend-scraper-v2/daily_filtered
2026-04-07,daily,NO,finn.no,mobility_cars,private,,listings,14382,listings,0,,vend-scraper-v2/daily_filtered
2026-04-07,daily,NO,finn.no,mobility_cars,private,,new_listings,898,listings,0,,vend-scraper-v2/daily_filtered
2026-04-07,daily,NO,finn.no,real_estate_homes,,,listings,17611,listings,0,,vend-scraper-v2/daily_filtered
2026-04-07,daily,NO,finn.no,real_estate_homes,,,new_listings,482,listings,0,,vend-scraper-v2/daily_filtered
2026-04-08,daily,DK,bilbasen.dk,mobility_cars,dealer,,listings,45125,listings,0,,vend-scraper-v2/daily_filtered
2026-04-08,daily,DK,bilbasen.dk,mobility_cars,private,,listings,3426,listings,0,,vend-scraper-v2/daily_filtered
2026-04-08,daily,SE,blocket.se,mobility_cars,dealer,,listings,119508,listings,0,,vend-scraper-v2/daily_filtered
2026-04-08,daily,SE,blocket.se,mobility_cars,dealer,,new_listings,5693,listings,0,,vend-scraper-v2/daily_filtered
2026-04-08,daily,SE,blocket.se,mobility_cars,private,,listings,18597,listings,0,,vend-scraper-v2/daily_filtered
2026-04-08,daily,SE,blocket.se,mobility_cars,private,,new_listings,1045,listings,0,,vend-scraper-v2/daily_filtered
2026-04-08,daily,NO,finn.no,jobs_listings,,,listings,18833,listings,0,,vend-scraper-v2/daily_filtered
2026-04-08,daily,NO,finn.no,jobs_listings,,,new_listings,989,listings,0,,vend-scraper-v2/daily_filtered
2026-04-08,daily,NO,finn.no,jobs_positions,,,listings,42325,listings,0,,vend-scraper-v2/daily_filtered
2026-04-08,daily,NO,finn.no,jobs_positions,,,new_listings,2108,listings,0,,vend-scraper-v2/daily_filtered
2026-04-08,daily,NO,finn.no,mobility_cars,dealer,,listings,54165,listings,0,,vend-scraper-v2/daily_filtered
2026-04-08,daily,NO,finn.no,mobility_cars,dealer,,new_listings,2036,listings,0,,vend-scraper-v2/daily_filtered
2026-04-08,daily,NO,finn.no,mobility_cars,private,,listings,14459,listings,0,,vend-scraper-v2/daily_filtered
2026-04-08,daily,NO,finn.no,mobility_cars,private,,new_listings,866,listings,0,,vend-scraper-v2/daily_filtered
2026-04-08,daily,NO,finn.no,real_estate_homes,,,listings,17841,listings,0,,vend-scraper-v2/daily_filtered
2026-04-08,daily,NO,finn.no,real_estate_homes,,,new_listings,402,listings,0,,vend-scraper-v2/daily_filtered
2026-04-09,daily,DK,bilbasen.dk,mobility_cars,dealer,,listings,45084,listings,0,,vend-scraper-v2/daily_filtered
2026-04-09,daily,DK,bilbasen.dk,mobility_cars,private,,listings,3435,listings,0,,vend-scraper-v2/daily_filtered
2026-04-09,daily,SE,blocket.se,mobility_cars,dealer,,listings,119649,listings,0,,vend-scraper-v2/daily_filtered
2026-04-09,daily,SE,blocket.se,mobility_cars,dealer,,new_listings,5764,listings,0,,vend-scraper-v2/daily_filtered
2026-04-09,daily,SE,blocket.se,mobility_cars,private,,listings,18670,listings,0,,vend-scraper-v2/daily_filtered
2026-04-09,daily,SE,blocket.se,mobility_cars,private,,new_listings,997,listings,0,,vend-scraper-v2/daily_filtered
2026-04-09,daily,NO,finn.no,jobs_listings,,,listings,18820,listings,0,,vend-scraper-v2/daily_filtered
2026-04-09,daily,NO,finn.no,jobs_listings,,,new_listings,932,listings,0,,vend-scraper-v2/daily_filtered
2026-04-09,daily,NO,finn.no,jobs_positions,,,listings,42443,listings,0,,vend-scraper-v2/daily_filtered
2026-04-09,daily,NO,finn.no,jobs_positions,,,new_listings,1944,listings,0,,vend-scraper-v2/daily_filtered
2026-04-09,daily,NO,finn.no,mobility_cars,dealer,,listings,55014,listings,0,,vend-scraper-v2/daily_filtered
2026-04-09,daily,NO,finn.no,mobility_cars,dealer,,new_listings,1985,listings,0,,vend-scraper-v2/daily_filtered
2026-04-09,daily,NO,finn.no,mobility_cars,private,,listings,14570,listings,0,,vend-scraper-v2/daily_filtered
2026-04-09,daily,NO,finn.no,mobility_cars,private,,new_listings,857,listings,0,,vend-scraper-v2/daily_filtered
2026-04-09,daily,NO,finn.no,real_estate_homes,,,listings,18086,listings,0,,vend-scraper-v2/daily_filtered
2026-04-09,daily,NO,finn.no,real_estate_homes,,,new_listings,435,listings,0,,vend-scraper-v2/daily_filtered
2026-04-10,daily,DK,bilbasen.dk,mobility_cars,dealer,,listings,45126,listings,0,,vend-scraper-v2/daily_filtered
2026-04-10,daily,DK,bilbasen.dk,mobility_cars,private,,listings,3401,listings,0,,vend-scraper-v2/daily_filtered
2026-04-10,daily,SE,blocket.se,mobility_cars,dealer,,listings,119863,listings,0,,vend-scraper-v2/daily_filtered
2026-04-10,daily,SE,blocket.se,mobility_cars,dealer,,new_listings,6284,listings,0,,vend-scraper-v2/daily_filtered
2026-04-10,daily,SE,blocket.se,mobility_cars,private,,listings,18804,listings,0,,vend-scraper-v2/daily_filtered
2026-04-10,daily,SE,blocket.se,mobility_cars,private,,new_listings,1126,listings,0,,vend-scraper-v2/daily_filtered
2026-04-10,daily,NO,finn.no,jobs_listings,,,listings,19421,listings,0,,vend-scraper-v2/daily_filtered
2026-04-10,daily,NO,finn.no,jobs_listings,,,new_listings,1181,listings,0,,vend-scraper-v2/daily_filtered
2026-04-10,daily,NO,finn.no,jobs_positions,,,listings,43389,listings,0,,vend-scraper-v2/daily_filtered
2026-04-10,daily,NO,finn.no,jobs_positions,,,new_listings,2288,listings,0,,vend-scraper-v2/daily_filtered
2026-04-10,daily,NO,finn.no,mobility_cars,dealer,,listings,55251,listings,0,,vend-scraper-v2/daily_filtered
2026-04-10,daily,NO,finn.no,mobility_cars,dealer,,new_listings,2147,listings,0,,vend-scraper-v2/daily_filtered
2026-04-10,daily,NO,finn.no,mobility_cars,private,,listings,14552,listings,0,,vend-scraper-v2/daily_filtered
2026-04-10,daily,NO,finn.no,mobility_cars,private,,new_listings,799,listings,0,,vend-scraper-v2/daily_filtered
2026-04-10,daily,NO,finn.no,real_estate_homes,,,listings,18654,listings,0,,vend-scraper-v2/daily_filtered
2026-04-10,daily,NO,finn.no,real_estate_homes,,,new_listings,1040,listings,0,,vend-scraper-v2/daily_filtered
2026-04-11,daily,DK,bilbasen.dk,mobility_cars,dealer,,listings,44911,listings,0,,vend-scraper-v2/daily_filtered
2026-04-11,daily,DK,bilbasen.dk,mobility_cars,private,,listings,3444,listings,0,,vend-scraper-v2/daily_filtered
2026-04-11,daily,SE,blocket.se,mobility_cars,dealer,,listings,118887,listings,0,,vend-scraper-v2/daily_filtered
2026-04-11,daily,SE,blocket.se,mobility_cars,dealer,,new_listings,2944,listings,0,,vend-scraper-v2/daily_filtered
2026-04-11,daily,SE,blocket.se,mobility_cars,private,,listings,19041,listings,0,,vend-scraper-v2/daily_filtered
2026-04-11,daily,SE,blocket.se,mobility_cars,private,,new_listings,1259,listings,0,,vend-scraper-v2/daily_filtered
2026-04-11,daily,NO,finn.no,jobs_listings,,,listings,18639,listings,0,,vend-scraper-v2/daily_filtered
2026-04-11,daily,NO,finn.no,jobs_listings,,,new_listings,79,listings,0,,vend-scraper-v2/daily_filtered
2026-04-11,daily,NO,finn.no,jobs_positions,,,listings,41568,listings,0,,vend-scraper-v2/daily_filtered
2026-04-11,daily,NO,finn.no,jobs_positions,,,new_listings,120,listings,0,,vend-scraper-v2/daily_filtered
2026-04-11,daily,NO,finn.no,mobility_cars,dealer,,listings,54695,listings,0,,vend-scraper-v2/daily_filtered
2026-04-11,daily,NO,finn.no,mobility_cars,dealer,,new_listings,576,listings,0,,vend-scraper-v2/daily_filtered
2026-04-11,daily,NO,finn.no,mobility_cars,private,,listings,14626,listings,0,,vend-scraper-v2/daily_filtered
2026-04-11,daily,NO,finn.no,mobility_cars,private,,new_listings,842,listings,0,,vend-scraper-v2/daily_filtered
2026-04-11,daily,NO,finn.no,real_estate_homes,,,listings,18499,listings,0,,vend-scraper-v2/daily_filtered
2026-04-11,daily,NO,finn.no,real_estate_homes,,,new_listings,440,listings,0,,vend-scraper-v2/daily_filtered
2026-04-12,daily,DK,bilbasen.dk,mobility_cars,dealer,,listings,44300,listings,0,,vend-scraper-v2/daily_filtered
2026-04-12,daily,DK,bilbasen.dk,mobility_cars,private,,listings,3460,listings,0,,vend-scraper-v2/daily_filtered
2026-04-12,daily,SE,blocket.se,mobility_cars,dealer,,listings,118574,listings,0,,vend-scraper-v2/daily_filtered
2026-04-12,daily,SE,blocket.se,mobility_cars,dealer,,new_listings,1900,listings,0,,vend-scraper-v2/daily_filtered
2026-04-12,daily,SE,blocket.se,mobility_cars,private,,listings,19362,listings,0,,vend-scraper-v2/daily_filtered
2026-04-12,daily,SE,blocket.se,mobility_cars,private,,new_listings,1290,listings,0,,vend-scraper-v2/daily_filtered
2026-04-12,daily,NO,finn.no,jobs_listings,,,listings,18570,listings,0,,vend-scraper-v2/daily_filtered
2026-04-12,daily,NO,finn.no,jobs_listings,,,new_listings,99,listings,0,,vend-scraper-v2/daily_filtered
2026-04-12,daily,NO,finn.no,jobs_positions,,,listings,41240,listings,0,,vend-scraper-v2/daily_filtered
2026-04-12,daily,NO,finn.no,jobs_positions,,,new_listings,168,listings,0,,vend-scraper-v2/daily_filtered
2026-04-12,daily,NO,finn.no,mobility_cars,dealer,,listings,53958,listings,0,,vend-scraper-v2/daily_filtered
2026-04-12,daily,NO,finn.no,mobility_cars,dealer,,new_listings,574,listings,0,,vend-scraper-v2/daily_filtered
2026-04-12,daily,NO,finn.no,mobility_cars,private,,listings,14973,listings,0,,vend-scraper-v2/daily_filtered
2026-04-12,daily,NO,finn.no,mobility_cars,private,,new_listings,1041,listings,0,,vend-scraper-v2/daily_filtered
2026-04-12,daily,NO,finn.no,real_estate_homes,,,listings,18147,listings,0,,vend-scraper-v2/daily_filtered
2026-04-12,daily,NO,finn.no,real_estate_homes,,,new_listings,357,listings,0,,vend-scraper-v2/daily_filtered
2026-04-13,daily,DK,bilbasen.dk,mobility_cars,dealer,,listings,44136,listings,0,,vend-scraper-v2/daily_filtered
2026-04-13,daily,DK,bilbasen.dk,mobility_cars,private,,listings,3492,listings,0,,vend-scraper-v2/daily_filtered
2026-04-13,weekly,DK,bilinfo.dk,mobility_cars,,,avg_days_to_sell,42,days,0,,vend-scraper-v2/bilinfo_weekly
2026-04-13,weekly,DK,bilinfo.dk,mobility_cars,,,supply_cars,49000,listings,0,,vend-scraper-v2/bilinfo_weekly
2026-04-13,weekly,DK,bilinfo.dk,mobility_cars,,,visits,418000,visitors,0,,vend-scraper-v2/bilinfo_weekly
2026-04-13,daily,SE,blocket.se,mobility_cars,dealer,,listings,118547,listings,0,,vend-scraper-v2/daily_filtered
2026-04-13,daily,SE,blocket.se,mobility_cars,dealer,,new_listings,4785,listings,0,,vend-scraper-v2/daily_filtered
2026-04-13,daily,SE,blocket.se,mobility_cars,private,,listings,19545,listings,0,,vend-scraper-v2/daily_filtered
2026-04-13,daily,SE,blocket.se,mobility_cars,private,,new_listings,1097,listings,0,,vend-scraper-v2/daily_filtered
2026-04-13,daily,NO,finn.no,jobs_listings,,,listings,17807,listings,0,,vend-scraper-v2/daily_filtered
2026-04-13,daily,NO,finn.no,jobs_listings,,,new_listings,1118,listings,0,,vend-scraper-v2/daily_filtered
2026-04-13,daily,NO,finn.no,jobs_positions,,,listings,39850,listings,0,,vend-scraper-v2/daily_filtered
2026-04-13,daily,NO,finn.no,jobs_positions,,,new_listings,2180,listings,0,,vend-scraper-v2/daily_filtered
2026-04-13,daily,NO,finn.no,mobility_cars,dealer,,listings,53642,listings,0,,vend-scraper-v2/daily_filtered
2026-04-13,daily,NO,finn.no,mobility_cars,dealer,,new_listings,1883,listings,0,,vend-scraper-v2/daily_filtered
2026-04-13,daily,NO,finn.no,mobility_cars,private,,listings,15084,listings,0,,vend-scraper-v2/daily_filtered
2026-04-13,daily,NO,finn.no,mobility_cars,private,,new_listings,933,listings,0,,vend-scraper-v2/daily_filtered
2026-04-13,daily,NO,finn.no,real_estate_homes,,,listings,17882,listings,0,,vend-scraper-v2/daily_filtered
2026-04-13,daily,NO,finn.no,real_estate_homes,,,new_listings,621,listings,0,,vend-scraper-v2/daily_filtered
2026-04-14,daily,DK,bilbasen.dk,mobility_cars,dealer,,listings,44155,listings,0,,vend-scraper-v2/daily_filtered
2026-04-14,daily,DK,bilbasen.dk,mobility_cars,private,,listings,3495,listings,0,,vend-scraper-v2/daily_filtered
2026-04-14,daily,SE,blocket.se,mobility_cars,dealer,,listings,118828,listings,0,,vend-scraper-v2/daily_filtered
2026-04-14,daily,SE,blocket.se,mobility_cars,dealer,,new_listings,5595,listings,0,,vend-scraper-v2/daily_filtered
2026-04-14,daily,SE,blocket.se,mobility_cars,private,,listings,19619,listings,0,,vend-scraper-v2/daily_filtered
2026-04-14,daily,SE,blocket.se,mobility_cars,private,,new_listings,965,listings,0,,vend-scraper-v2/daily_filtered
2026-04-14,daily,NO,finn.no,jobs_listings,,,listings,17691,listings,0,,vend-scraper-v2/daily_filtered
2026-04-14,daily,NO,finn.no,jobs_listings,,,new_listings,1099,listings,0,,vend-scraper-v2/daily_filtered
2026-04-14,daily,NO,finn.no,jobs_positions,,,listings,39285,listings,0,,vend-scraper-v2/daily_filtered
2026-04-14,daily,NO,finn.no,jobs_positions,,,new_listings,2066,listings,0,,vend-scraper-v2/daily_filtered
2026-04-14,daily,NO,finn.no,mobility_cars,dealer,,listings,53906,listings,0,,vend-scraper-v2/daily_filtered
2026-04-14,daily,NO,finn.no,mobility_cars,dealer,,new_listings,1995,listings,0,,vend-scraper-v2/daily_filtered
2026-04-14,daily,NO,finn.no,mobility_cars,private,,listings,14973,listings,0,,vend-scraper-v2/daily_filtered
2026-04-14,daily,NO,finn.no,mobility_cars,private,,new_listings,747,listings,0,,vend-scraper-v2/daily_filtered
2026-04-14,daily,NO,finn.no,real_estate_homes,,,listings,18213,listings,0,,vend-scraper-v2/daily_filtered
2026-04-14,daily,NO,finn.no,real_estate_homes,,,new_listings,567,listings,0,,vend-scraper-v2/daily_filtered
2026-04-15,daily,DK,bilbasen.dk,mobility_cars,dealer,,listings,44226,listings,0,,vend-scraper-v2/daily_filtered
2026-04-15,daily,DK,bilbasen.dk,mobility_cars,private,,listings,3488,listings,0,,vend-scraper-v2/daily_filtered
2026-04-15,daily,SE,blocket.se,mobility_cars,dealer,,listings,119105,listings,0,,vend-scraper-v2/daily_filtered
2026-04-15,daily,SE,blocket.se,mobility_cars,dealer,,new_listings,5246,listings,0,,vend-scraper-v2/daily_filtered
2026-04-15,daily,SE,blocket.se,mobility_cars,private,,listings,19702,listings,0,,vend-scraper-v2/daily_filtered
2026-04-15,daily,SE,blocket.se,mobility_cars,private,,new_listings,915,listings,0,,vend-scraper-v2/daily_filtered
2026-04-15,daily,NO,finn.no,jobs_listings,,,listings,18121,listings,0,,vend-scraper-v2/daily_filtered
2026-04-15,daily,NO,finn.no,jobs_listings,,,new_listings,1041,listings,0,,vend-scraper-v2/daily_filtered
2026-04-15,daily,NO,finn.no,jobs_positions,,,listings,40165,listings,0,,vend-scraper-v2/daily_filtered
2026-04-15,daily,NO,finn.no,jobs_positions,,,new_listings,2040,listings,0,,vend-scraper-v2/daily_filtered
2026-04-15,daily,NO,finn.no,mobility_cars,dealer,,listings,54589,listings,0,,vend-scraper-v2/daily_filtered
2026-04-15,daily,NO,finn.no,mobility_cars,dealer,,new_listings,1816,listings,0,,vend-scraper-v2/daily_filtered
2026-04-15,daily,NO,finn.no,mobility_cars,private,,listings,15002,listings,0,,vend-scraper-v2/daily_filtered
2026-04-15,daily,NO,finn.no,mobility_cars,private,,new_listings,872,listings,0,,vend-scraper-v2/daily_filtered
2026-04-15,daily,NO,finn.no,real_estate_homes,,,listings,18572,listings,0,,vend-scraper-v2/daily_filtered
2026-04-15,daily,NO,finn.no,real_estate_homes,,,new_listings,584,listings,0,,vend-scraper-v2/daily_filtered
2026-04-16,daily,DK,bilbasen.dk,mobility_cars,dealer,,listings,44392,listings,0,,vend-scraper-v2/daily_filtered
2026-04-16,daily,DK,bilbasen.dk,mobility_cars,private,,listings,3472,listings,0,,vend-scraper-v2/daily_filtered
2026-04-16,daily,SE,blocket.se,mobility_cars,dealer,,listings,119513,listings,0,,vend-scraper-v2/daily_filtered
2026-04-16,daily,SE,blocket.se,mobility_cars,dealer,,new_listings,5941,listings,0,,vend-scraper-v2/daily_filtered
2026-04-16,daily,SE,blocket.se,mobility_cars,private,,listings,19678,listings,0,,vend-scraper-v2/daily_filtered
2026-04-16,daily,SE,blocket.se,mobility_cars,private,,new_listings,930,listings,0,,vend-scraper-v2/daily_filtered
2026-04-16,daily,NO,finn.no,jobs_listings,,,listings,18167,listings,0,,vend-scraper-v2/daily_filtered
2026-04-16,daily,NO,finn.no,jobs_listings,,,new_listings,1048,listings,0,,vend-scraper-v2/daily_filtered
2026-04-16,daily,NO,finn.no,jobs_positions,,,listings,40748,listings,0,,vend-scraper-v2/daily_filtered
2026-04-16,daily,NO,finn.no,jobs_positions,,,new_listings,2339,listings,0,,vend-scraper-v2/daily_filtered
2026-04-16,daily,NO,finn.no,mobility_cars,dealer,,listings,54487,listings,0,,vend-scraper-v2/daily_filtered
2026-04-16,daily,NO,finn.no,mobility_cars,dealer,,new_listings,1865,listings,0,,vend-scraper-v2/daily_filtered
2026-04-16,daily,NO,finn.no,mobility_cars,private,,listings,15080,listings,0,,vend-scraper-v2/daily_filtered
2026-04-16,daily,NO,finn.no,mobility_cars,private,,new_listings,850,listings,0,,vend-scraper-v2/daily_filtered
2026-04-16,daily,NO,finn.no,real_estate_homes,,,listings,18343,listings,0,,vend-scraper-v2/daily_filtered
2026-04-16,daily,NO,finn.no,real_estate_homes,,,new_listings,485,listings,0,,vend-scraper-v2/daily_filtered
2026-04-17,daily,DK,bilbasen.dk,mobility_cars,dealer,,listings,44607,listings,0,,vend-scraper-v2/daily_filtered
2026-04-17,daily,DK,bilbasen.dk,mobility_cars,private,,listings,3466,listings,0,,vend-scraper-v2/daily_filtered
2026-04-17,daily,SE,blocket.se,mobility_cars,dealer,,listings,119788,listings,0,,vend-scraper-v2/daily_filtered
2026-04-17,daily,SE,blocket.se,mobility_cars,dealer,,new_listings,6132,listings,0,,vend-scraper-v2/daily_filtered
2026-04-17,daily,SE,blocket.se,mobility_cars,private,,listings,19806,listings,0,,vend-scraper-v2/daily_filtered
2026-04-17,daily,SE,blocket.se,mobility_cars,private,,new_listings,1083,listings,0,,vend-scraper-v2/daily_filtered
2026-04-17,daily,NO,finn.no,jobs_listings,,,listings,18996,listings,0,,vend-scraper-v2/daily_filtered
2026-04-17,daily,NO,finn.no,jobs_listings,,,new_listings,1367,listings,0,,vend-scraper-v2/daily_filtered
2026-04-17,daily,NO,finn.no,jobs_positions,,,listings,42144,listings,0,,vend-scraper-v2/daily_filtered
2026-04-17,daily,NO,finn.no,jobs_positions,,,new_listings,2773,listings,0,,vend-scraper-v2/daily_filtered
2026-04-17,daily,NO,finn.no,mobility_cars,dealer,,listings,54385,listings,0,,vend-scraper-v2/daily_filtered
2026-04-17,daily,NO,finn.no,mobility_cars,dealer,,new_listings,1877,listings,0,,vend-scraper-v2/daily_filtered
2026-04-17,daily,NO,finn.no,mobility_cars,private,,listings,15092,listings,0,,vend-scraper-v2/daily_filtered
2026-04-17,daily,NO,finn.no,mobility_cars,private,,new_listings,816,listings,0,,vend-scraper-v2/daily_filtered
2026-04-17,daily,NO,finn.no,real_estate_homes,,,listings,18707,listings,0,,vend-scraper-v2/daily_filtered
2026-04-17,daily,NO,finn.no,real_estate_homes,,,new_listings,1147,listings,0,,vend-scraper-v2/daily_filtered
2026-04-18,daily,DK,bilbasen.dk,mobility_cars,dealer,,listings,44445,listings,0,,vend-scraper-v2/daily_filtered
2026-04-18,daily,DK,bilbasen.dk,mobility_cars,private,,listings,3472,listings,0,,vend-scraper-v2/daily_filtered
2026-04-18,daily,SE,blocket.se,mobility_cars,dealer,,listings,119025,listings,0,,vend-scraper-v2/daily_filtered
2026-04-18,daily,SE,blocket.se,mobility_cars,dealer,,new_listings,2865,listings,0,,vend-scraper-v2/daily_filtered
2026-04-18,daily,SE,blocket.se,mobility_cars,private,,listings,20027,listings,0,,vend-scraper-v2/daily_filtered
2026-04-18,daily,SE,blocket.se,mobility_cars,private,,new_listings,1214,listings,0,,vend-scraper-v2/daily_filtered
2026-04-18,daily,NO,finn.no,jobs_listings,,,listings,18414,listings,0,,vend-scraper-v2/daily_filtered
2026-04-18,daily,NO,finn.no,jobs_listings,,,new_listings,73,listings,0,,vend-scraper-v2/daily_filtered
2026-04-18,daily,NO,finn.no,jobs_positions,,,listings,40906,listings,0,,vend-scraper-v2/daily_filtered
2026-04-18,daily,NO,finn.no,jobs_positions,,,new_listings,131,listings,0,,vend-scraper-v2/daily_filtered
2026-04-18,daily,NO,finn.no,mobility_cars,dealer,,listings,53755,listings,0,,vend-scraper-v2/daily_filtered
2026-04-18,daily,NO,finn.no,mobility_cars,dealer,,new_listings,544,listings,0,,vend-scraper-v2/daily_filtered
2026-04-18,daily,NO,finn.no,mobility_cars,private,,listings,15135,listings,0,,vend-scraper-v2/daily_filtered
2026-04-18,daily,NO,finn.no,mobility_cars,private,,new_listings,798,listings,0,,vend-scraper-v2/daily_filtered
2026-04-18,daily,NO,finn.no,real_estate_homes,,,listings,18696,listings,0,,vend-scraper-v2/daily_filtered
2026-04-18,daily,NO,finn.no,real_estate_homes,,,new_listings,462,listings,0,,vend-scraper-v2/daily_filtered
2026-04-19,daily,DK,bilbasen.dk,mobility_cars,dealer,,listings,43800,listings,0,,vend-scraper-v2/daily_filtered
2026-04-19,daily,DK,bilbasen.dk,mobility_cars,private,,listings,3458,listings,0,,vend-scraper-v2/daily_filtered
2026-04-19,daily,SE,blocket.se,mobility_cars,dealer,,listings,118714,listings,0,,vend-scraper-v2/daily_filtered
2026-04-19,daily,SE,blocket.se,mobility_cars,dealer,,new_listings,1952,listings,0,,vend-scraper-v2/daily_filtered
2026-04-19,daily,SE,blocket.se,mobility_cars,private,,listings,20257,listings,0,,vend-scraper-v2/daily_filtered
2026-04-19,daily,SE,blocket.se,mobility_cars,private,,new_listings,1318,listings,0,,vend-scraper-v2/daily_filtered
2026-04-19,daily,NO,finn.no,jobs_listings,,,listings,18361,listings,0,,vend-scraper-v2/daily_filtered
2026-04-19,daily,NO,finn.no,jobs_listings,,,new_listings,81,listings,0,,vend-scraper-v2/daily_filtered
2026-04-19,daily,NO,finn.no,jobs_positions,,,listings,40761,listings,0,,vend-scraper-v2/daily_filtered
2026-04-19,daily,NO,finn.no,jobs_positions,,,new_listings,140,listings,0,,vend-scraper-v2/daily_filtered
2026-04-19,daily,NO,finn.no,mobility_cars,dealer,,listings,53087,listings,0,,vend-scraper-v2/daily_filtered
2026-04-19,daily,NO,finn.no,mobility_cars,dealer,,new_listings,662,listings,0,,vend-scraper-v2/daily_filtered
2026-04-19,daily,NO,finn.no,mobility_cars,private,,listings,15344,listings,0,,vend-scraper-v2/daily_filtered
2026-04-19,daily,NO,finn.no,mobility_cars,private,,new_listings,974,listings,0,,vend-scraper-v2/daily_filtered
2026-04-19,daily,NO,finn.no,real_estate_homes,,,listings,18655,listings,0,,vend-scraper-v2/daily_filtered
2026-04-19,daily,NO,finn.no,real_estate_homes,,,new_listings,437,listings,0,,vend-scraper-v2/daily_filtered
2026-04-20,daily,DK,bilbasen.dk,mobility_cars,dealer,,listings,43666,listings,0,,vend-scraper-v2/daily_filtered
2026-04-20,daily,DK,bilbasen.dk,mobility_cars,private,,listings,3468,listings,0,,vend-scraper-v2/daily_filtered
2026-04-20,weekly,DK,bilinfo.dk,mobility_cars,,,avg_days_to_sell,42,days,0,,vend-scraper-v2/bilinfo_weekly
2026-04-20,weekly,DK,bilinfo.dk,mobility_cars,,,supply_cars,48800,listings,0,,vend-scraper-v2/bilinfo_weekly
2026-04-20,weekly,DK,bilinfo.dk,mobility_cars,,,visits,421000,visitors,0,,vend-scraper-v2/bilinfo_weekly
2026-04-20,daily,SE,blocket.se,mobility_cars,dealer,,listings,118554,listings,0,,vend-scraper-v2/daily_filtered
2026-04-20,daily,SE,blocket.se,mobility_cars,dealer,,new_listings,4891,listings,0,,vend-scraper-v2/daily_filtered
2026-04-20,daily,SE,blocket.se,mobility_cars,private,,listings,20494,listings,0,,vend-scraper-v2/daily_filtered
2026-04-20,daily,SE,blocket.se,mobility_cars,private,,new_listings,1155,listings,0,,vend-scraper-v2/daily_filtered
2026-04-20,daily,NO,finn.no,jobs_listings,,,listings,18058,listings,0,,vend-scraper-v2/daily_filtered
2026-04-20,daily,NO,finn.no,jobs_listings,,,new_listings,1146,listings,0,,vend-scraper-v2/daily_filtered
2026-04-20,daily,NO,finn.no,jobs_positions,,,listings,40528,listings,0,,vend-scraper-v2/daily_filtered
2026-04-20,daily,NO,finn.no,jobs_positions,,,new_listings,2608,listings,0,,vend-scraper-v2/daily_filtered
2026-04-20,daily,NO,finn.no,mobility_cars,dealer,,listings,53022,listings,0,,vend-scraper-v2/daily_filtered
2026-04-20,daily,NO,finn.no,mobility_cars,dealer,,new_listings,1676,listings,0,,vend-scraper-v2/daily_filtered
2026-04-20,daily,NO,finn.no,mobility_cars,private,,listings,15555,listings,0,,vend-scraper-v2/daily_filtered
2026-04-20,daily,NO,finn.no,mobility_cars,private,,new_listings,1023,listings,0,,vend-scraper-v2/daily_filtered
2026-04-20,daily,NO,finn.no,real_estate_homes,,,listings,18623,listings,0,,vend-scraper-v2/daily_filtered
2026-04-20,daily,NO,finn.no,real_estate_homes,,,new_listings,669,listings,0,,vend-scraper-v2/daily_filtered
2026-04-21,daily,DK,bilbasen.dk,mobility_cars,dealer,,listings,43675,listings,0,,vend-scraper-v2/daily_filtered
2026-04-21,daily,DK,bilbasen.dk,mobility_cars,private,,listings,3463,listings,0,,vend-scraper-v2/daily_filtered
2026-04-21,daily,SE,blocket.se,mobility_cars,dealer,,listings,118684,listings,0,,vend-scraper-v2/daily_filtered
2026-04-21,daily,SE,blocket.se,mobility_cars,dealer,,new_listings,5308,listings,0,,vend-scraper-v2/daily_filtered
2026-04-21,daily,SE,blocket.se,mobility_cars,private,,listings,20666,listings,0,,vend-scraper-v2/daily_filtered
2026-04-21,daily,SE,blocket.se,mobility_cars,private,,new_listings,1068,listings,0,,vend-scraper-v2/daily_filtered
2026-04-21,daily,NO,finn.no,jobs_listings,,,listings,18291,listings,0,,vend-scraper-v2/daily_filtered
2026-04-21,daily,NO,finn.no,jobs_listings,,,new_listings,1080,listings,0,,vend-scraper-v2/daily_filtered
2026-04-21,daily,NO,finn.no,jobs_positions,,,listings,41025,listings,0,,vend-scraper-v2/daily_filtered
2026-04-21,daily,NO,finn.no,jobs_positions,,,new_listings,2235,listings,0,,vend-scraper-v2/daily_filtered
2026-04-21,daily,NO,finn.no,mobility_cars,dealer,,listings,53412,listings,0,,vend-scraper-v2/daily_filtered
2026-04-21,daily,NO,finn.no,mobility_cars,dealer,,new_listings,2013,listings,0,,vend-scraper-v2/daily_filtered
2026-04-21,daily,NO,finn.no,mobility_cars,private,,listings,15688,listings,0,,vend-scraper-v2/daily_filtered
2026-04-21,daily,NO,finn.no,mobility_cars,private,,new_listings,929,listings,0,,vend-scraper-v2/daily_filtered
2026-04-21,daily,NO,finn.no,real_estate_homes,,,listings,19034,listings,0,,vend-scraper-v2/daily_filtered
2026-04-21,daily,NO,finn.no,real_estate_homes,,,new_listings,671,listings,0,,vend-scraper-v2/daily_filtered
2026-04-22,daily,DK,bilbasen.dk,mobility_cars,dealer,,listings,43885,listings,0,,vend-scraper-v2/daily_filtered
2026-04-22,daily,DK,bilbasen.dk,mobility_cars,private,,listings,3436,listings,0,,vend-scraper-v2/daily_filtered
2026-04-22,daily,SE,blocket.se,mobility_cars,dealer,,listings,118935,listings,0,,vend-scraper-v2/daily_filtered
2026-04-22,daily,SE,blocket.se,mobility_cars,dealer,,new_listings,5488,listings,0,,vend-scraper-v2/daily_filtered
2026-04-22,daily,SE,blocket.se,mobility_cars,private,,listings,20791,listings,0,,vend-scraper-v2/daily_filtered
2026-04-22,daily,SE,blocket.se,mobility_cars,private,,new_listings,1026,listings,0,,vend-scraper-v2/daily_filtered
2026-04-22,daily,NO,finn.no,jobs_listings,,,listings,18777,listings,0,,vend-scraper-v2/daily_filtered
2026-04-22,daily,NO,finn.no,jobs_listings,,,new_listings,1073,listings,0,,vend-scraper-v2/daily_filtered
2026-04-22,daily,NO,finn.no,jobs_positions,,,listings,42006,listings,0,,vend-scraper-v2/daily_filtered
2026-04-22,daily,NO,finn.no,jobs_positions,,,new_listings,2335,listings,0,,vend-scraper-v2/daily_filtered
2026-04-22,daily,NO,finn.no,mobility_cars,dealer,,listings,54053,listings,0,,vend-scraper-v2/daily_filtered
2026-04-22,daily,NO,finn.no,mobility_cars,dealer,,new_listings,2170,listings,0,,vend-scraper-v2/daily_filtered
2026-04-22,daily,NO,finn.no,mobility_cars,private,,listings,15700,listings,0,,vend-scraper-v2/daily_filtered
2026-04-22,daily,NO,finn.no,mobility_cars,private,,new_listings,858,listings,0,,vend-scraper-v2/daily_filtered
2026-04-22,daily,NO,finn.no,real_estate_homes,,,listings,19475,listings,0,,vend-scraper-v2/daily_filtered
2026-04-22,daily,NO,finn.no,real_estate_homes,,,new_listings,655,listings,0,,vend-scraper-v2/daily_filtered
2026-04-23,daily,DK,bilbasen.dk,mobility_cars,dealer,,listings,43964,listings,0,,vend-scraper-v2/daily_filtered
2026-04-23,daily,DK,bilbasen.dk,mobility_cars,private,,listings,3439,listings,0,,vend-scraper-v2/daily_filtered
2026-04-23,daily,SE,blocket.se,mobility_cars,dealer,,listings,119328,listings,0,,vend-scraper-v2/daily_filtered
2026-04-23,daily,SE,blocket.se,mobility_cars,dealer,,new_listings,5670,listings,0,,vend-scraper-v2/daily_filtered
2026-04-23,daily,SE,blocket.se,mobility_cars,private,,listings,20866,listings,0,,vend-scraper-v2/daily_filtered
2026-04-23,daily,SE,blocket.se,mobility_cars,private,,new_listings,982,listings,0,,vend-scraper-v2/daily_filtered
2026-04-23,daily,NO,finn.no,jobs_listings,,,listings,19254,listings,0,,vend-scraper-v2/daily_filtered
2026-04-23,daily,NO,finn.no,jobs_listings,,,new_listings,1056,listings,0,,vend-scraper-v2/daily_filtered
2026-04-23,daily,NO,finn.no,jobs_positions,,,listings,42911,listings,0,,vend-scraper-v2/daily_filtered
2026-04-23,daily,NO,finn.no,jobs_positions,,,new_listings,2029,listings,0,,vend-scraper-v2/daily_filtered
2026-04-23,daily,NO,finn.no,mobility_cars,dealer,,listings,54034,listings,0,,vend-scraper-v2/daily_filtered
2026-04-23,daily,NO,finn.no,mobility_cars,dealer,,new_listings,2041,listings,0,,vend-scraper-v2/daily_filtered
2026-04-23,daily,NO,finn.no,mobility_cars,private,,listings,15739,listings,0,,vend-scraper-v2/daily_filtered
2026-04-23,daily,NO,finn.no,mobility_cars,private,,new_listings,804,listings,0,,vend-scraper-v2/daily_filtered
2026-04-23,daily,NO,finn.no,real_estate_homes,,,listings,19355,listings,0,,vend-scraper-v2/daily_filtered
2026-04-23,daily,NO,finn.no,real_estate_homes,,,new_listings,566,listings,0,,vend-scraper-v2/daily_filtered
2026-04-24,daily,DK,bilbasen.dk,mobility_cars,dealer,,listings,44208,listings,0,,vend-scraper-v2/daily_filtered
2026-04-24,daily,DK,bilbasen.dk,mobility_cars,private,,listings,3419,listings,0,,vend-scraper-v2/daily_filtered
2026-04-24,daily,SE,blocket.se,mobility_cars,dealer,,listings,119777,listings,0,,vend-scraper-v2/daily_filtered
2026-04-24,daily,SE,blocket.se,mobility_cars,dealer,,new_listings,6003,listings,0,,vend-scraper-v2/daily_filtered
2026-04-24,daily,SE,blocket.se,mobility_cars,private,,listings,21056,listings,0,,vend-scraper-v2/daily_filtered
2026-04-24,daily,SE,blocket.se,mobility_cars,private,,new_listings,1346,listings,0,,vend-scraper-v2/daily_filtered
2026-04-24,daily,NO,finn.no,jobs_listings,,,listings,19855,listings,0,,vend-scraper-v2/daily_filtered
2026-04-24,daily,NO,finn.no,jobs_listings,,,new_listings,1128,listings,0,,vend-scraper-v2/daily_filtered
2026-04-24,daily,NO,finn.no,jobs_positions,,,listings,43610,listings,0,,vend-scraper-v2/daily_filtered
2026-04-24,daily,NO,finn.no,jobs_positions,,,new_listings,2155,listings,0,,vend-scraper-v2/daily_filtered
2026-04-24,daily,NO,finn.no,mobility_cars,dealer,,listings,54157,listings,0,,vend-scraper-v2/daily_filtered
2026-04-24,daily,NO,finn.no,mobility_cars,dealer,,new_listings,1966,listings,0,,vend-scraper-v2/daily_filtered
2026-04-24,daily,NO,finn.no,mobility_cars,private,,listings,15715,listings,0,,vend-scraper-v2/daily_filtered
2026-04-24,daily,NO,finn.no,mobility_cars,private,,new_listings,798,listings,0,,vend-scraper-v2/daily_filtered
2026-04-24,daily,NO,finn.no,real_estate_homes,,,listings,19586,listings,0,,vend-scraper-v2/daily_filtered
2026-04-24,daily,NO,finn.no,real_estate_homes,,,new_listings,1037,listings,0,,vend-scraper-v2/daily_filtered
2026-04-25,daily,DK,bilbasen.dk,mobility_cars,dealer,,listings,44056.2,listings,0,,vend-scraper-v2/daily_filtered
2026-04-25,daily,DK,bilbasen.dk,mobility_cars,private,,listings,3426.8,listings,0,,vend-scraper-v2/daily_filtered
2026-04-25,daily,DK,bilhandel.dk,mobility_cars,dealer,,listings,24438,listings,0,,vend-scraper-v2/daily_filtered
2026-04-25,daily,DK,bilhandel.dk,mobility_cars,private,,listings,1769,listings,0,,vend-scraper-v2/daily_filtered
2026-04-25,daily,DK,biltorvet.dk,mobility_cars,dealer,,listings,39580,listings,0,,vend-scraper-v2/daily_filtered
2026-04-25,daily,DK,biltorvet.dk,mobility_cars,private,,listings,1322.6667,listings,0,,vend-scraper-v2/daily_filtered
2026-04-25,daily,SE,blocket.se,mobility_cars,dealer,,listings,119009.6,listings,0,,vend-scraper-v2/daily_filtered
2026-04-25,daily,SE,blocket.se,mobility_cars,dealer,,new_listings,3776,listings,0,,vend-scraper-v2/daily_filtered
2026-04-25,daily,SE,blocket.se,mobility_cars,private,,listings,21234.6,listings,0,,vend-scraper-v2/daily_filtered
2026-04-25,daily,SE,blocket.se,mobility_cars,private,,new_listings,1391.8,listings,0,,vend-scraper-v2/daily_filtered
2026-04-25,daily,NO,finn.no,jobs_listings,,,listings,19389.6,listings,0,,vend-scraper-v2/daily_filtered
2026-04-25,daily,NO,finn.no,jobs_listings,,,new_listings,61.6,listings,0,,vend-scraper-v2/daily_filtered
2026-04-25,daily,NO,finn.no,jobs_positions,,,listings,42654.2,listings,0,,vend-scraper-v2/daily_filtered
2026-04-25,daily,NO,finn.no,jobs_positions,,,new_listings,112.2,listings,0,,vend-scraper-v2/daily_filtered
2026-04-25,daily,NO,finn.no,mobility_cars,dealer,,listings,53619.8,listings,0,,vend-scraper-v2/daily_filtered
2026-04-25,daily,NO,finn.no,mobility_cars,dealer,,new_listings,744.6,listings,0,,vend-scraper-v2/daily_filtered
2026-04-25,daily,NO,finn.no,mobility_cars,private,,listings,15731.6,listings,0,,vend-scraper-v2/daily_filtered
2026-04-25,daily,NO,finn.no,mobility_cars,private,,new_listings,778,listings,0,,vend-scraper-v2/daily_filtered
2026-04-25,daily,NO,finn.no,real_estate_homes,,,listings,19359.4,listings,0,,vend-scraper-v2/daily_filtered
2026-04-25,daily,NO,finn.no,real_estate_homes,,,new_listings,503.4,listings,0,,vend-scraper-v2/daily_filtered
2026-04-25,weekly,NO,finn.no,real_estate_homes,,large,package_count,12053,listings,0,,finn-bolig-packages/packages_history
2026-04-25,weekly,NO,finn.no,real_estate_homes,,large,package_share,62.3,pct,0,,finn-bolig-packages/packages_history
2026-04-25,weekly,NO,finn.no,real_estate_homes,,medium,package_count,6655,listings,0,,finn-bolig-packages/packages_history
2026-04-25,weekly,NO,finn.no,real_estate_homes,,medium,package_share,34.4,pct,0,,finn-bolig-packages/packages_history
2026-04-25,weekly,NO,finn.no,real_estate_homes,,small,package_count,630,listings,0,,finn-bolig-packages/packages_history
2026-04-25,weekly,NO,finn.no,real_estate_homes,,small,package_share,3.3,pct,0,,finn-bolig-packages/packages_history
2026-04-25,daily,NO,hjem.no,real_estate_homes,,,listings,7949.3333,listings,0,,vend-scraper-v2/daily_filtered
2026-04-25,daily,SE,tradera.com,mobility_cars,dealer,,listings,13345,listings,0,outlier,vend-scraper-v2/daily_filtered
2026-04-25,daily,SE,tradera.com,mobility_cars,private,,listings,1673,listings,0,,vend-scraper-v2/daily_filtered
2026-04-25,daily,SE,wayke.se,mobility_cars,dealer,,listings,51789.3333,listings,0,,vend-scraper-v2/daily_filtered
2026-04-26,daily,DK,bilbasen.dk,mobility_cars,dealer,,listings,43421,listings,0,,vend-scraper-v2/daily_filtered
2026-04-26,daily,DK,bilbasen.dk,mobility_cars,private,,listings,3449,listings,0,,vend-scraper-v2/daily_filtered
2026-04-26,daily,DK,bilhandel.dk,mobility_cars,dealer,,listings,24016,listings,0,,vend-scraper-v2/daily_filtered
2026-04-26,daily,DK,bilhandel.dk,mobility_cars,private,,listings,1771,listings,0,,vend-scraper-v2/daily_filtered
2026-04-26,daily,DK,biltorvet.dk,mobility_cars,dealer,,listings,39083,listings,0,,vend-scraper-v2/daily_filtered
2026-04-26,daily,DK,biltorvet.dk,mobility_cars,private,,listings,1344,listings,0,,vend-scraper-v2/daily_filtered
2026-04-26,daily,SE,blocket.se,mobility_cars,dealer,,listings,118558,listings,0,,vend-scraper-v2/daily_filtered
2026-04-26,daily,SE,blocket.se,mobility_cars,dealer,,new_listings,2174,listings,0,,vend-scraper-v2/daily_filtered
2026-04-26,daily,SE,blocket.se,mobility_cars,private,,listings,21465,listings,0,,vend-scraper-v2/daily_filtered
2026-04-26,daily,SE,blocket.se,mobility_cars,private,,new_listings,1442,listings,0,,vend-scraper-v2/daily_filtered
2026-04-26,daily,NO,finn.no,jobs_listings,,,listings,19339,listings,0,,vend-scraper-v2/daily_filtered
2026-04-26,daily,NO,finn.no,jobs_listings,,,new_listings,97,listings,0,,vend-scraper-v2/daily_filtered
2026-04-26,daily,NO,finn.no,jobs_positions,,,listings,42475,listings,0,,vend-scraper-v2/daily_filtered
2026-04-26,daily,NO,finn.no,jobs_positions,,,new_listings,281,listings,0,,vend-scraper-v2/daily_filtered
2026-04-26,daily,NO,finn.no,mobility_cars,dealer,,listings,52989,listings,0,,vend-scraper-v2/daily_filtered
2026-04-26,daily,NO,finn.no,mobility_cars,dealer,,new_listings,550,listings,0,,vend-scraper-v2/daily_filtered
2026-04-26,daily,NO,finn.no,mobility_cars,private,,listings,16025,listings,0,,vend-scraper-v2/daily_filtered
2026-04-26,daily,NO,finn.no,mobility_cars,private,,new_listings,1069,listings,0,,vend-scraper-v2/daily_filtered
2026-04-26,daily,NO,finn.no,real_estate_homes,,,listings,19139,listings,0,,vend-scraper-v2/daily_filtered
2026-04-26,daily,NO,finn.no,real_estate_homes,,,new_listings,280,listings,0,,vend-scraper-v2/daily_filtered
2026-04-26,daily,SE,tradera.com,mobility_cars,dealer,,listings,14670,listings,0,outlier,vend-scraper-v2/daily_filtered
2026-04-26,daily,SE,tradera.com,mobility_cars,private,,listings,1761,listings,0,,vend-scraper-v2/daily_filtered
2026-04-27,daily,DK,bilbasen.dk,mobility_cars,dealer,,listings,43310,listings,0,,vend-scraper-v2/daily_filtered
2026-04-27,daily,DK,bilbasen.dk,mobility_cars,private,,listings,3436,listings,0,,vend-scraper-v2/daily_filtered
2026-04-27,weekly,DK,bilinfo.dk,mobility_cars,,,avg_days_to_sell,42,days,0,,vend-scraper-v2/bilinfo_weekly
2026-04-27,weekly,DK,bilinfo.dk,mobility_cars,,,supply_cars,48400,listings,0,,vend-scraper-v2/bilinfo_weekly
2026-04-27,weekly,DK,bilinfo.dk,mobility_cars,,,visits,419000,visitors,0,,vend-scraper-v2/bilinfo_weekly
2026-04-27,daily,SE,blocket.se,mobility_cars,dealer,,listings,118168,listings,0,,vend-scraper-v2/daily_filtered
2026-04-27,daily,SE,blocket.se,mobility_cars,dealer,,new_listings,5057,listings,0,,vend-scraper-v2/daily_filtered
2026-04-27,weekly,SE,blocket.se,mobility_cars,dealer,basis,package_sample_count,3904,sampled_listings,1,,finn-mobility-packages/weekly_package_mix
2026-04-27,weekly,SE,blocket.se,mobility_cars,dealer,basis,package_share,66.4,pct,1,,finn-mobility-packages/weekly_package_mix
2026-04-27,weekly,SE,blocket.se,mobility_cars,dealer,pluss,package_sample_count,0,sampled_listings,1,,finn-mobility-packages/weekly_package_mix
2026-04-27,weekly,SE,blocket.se,mobility_cars,dealer,pluss,package_share,0,pct,1,,finn-mobility-packages/weekly_package_mix
2026-04-27,weekly,SE,blocket.se,mobility_cars,dealer,premium,package_sample_count,1979,sampled_listings,1,,finn-mobility-packages/weekly_package_mix
2026-04-27,weekly,SE,blocket.se,mobility_cars,dealer,premium,package_share,33.6,pct,1,,finn-mobility-packages/weekly_package_mix
2026-04-27,daily,SE,blocket.se,mobility_cars,private,,listings,21754,listings,0,,vend-scraper-v2/daily_filtered
2026-04-27,daily,SE,blocket.se,mobility_cars,private,,new_listings,1266,listings,0,,vend-scraper-v2/daily_filtered
2026-04-27,daily,NO,finn.no,jobs_listings,,,listings,19290,listings,0,,vend-scraper-v2/daily_filtered
2026-04-27,daily,NO,finn.no,jobs_listings,,,new_listings,1122,listings,0,,vend-scraper-v2/daily_filtered
2026-04-27,daily,NO,finn.no,jobs_positions,,,listings,42187,listings,0,,vend-scraper-v2/daily_filtered
2026-04-27,daily,NO,finn.no,jobs_positions,,,new_listings,2004,listings,0,,vend-scraper-v2/daily_filtered
2026-04-27,daily,NO,finn.no,mobility_cars,dealer,,listings,52999,listings,0,,vend-scraper-v2/daily_filtered
2026-04-27,daily,NO,finn.no,mobility_cars,dealer,,new_listings,1879,listings,0,,vend-scraper-v2/daily_filtered
2026-04-27,weekly,NO,finn.no,mobility_cars,dealer,basis,package_sample_count,815,sampled_listings,1,,finn-mobility-packages/weekly_package_mix
2026-04-27,weekly,NO,finn.no,mobility_cars,dealer,basis,package_share,30.4,pct,1,,finn-mobility-packages/weekly_package_mix
2026-04-27,weekly,NO,finn.no,mobility_cars,dealer,pluss,package_sample_count,752,sampled_listings,1,,finn-mobility-packages/weekly_package_mix
2026-04-27,weekly,NO,finn.no,mobility_cars,dealer,pluss,package_share,28,pct,1,,finn-mobility-packages/weekly_package_mix
2026-04-27,weekly,NO,finn.no,mobility_cars,dealer,premium,package_sample_count,1118,sampled_listings,1,,finn-mobility-packages/weekly_package_mix
2026-04-27,weekly,NO,finn.no,mobility_cars,dealer,premium,package_share,41.6,pct,1,,finn-mobility-packages/weekly_package_mix
2026-04-27,daily,NO,finn.no,mobility_cars,private,,listings,16160,listings,0,,vend-scraper-v2/daily_filtered
2026-04-27,daily,NO,finn.no,mobility_cars,private,,new_listings,942,listings,0,,vend-scraper-v2/daily_filtered
2026-04-27,daily,NO,finn.no,real_estate_homes,,,listings,18978,listings,0,,vend-scraper-v2/daily_filtered
2026-04-27,daily,NO,finn.no,real_estate_homes,,,new_listings,606,listings,0,,vend-scraper-v2/daily_filtered
2026-04-28,daily,DK,bilbasen.dk,mobility_cars,dealer,,listings,43577,listings,0,,vend-scraper-v2/daily_filtered
2026-04-28,daily,DK,bilbasen.dk,mobility_cars,private,,listings,3453,listings,0,,vend-scraper-v2/daily_filtered
2026-04-28,daily,SE,blocket.se,mobility_cars,dealer,,listings,118255,listings,0,,vend-scraper-v2/daily_filtered
2026-04-28,daily,SE,blocket.se,mobility_cars,dealer,,new_listings,5417,listings,0,,vend-scraper-v2/daily_filtered
2026-04-28,daily,SE,blocket.se,mobility_cars,private,,listings,21841,listings,0,,vend-scraper-v2/daily_filtered
2026-04-28,daily,SE,blocket.se,mobility_cars,private,,new_listings,1106,listings,0,,vend-scraper-v2/daily_filtered
2026-04-28,daily,NO,finn.no,jobs_listings,,,listings,19703,listings,0,,vend-scraper-v2/daily_filtered
2026-04-28,daily,NO,finn.no,jobs_listings,,,new_listings,1155,listings,0,,vend-scraper-v2/daily_filtered
2026-04-28,daily,NO,finn.no,jobs_positions,,,listings,42688,listings,0,,vend-scraper-v2/daily_filtered
2026-04-28,daily,NO,finn.no,jobs_positions,,,new_listings,2176,listings,0,,vend-scraper-v2/daily_filtered
2026-04-28,daily,NO,finn.no,mobility_cars,dealer,,listings,52560,listings,0,,vend-scraper-v2/daily_filtered
2026-04-28,daily,NO,finn.no,mobility_cars,dealer,,new_listings,1916,listings,0,,vend-scraper-v2/daily_filtered
2026-04-28,daily,NO,finn.no,mobility_cars,private,,listings,16224,listings,0,,vend-scraper-v2/daily_filtered
2026-04-28,daily,NO,finn.no,mobility_cars,private,,new_listings,862,listings,0,,vend-scraper-v2/daily_filtered
2026-04-28,daily,NO,finn.no,real_estate_homes,,,listings,19356,listings,0,,vend-scraper-v2/daily_filtered
2026-04-28,daily,NO,finn.no,real_estate_homes,,,new_listings,637,listings,0,,vend-scraper-v2/daily_filtered
2026-04-29,daily,DK,bilbasen.dk,mobility_cars,dealer,,listings,43885,listings,0,,vend-scraper-v2/daily_filtered
2026-04-29,daily,DK,bilbasen.dk,mobility_cars,private,,listings,3439,listings,0,,vend-scraper-v2/daily_filtered
2026-04-29,daily,SE,blocket.se,mobility_cars,dealer,,listings,119216,listings,0,,vend-scraper-v2/daily_filtered
2026-04-29,daily,SE,blocket.se,mobility_cars,dealer,,new_listings,5555,listings,0,,vend-scraper-v2/daily_filtered
2026-04-29,daily,SE,blocket.se,mobility_cars,private,,listings,21944,listings,0,,vend-scraper-v2/daily_filtered
2026-04-29,daily,SE,blocket.se,mobility_cars,private,,new_listings,1126,listings,0,,vend-scraper-v2/daily_filtered
2026-04-29,daily,NO,finn.no,jobs_listings,,,listings,20000,listings,0,,vend-scraper-v2/daily_filtered
2026-04-29,daily,NO,finn.no,jobs_listings,,,new_listings,1010,listings,0,,vend-scraper-v2/daily_filtered
2026-04-29,daily,NO,finn.no,jobs_positions,,,listings,42617,listings,0,,vend-scraper-v2/daily_filtered
2026-04-29,daily,NO,finn.no,jobs_positions,,,new_listings,1637,listings,0,,vend-scraper-v2/daily_filtered
2026-04-29,daily,NO,finn.no,mobility_cars,dealer,,listings,53146,listings,0,,vend-scraper-v2/daily_filtered
2026-04-29,daily,NO,finn.no,mobility_cars,dealer,,new_listings,2117,listings,0,,vend-scraper-v2/daily_filtered
2026-04-29,daily,NO,finn.no,mobility_cars,private,,listings,16214,listings,0,,vend-scraper-v2/daily_filtered
2026-04-29,daily,NO,finn.no,mobility_cars,private,,new_listings,848,listings,0,,vend-scraper-v2/daily_filtered
2026-04-29,daily,NO,finn.no,real_estate_homes,,,listings,19735,listings,0,,vend-scraper-v2/daily_filtered
2026-04-29,daily,NO,finn.no,real_estate_homes,,,new_listings,657,listings,0,,vend-scraper-v2/daily_filtered
2026-04-30,daily,DK,bilbasen.dk,mobility_cars,dealer,,listings,44014,listings,0,,vend-scraper-v2/daily_filtered
2026-04-30,daily,DK,bilbasen.dk,mobility_cars,private,,listings,3447,listings,0,,vend-scraper-v2/daily_filtered
2026-04-30,daily,SE,blocket.se,mobility_cars,dealer,,listings,118747,listings,0,,vend-scraper-v2/daily_filtered
2026-04-30,daily,SE,blocket.se,mobility_cars,dealer,,new_listings,5748,listings,0,,vend-scraper-v2/daily_filtered
2026-04-30,daily,SE,blocket.se,mobility_cars,private,,listings,21971,listings,0,,vend-scraper-v2/daily_filtered
2026-04-30,daily,SE,blocket.se,mobility_cars,private,,new_listings,902,listings,0,,vend-scraper-v2/daily_filtered
2026-04-30,daily,NO,finn.no,jobs_listings,,,listings,20884,listings,0,,vend-scraper-v2/daily_filtered
2026-04-30,daily,NO,finn.no,jobs_listings,,,new_listings,1484,listings,0,,vend-scraper-v2/daily_filtered
2026-04-30,daily,NO,finn.no,jobs_positions,,,listings,44309,listings,0,,vend-scraper-v2/daily_filtered
2026-04-30,daily,NO,finn.no,jobs_positions,,,new_listings,2697,listings,0,,vend-scraper-v2/daily_filtered
2026-04-30,daily,NO,finn.no,mobility_cars,dealer,,listings,53367,listings,0,,vend-scraper-v2/daily_filtered
2026-04-30,daily,NO,finn.no,mobility_cars,dealer,,new_listings,1751,listings,0,,vend-scraper-v2/daily_filtered
2026-04-30,daily,NO,finn.no,mobility_cars,private,,listings,16085,listings,0,,vend-scraper-v2/daily_filtered
2026-04-30,daily,NO,finn.no,mobility_cars,private,,new_listings,748,listings,0,,vend-scraper-v2/daily_filtered
2026-04-30,daily,NO,finn.no,real_estate_homes,,,listings,19917,listings,0,,vend-scraper-v2/daily_filtered
2026-04-30,daily,NO,finn.no,real_estate_homes,,,new_listings,989,listings,0,,vend-scraper-v2/daily_filtered
2026-05-01,daily,DK,bilbasen.dk,mobility_cars,dealer,,listings,44032,listings,0,,vend-scraper-v2/daily_filtered
2026-05-01,daily,DK,bilbasen.dk,mobility_cars,private,,listings,3454.3333,listings,0,,vend-scraper-v2/daily_filtered
2026-05-01,daily,DK,bilhandel.dk,mobility_cars,dealer,,listings,23968,listings,0,,vend-scraper-v2/daily_filtered
2026-05-01,daily,DK,bilhandel.dk,mobility_cars,private,,listings,1767.6667,listings,0,,vend-scraper-v2/daily_filtered
2026-05-01,daily,DK,biltorvet.dk,mobility_cars,dealer,,listings,39602,listings,0,,vend-scraper-v2/daily_filtered
2026-05-01,daily,DK,biltorvet.dk,mobility_cars,private,,listings,1366.3333,listings,0,,vend-scraper-v2/daily_filtered
2026-05-01,daily,SE,blocket.se,mobility_cars,dealer,,listings,118677.6667,listings,0,,vend-scraper-v2/daily_filtered
2026-05-01,daily,SE,blocket.se,mobility_cars,dealer,,new_listings,3335.3333,listings,0,,vend-scraper-v2/daily_filtered
2026-05-01,daily,SE,blocket.se,mobility_cars,private,,listings,22106.3333,listings,0,,vend-scraper-v2/daily_filtered
2026-05-01,daily,SE,blocket.se,mobility_cars,private,,new_listings,1144,listings,0,,vend-scraper-v2/daily_filtered
2026-05-01,daily,NO,finn.no,jobs_listings,,,listings,19105.6667,listings,0,,vend-scraper-v2/daily_filtered
2026-05-01,daily,NO,finn.no,jobs_listings,,,new_listings,302.6667,listings,0,,vend-scraper-v2/daily_filtered
2026-05-01,daily,NO,finn.no,jobs_positions,,,listings,40133.3333,listings,0,,vend-scraper-v2/daily_filtered
2026-05-01,daily,NO,finn.no,jobs_positions,,,new_listings,573.3333,listings,0,,vend-scraper-v2/daily_filtered
2026-05-01,daily,NO,finn.no,mobility_cars,dealer,,listings,53164.3333,listings,0,,vend-scraper-v2/daily_filtered
2026-05-01,daily,NO,finn.no,mobility_cars,dealer,,new_listings,655.3333,listings,0,,vend-scraper-v2/daily_filtered
2026-05-01,daily,NO,finn.no,mobility_cars,private,,listings,16193.3333,listings,0,,vend-scraper-v2/daily_filtered
2026-05-01,daily,NO,finn.no,mobility_cars,private,,new_listings,812.3333,listings,0,,vend-scraper-v2/daily_filtered
2026-05-01,daily,NO,finn.no,real_estate_homes,,,listings,19748,listings,0,,vend-scraper-v2/daily_filtered
2026-05-01,daily,NO,finn.no,real_estate_homes,,,new_listings,839.3333,listings,0,,vend-scraper-v2/daily_filtered
2026-05-01,daily,NO,hjem.no,real_estate_homes,,,listings,8118,listings,0,,vend-scraper-v2/daily_filtered
2026-05-01,daily,SE,tradera.com,mobility_cars,dealer,,listings,14674,listings,0,outlier,vend-scraper-v2/daily_filtered
2026-05-01,daily,SE,tradera.com,mobility_cars,private,,listings,1759.6667,listings,0,,vend-scraper-v2/daily_filtered
2026-05-01,daily,SE,wayke.se,mobility_cars,dealer,,listings,51068,listings,0,,vend-scraper-v2/daily_filtered
2026-05-02,daily,DK,bilbasen.dk,mobility_cars,dealer,,listings,43959,listings,0,,vend-scraper-v2/daily_filtered
2026-05-02,daily,DK,bilbasen.dk,mobility_cars,private,,listings,3480,listings,0,,vend-scraper-v2/daily_filtered
2026-05-02,daily,DK,bilhandel.dk,mobility_cars,dealer,,listings,23893,listings,0,,vend-scraper-v2/daily_filtered
2026-05-02,daily,DK,bilhandel.dk,mobility_cars,private,,listings,1772,listings,0,,vend-scraper-v2/daily_filtered
2026-05-02,daily,DK,biltorvet.dk,mobility_cars,dealer,,listings,39519,listings,0,,vend-scraper-v2/daily_filtered
2026-05-02,daily,DK,biltorvet.dk,mobility_cars,private,,listings,1363,listings,0,,vend-scraper-v2/daily_filtered
2026-05-02,daily,SE,blocket.se,mobility_cars,dealer,,listings,117948,listings,0,,vend-scraper-v2/daily_filtered
2026-05-02,daily,SE,blocket.se,mobility_cars,dealer,,new_listings,2392,listings,0,,vend-scraper-v2/daily_filtered
2026-05-02,daily,SE,blocket.se,mobility_cars,private,,listings,22356,listings,0,,vend-scraper-v2/daily_filtered
2026-05-02,daily,SE,blocket.se,mobility_cars,private,,new_listings,1250,listings,0,,vend-scraper-v2/daily_filtered
2026-05-02,daily,NO,finn.no,jobs_listings,,,listings,18460,listings,0,,vend-scraper-v2/daily_filtered
2026-05-02,daily,NO,finn.no,jobs_listings,,,new_listings,58,listings,0,,vend-scraper-v2/daily_filtered
2026-05-02,daily,NO,finn.no,jobs_positions,,,listings,38668,listings,0,,vend-scraper-v2/daily_filtered
2026-05-02,daily,NO,finn.no,jobs_positions,,,new_listings,94,listings,0,,vend-scraper-v2/daily_filtered
2026-05-02,daily,NO,finn.no,mobility_cars,dealer,,listings,52615,listings,0,,vend-scraper-v2/daily_filtered
2026-05-02,daily,NO,finn.no,mobility_cars,dealer,,new_listings,512,listings,0,,vend-scraper-v2/daily_filtered
2026-05-02,daily,NO,finn.no,mobility_cars,private,,listings,16365,listings,0,,vend-scraper-v2/daily_filtered
2026-05-02,daily,NO,finn.no,mobility_cars,private,,new_listings,830,listings,0,,vend-scraper-v2/daily_filtered
2026-05-02,daily,NO,finn.no,real_estate_homes,,,listings,19511,listings,0,,vend-scraper-v2/daily_filtered
2026-05-02,daily,NO,finn.no,real_estate_homes,,,new_listings,394,listings,0,,vend-scraper-v2/daily_filtered
2026-05-02,daily,NO,hjem.no,real_estate_homes,,,listings,8085,listings,0,,vend-scraper-v2/daily_filtered
2026-05-02,daily,SE,tradera.com,mobility_cars,dealer,,listings,14734,listings,0,outlier,vend-scraper-v2/daily_filtered
2026-05-02,daily,SE,tradera.com,mobility_cars,private,,listings,1768,listings,0,,vend-scraper-v2/daily_filtered
2026-05-02,daily,SE,wayke.se,mobility_cars,dealer,,listings,50540,listings,0,,vend-scraper-v2/daily_filtered
2026-05-03,daily,DK,bilbasen.dk,mobility_cars,dealer,,listings,43339,listings,0,,vend-scraper-v2/daily_filtered
2026-05-03,daily,DK,bilbasen.dk,mobility_cars,private,,listings,3531,listings,0,,vend-scraper-v2/daily_filtered
2026-05-03,daily,DK,bilhandel.dk,mobility_cars,dealer,,listings,23506,listings,0,,vend-scraper-v2/daily_filtered
2026-05-03,daily,DK,bilhandel.dk,mobility_cars,private,,listings,1773,listings,0,,vend-scraper-v2/daily_filtered
2026-05-03,daily,DK,biltorvet.dk,mobility_cars,dealer,,listings,39084,listings,0,,vend-scraper-v2/daily_filtered
2026-05-03,daily,DK,biltorvet.dk,mobility_cars,private,,listings,1350,listings,0,,vend-scraper-v2/daily_filtered
2026-05-03,daily,SE,blocket.se,mobility_cars,dealer,,listings,117424,listings,0,,vend-scraper-v2/daily_filtered
2026-05-03,daily,SE,blocket.se,mobility_cars,dealer,,new_listings,1863,listings,0,,vend-scraper-v2/daily_filtered
2026-05-03,daily,SE,blocket.se,mobility_cars,private,,listings,22629,listings,0,,vend-scraper-v2/daily_filtered
2026-05-03,daily,SE,blocket.se,mobility_cars,private,,new_listings,1477,listings,0,,vend-scraper-v2/daily_filtered
2026-05-03,daily,NO,finn.no,jobs_listings,,,listings,18465,listings,0,,vend-scraper-v2/daily_filtered
2026-05-03,daily,NO,finn.no,jobs_listings,,,new_listings,105,listings,0,,vend-scraper-v2/daily_filtered
2026-05-03,daily,NO,finn.no,jobs_positions,,,listings,38559,listings,0,,vend-scraper-v2/daily_filtered
2026-05-03,daily,NO,finn.no,jobs_positions,,,new_listings,158,listings,0,,vend-scraper-v2/daily_filtered
2026-05-03,daily,NO,finn.no,mobility_cars,dealer,,listings,52197,listings,0,,vend-scraper-v2/daily_filtered
2026-05-03,daily,NO,finn.no,mobility_cars,dealer,,new_listings,492,listings,0,,vend-scraper-v2/daily_filtered
2026-05-03,daily,NO,finn.no,mobility_cars,private,,listings,16668,listings,0,,vend-scraper-v2/daily_filtered
2026-05-03,daily,NO,finn.no,mobility_cars,private,,new_listings,1055,listings,0,,vend-scraper-v2/daily_filtered
2026-05-03,daily,NO,finn.no,real_estate_homes,,,listings,19142,listings,0,,vend-scraper-v2/daily_filtered
2026-05-03,daily,NO,finn.no,real_estate_homes,,,new_listings,431,listings,0,,vend-scraper-v2/daily_filtered
2026-05-03,daily,NO,hjem.no,real_estate_homes,,,listings,7959,listings,0,,vend-scraper-v2/daily_filtered
2026-05-03,daily,SE,tradera.com,mobility_cars,dealer,,listings,14559,listings,0,outlier,vend-scraper-v2/daily_filtered
2026-05-03,daily,SE,tradera.com,mobility_cars,private,,listings,1787,listings,0,,vend-scraper-v2/daily_filtered
2026-05-03,daily,SE,wayke.se,mobility_cars,dealer,,listings,50131,listings,0,,vend-scraper-v2/daily_filtered
2026-05-04,daily,DK,bilbasen.dk,mobility_cars,dealer,,listings,43212,listings,0,,vend-scraper-v2/daily_filtered
2026-05-04,daily,DK,bilbasen.dk,mobility_cars,private,,listings,3553,listings,0,,vend-scraper-v2/daily_filtered
2026-05-04,daily,DK,bilhandel.dk,mobility_cars,dealer,,listings,23558,listings,0,,vend-scraper-v2/daily_filtered
2026-05-04,daily,DK,bilhandel.dk,mobility_cars,private,,listings,1775,listings,0,,vend-scraper-v2/daily_filtered
2026-05-04,weekly,DK,bilinfo.dk,mobility_cars,,,avg_days_to_sell,41,days,0,,vend-scraper-v2/bilinfo_weekly
2026-05-04,weekly,DK,bilinfo.dk,mobility_cars,,,supply_cars,48100,listings,0,,vend-scraper-v2/bilinfo_weekly
2026-05-04,weekly,DK,bilinfo.dk,mobility_cars,,,visits,427000,visitors,0,,vend-scraper-v2/bilinfo_weekly
2026-05-04,daily,DK,biltorvet.dk,mobility_cars,dealer,,listings,39027,listings,0,,vend-scraper-v2/daily_filtered
2026-05-04,daily,DK,biltorvet.dk,mobility_cars,private,,listings,1366,listings,0,,vend-scraper-v2/daily_filtered
2026-05-04,daily,SE,blocket.se,mobility_cars,dealer,,listings,117546,listings,0,,vend-scraper-v2/daily_filtered
2026-05-04,daily,SE,blocket.se,mobility_cars,dealer,,new_listings,5416,listings,0,,vend-scraper-v2/daily_filtered
2026-05-04,daily,SE,blocket.se,mobility_cars,private,,listings,22877,listings,0,,vend-scraper-v2/daily_filtered
2026-05-04,daily,SE,blocket.se,mobility_cars,private,,new_listings,1296,listings,0,,vend-scraper-v2/daily_filtered
2026-05-04,daily,NO,finn.no,jobs_listings,,,listings,18227,listings,0,,vend-scraper-v2/daily_filtered
2026-05-04,daily,NO,finn.no,jobs_listings,,,new_listings,1242,listings,0,,vend-scraper-v2/daily_filtered
2026-05-04,daily,NO,finn.no,jobs_positions,,,listings,38126,listings,0,,vend-scraper-v2/daily_filtered
2026-05-04,daily,NO,finn.no,jobs_positions,,,new_listings,2407,listings,0,,vend-scraper-v2/daily_filtered
2026-05-04,daily,NO,finn.no,mobility_cars,dealer,,listings,52616,listings,0,,vend-scraper-v2/daily_filtered
2026-05-04,daily,NO,finn.no,mobility_cars,dealer,,new_listings,1862,listings,0,,vend-scraper-v2/daily_filtered
2026-05-04,daily,NO,finn.no,mobility_cars,private,,listings,16790,listings,0,,vend-scraper-v2/daily_filtered
2026-05-04,daily,NO,finn.no,mobility_cars,private,,new_listings,953,listings,0,,vend-scraper-v2/daily_filtered
2026-05-04,daily,NO,finn.no,real_estate_homes,,,listings,19546,listings,0,,vend-scraper-v2/daily_filtered
2026-05-04,daily,NO,finn.no,real_estate_homes,,,new_listings,770,listings,0,,vend-scraper-v2/daily_filtered
2026-05-04,daily,NO,hjem.no,real_estate_homes,,,listings,8150,listings,0,,vend-scraper-v2/daily_filtered
2026-05-04,daily,SE,tradera.com,mobility_cars,dealer,,listings,16059,listings,0,outlier,vend-scraper-v2/daily_filtered
2026-05-04,daily,SE,tradera.com,mobility_cars,private,,listings,1809,listings,0,,vend-scraper-v2/daily_filtered
2026-05-04,daily,SE,wayke.se,mobility_cars,dealer,,listings,50453,listings,0,,vend-scraper-v2/daily_filtered
2026-05-05,daily,DK,bilbasen.dk,mobility_cars,dealer,,listings,43335,listings,0,,vend-scraper-v2/daily_filtered
2026-05-05,daily,DK,bilbasen.dk,mobility_cars,private,,listings,3561,listings,0,,vend-scraper-v2/daily_filtered
2026-05-05,daily,DK,bilhandel.dk,mobility_cars,dealer,,listings,23540,listings,0,,vend-scraper-v2/daily_filtered
2026-05-05,daily,DK,bilhandel.dk,mobility_cars,private,,listings,1776,listings,0,,vend-scraper-v2/daily_filtered
2026-05-05,daily,DK,biltorvet.dk,mobility_cars,dealer,,listings,39006,listings,0,,vend-scraper-v2/daily_filtered
2026-05-05,daily,DK,biltorvet.dk,mobility_cars,private,,listings,1380,listings,0,,vend-scraper-v2/daily_filtered
2026-05-05,daily,SE,blocket.se,mobility_cars,dealer,,listings,117937,listings,0,,vend-scraper-v2/daily_filtered
2026-05-05,daily,SE,blocket.se,mobility_cars,dealer,,new_listings,5696,listings,0,,vend-scraper-v2/daily_filtered
2026-05-05,daily,SE,blocket.se,mobility_cars,private,,listings,22984,listings,0,,vend-scraper-v2/daily_filtered
2026-05-05,daily,SE,blocket.se,mobility_cars,private,,new_listings,1161,listings,0,,vend-scraper-v2/daily_filtered
2026-05-05,daily,NO,finn.no,jobs_listings,,,listings,18730,listings,0,,vend-scraper-v2/daily_filtered
2026-05-05,daily,NO,finn.no,jobs_listings,,,new_listings,1283,listings,0,,vend-scraper-v2/daily_filtered
2026-05-05,daily,NO,finn.no,jobs_positions,,,listings,38901,listings,0,,vend-scraper-v2/daily_filtered
2026-05-05,daily,NO,finn.no,jobs_positions,,,new_listings,2314,listings,0,,vend-scraper-v2/daily_filtered
2026-05-05,daily,NO,finn.no,mobility_cars,dealer,,listings,53050,listings,0,,vend-scraper-v2/daily_filtered
2026-05-05,daily,NO,finn.no,mobility_cars,dealer,,new_listings,2131,listings,0,,vend-scraper-v2/daily_filtered
2026-05-05,daily,NO,finn.no,mobility_cars,private,,listings,16909,listings,0,,vend-scraper-v2/daily_filtered
2026-05-05,daily,NO,finn.no,mobility_cars,private,,new_listings,927,listings,0,,vend-scraper-v2/daily_filtered
2026-05-05,daily,NO,finn.no,real_estate_homes,,,listings,20026,listings,0,,vend-scraper-v2/daily_filtered
2026-05-05,daily,NO,finn.no,real_estate_homes,,,new_listings,774,listings,0,,vend-scraper-v2/daily_filtered
2026-05-05,daily,NO,hjem.no,real_estate_homes,,,listings,8355,listings,0,,vend-scraper-v2/daily_filtered
2026-05-05,daily,SE,tradera.com,mobility_cars,dealer,,listings,19912,listings,0,,vend-scraper-v2/daily_filtered
2026-05-05,daily,SE,tradera.com,mobility_cars,private,,listings,1835,listings,0,,vend-scraper-v2/daily_filtered
2026-05-05,daily,SE,wayke.se,mobility_cars,dealer,,listings,50856,listings,0,,vend-scraper-v2/daily_filtered
2026-05-06,daily,DK,bilbasen.dk,mobility_cars,dealer,,listings,43504,listings,0,,vend-scraper-v2/daily_filtered
2026-05-06,daily,DK,bilbasen.dk,mobility_cars,private,,listings,3553,listings,0,,vend-scraper-v2/daily_filtered
2026-05-06,daily,DK,bilhandel.dk,mobility_cars,dealer,,listings,23747,listings,0,,vend-scraper-v2/daily_filtered
2026-05-06,daily,DK,bilhandel.dk,mobility_cars,private,,listings,1781,listings,0,,vend-scraper-v2/daily_filtered
2026-05-06,daily,DK,biltorvet.dk,mobility_cars,dealer,,listings,39205,listings,0,,vend-scraper-v2/daily_filtered
2026-05-06,daily,DK,biltorvet.dk,mobility_cars,private,,listings,1385,listings,0,,vend-scraper-v2/daily_filtered
2026-05-06,daily,SE,blocket.se,mobility_cars,dealer,,listings,118265,listings,0,,vend-scraper-v2/daily_filtered
2026-05-06,daily,SE,blocket.se,mobility_cars,dealer,,new_listings,5893,listings,0,,vend-scraper-v2/daily_filtered
2026-05-06,daily,SE,blocket.se,mobility_cars,private,,listings,23150,listings,0,,vend-scraper-v2/daily_filtered
2026-05-06,daily,SE,blocket.se,mobility_cars,private,,new_listings,1201,listings,0,,vend-scraper-v2/daily_filtered
2026-05-06,daily,NO,finn.no,jobs_listings,,,listings,18623,listings,0,,vend-scraper-v2/daily_filtered
2026-05-06,daily,NO,finn.no,jobs_listings,,,new_listings,1265,listings,0,,vend-scraper-v2/daily_filtered
2026-05-06,daily,NO,finn.no,jobs_positions,,,listings,38737,listings,0,,vend-scraper-v2/daily_filtered
2026-05-06,daily,NO,finn.no,jobs_positions,,,new_listings,2389,listings,0,,vend-scraper-v2/daily_filtered
2026-05-06,daily,NO,finn.no,mobility_cars,dealer,,listings,53571,listings,0,,vend-scraper-v2/daily_filtered
2026-05-06,daily,NO,finn.no,mobility_cars,dealer,,new_listings,1939,listings,0,,vend-scraper-v2/daily_filtered
2026-05-06,daily,NO,finn.no,mobility_cars,private,,listings,16872,listings,0,,vend-scraper-v2/daily_filtered
2026-05-06,daily,NO,finn.no,mobility_cars,private,,new_listings,930,listings,0,,vend-scraper-v2/daily_filtered
2026-05-06,daily,NO,finn.no,real_estate_homes,,,listings,20394,listings,0,,vend-scraper-v2/daily_filtered
2026-05-06,daily,NO,finn.no,real_estate_homes,,,new_listings,632,listings,0,,vend-scraper-v2/daily_filtered
2026-05-06,daily,NO,hjem.no,real_estate_homes,,,listings,8493,listings,0,,vend-scraper-v2/daily_filtered
2026-05-06,daily,SE,tradera.com,mobility_cars,dealer,,listings,21173,listings,0,,vend-scraper-v2/daily_filtered
2026-05-06,daily,SE,tradera.com,mobility_cars,private,,listings,1857,listings,0,,vend-scraper-v2/daily_filtered
2026-05-06,daily,SE,wayke.se,mobility_cars,dealer,,listings,51201,listings,0,,vend-scraper-v2/daily_filtered
2026-05-07,daily,DK,bilbasen.dk,mobility_cars,dealer,,listings,43646,listings,0,,vend-scraper-v2/daily_filtered
2026-05-07,daily,DK,bilbasen.dk,mobility_cars,private,,listings,3532,listings,0,,vend-scraper-v2/daily_filtered
2026-05-07,daily,DK,bilhandel.dk,mobility_cars,dealer,,listings,23931,listings,0,,vend-scraper-v2/daily_filtered
2026-05-07,daily,DK,bilhandel.dk,mobility_cars,private,,listings,1785,listings,0,,vend-scraper-v2/daily_filtered
2026-05-07,daily,DK,biltorvet.dk,mobility_cars,dealer,,listings,39465,listings,0,,vend-scraper-v2/daily_filtered
2026-05-07,daily,DK,biltorvet.dk,mobility_cars,private,,listings,1395,listings,0,,vend-scraper-v2/daily_filtered
2026-05-07,daily,SE,blocket.se,mobility_cars,dealer,,listings,118970,listings,0,,vend-scraper-v2/daily_filtered
2026-05-07,daily,SE,blocket.se,mobility_cars,dealer,,new_listings,6478,listings,0,,vend-scraper-v2/daily_filtered
2026-05-07,daily,SE,blocket.se,mobility_cars,private,,listings,23169,listings,0,,vend-scraper-v2/daily_filtered
2026-05-07,daily,SE,blocket.se,mobility_cars,private,,new_listings,1092,listings,0,,vend-scraper-v2/daily_filtered
2026-05-07,daily,NO,finn.no,jobs_listings,,,listings,19145,listings,0,,vend-scraper-v2/daily_filtered
2026-05-07,daily,NO,finn.no,jobs_listings,,,new_listings,1114,listings,0,,vend-scraper-v2/daily_filtered
2026-05-07,daily,NO,finn.no,jobs_positions,,,listings,39664,listings,0,,vend-scraper-v2/daily_filtered
2026-05-07,daily,NO,finn.no,jobs_positions,,,new_listings,2115,listings,0,,vend-scraper-v2/daily_filtered
2026-05-07,daily,NO,finn.no,mobility_cars,dealer,,listings,53715,listings,0,,vend-scraper-v2/daily_filtered
2026-05-07,daily,NO,finn.no,mobility_cars,dealer,,new_listings,2080,listings,0,,vend-scraper-v2/daily_filtered
2026-05-07,daily,NO,finn.no,mobility_cars,private,,listings,16853,listings,0,,vend-scraper-v2/daily_filtered
2026-05-07,daily,NO,finn.no,mobility_cars,private,,new_listings,841,listings,0,,vend-scraper-v2/daily_filtered
2026-05-07,daily,NO,finn.no,real_estate_homes,,,listings,20328,listings,0,,vend-scraper-v2/daily_filtered
2026-05-07,daily,NO,finn.no,real_estate_homes,,,new_listings,533,listings,0,,vend-scraper-v2/daily_filtered
2026-05-07,daily,NO,hjem.no,real_estate_homes,,,listings,8453,listings,0,,vend-scraper-v2/daily_filtered
2026-05-07,daily,SE,tradera.com,mobility_cars,dealer,,listings,23363,listings,0,,vend-scraper-v2/daily_filtered
2026-05-07,daily,SE,tradera.com,mobility_cars,private,,listings,1884,listings,0,,vend-scraper-v2/daily_filtered
2026-05-07,daily,SE,wayke.se,mobility_cars,dealer,,listings,51480,listings,0,,vend-scraper-v2/daily_filtered
2026-05-08,daily,DK,bilbasen.dk,mobility_cars,dealer,,listings,43994,listings,0,,vend-scraper-v2/daily_filtered
2026-05-08,daily,DK,bilbasen.dk,mobility_cars,private,,listings,3516,listings,0,,vend-scraper-v2/daily_filtered
2026-05-08,daily,DK,bilhandel.dk,mobility_cars,dealer,,listings,24198,listings,0,,vend-scraper-v2/daily_filtered
2026-05-08,daily,DK,bilhandel.dk,mobility_cars,private,,listings,1790,listings,0,,vend-scraper-v2/daily_filtered
2026-05-08,daily,DK,biltorvet.dk,mobility_cars,dealer,,listings,39729,listings,0,,vend-scraper-v2/daily_filtered
2026-05-08,daily,DK,biltorvet.dk,mobility_cars,private,,listings,1394,listings,0,,vend-scraper-v2/daily_filtered
2026-05-08,daily,SE,blocket.se,mobility_cars,dealer,,listings,119439,listings,0,,vend-scraper-v2/daily_filtered
2026-05-08,daily,SE,blocket.se,mobility_cars,dealer,,new_listings,6017,listings,0,,vend-scraper-v2/daily_filtered
2026-05-08,daily,SE,blocket.se,mobility_cars,private,,listings,23198,listings,0,,vend-scraper-v2/daily_filtered
2026-05-08,daily,SE,blocket.se,mobility_cars,private,,new_listings,1162,listings,0,,vend-scraper-v2/daily_filtered
2026-05-08,daily,NO,finn.no,jobs_listings,,,listings,19684,listings,0,,vend-scraper-v2/daily_filtered
2026-05-08,daily,NO,finn.no,jobs_listings,,,new_listings,1206,listings,0,,vend-scraper-v2/daily_filtered
2026-05-08,daily,NO,finn.no,jobs_positions,,,listings,40690,listings,0,,vend-scraper-v2/daily_filtered
2026-05-08,daily,NO,finn.no,jobs_positions,,,new_listings,2352,listings,0,,vend-scraper-v2/daily_filtered
2026-05-08,daily,NO,finn.no,mobility_cars,dealer,,listings,54344,listings,0,,vend-scraper-v2/daily_filtered
2026-05-08,daily,NO,finn.no,mobility_cars,dealer,,new_listings,2110,listings,0,,vend-scraper-v2/daily_filtered
2026-05-08,daily,NO,finn.no,mobility_cars,private,,listings,16850,listings,0,,vend-scraper-v2/daily_filtered
2026-05-08,daily,NO,finn.no,mobility_cars,private,,new_listings,837,listings,0,,vend-scraper-v2/daily_filtered
2026-05-08,daily,NO,finn.no,real_estate_homes,,,listings,20461,listings,0,,vend-scraper-v2/daily_filtered
2026-05-08,daily,NO,finn.no,real_estate_homes,,,new_listings,972,listings,0,,vend-scraper-v2/daily_filtered
2026-05-08,daily,NO,hjem.no,real_estate_homes,,,listings,8438,listings,0,,vend-scraper-v2/daily_filtered
2026-05-08,daily,SE,tradera.com,mobility_cars,dealer,,listings,25835,listings,0,,vend-scraper-v2/daily_filtered
2026-05-08,daily,SE,tradera.com,mobility_cars,private,,listings,1887,listings,0,,vend-scraper-v2/daily_filtered
2026-05-08,daily,SE,wayke.se,mobility_cars,dealer,,listings,51730,listings,0,,vend-scraper-v2/daily_filtered
2026-05-09,daily,DK,bilbasen.dk,mobility_cars,dealer,,listings,43796,listings,0,,vend-scraper-v2/daily_filtered
2026-05-09,daily,DK,bilbasen.dk,mobility_cars,private,,listings,3527,listings,0,,vend-scraper-v2/daily_filtered
2026-05-09,daily,DK,bilhandel.dk,mobility_cars,dealer,,listings,24073,listings,0,,vend-scraper-v2/daily_filtered
2026-05-09,daily,DK,bilhandel.dk,mobility_cars,private,,listings,1806,listings,0,,vend-scraper-v2/daily_filtered
2026-05-09,daily,DK,biltorvet.dk,mobility_cars,dealer,,listings,39556,listings,0,,vend-scraper-v2/daily_filtered
2026-05-09,daily,DK,biltorvet.dk,mobility_cars,private,,listings,1409,listings,0,,vend-scraper-v2/daily_filtered
2026-05-09,daily,SE,blocket.se,mobility_cars,dealer,,listings,118720,listings,0,,vend-scraper-v2/daily_filtered
2026-05-09,daily,SE,blocket.se,mobility_cars,dealer,,new_listings,2906,listings,0,,vend-scraper-v2/daily_filtered
2026-05-09,daily,SE,blocket.se,mobility_cars,private,,listings,23260,listings,0,,vend-scraper-v2/daily_filtered
2026-05-09,daily,SE,blocket.se,mobility_cars,private,,new_listings,1229,listings,0,,vend-scraper-v2/daily_filtered
2026-05-09,daily,NO,finn.no,jobs_listings,,,listings,19083,listings,0,,vend-scraper-v2/daily_filtered
2026-05-09,daily,NO,finn.no,jobs_listings,,,new_listings,79,listings,0,,vend-scraper-v2/daily_filtered
2026-05-09,daily,NO,finn.no,jobs_positions,,,listings,39478,listings,0,,vend-scraper-v2/daily_filtered
2026-05-09,daily,NO,finn.no,jobs_positions,,,new_listings,134,listings,0,,vend-scraper-v2/daily_filtered
2026-05-09,daily,NO,finn.no,mobility_cars,dealer,,listings,54214,listings,0,,vend-scraper-v2/daily_filtered
2026-05-09,daily,NO,finn.no,mobility_cars,dealer,,new_listings,622,listings,0,,vend-scraper-v2/daily_filtered
2026-05-09,daily,NO,finn.no,mobility_cars,private,,listings,16773,listings,0,,vend-scraper-v2/daily_filtered
2026-05-09,daily,NO,finn.no,mobility_cars,private,,new_listings,762,listings,0,,vend-scraper-v2/daily_filtered
2026-05-09,daily,NO,finn.no,real_estate_homes,,,listings,20193,listings,0,,vend-scraper-v2/daily_filtered
2026-05-09,daily,NO,finn.no,real_estate_homes,,,new_listings,325,listings,0,,vend-scraper-v2/daily_filtered
2026-05-09,daily,NO,hjem.no,real_estate_homes,,,listings,8321,listings,0,,vend-scraper-v2/daily_filtered
2026-05-09,daily,SE,tradera.com,mobility_cars,dealer,,listings,25588,listings,0,,vend-scraper-v2/daily_filtered
2026-05-09,daily,SE,tradera.com,mobility_cars,private,,listings,1892,listings,0,,vend-scraper-v2/daily_filtered
2026-05-09,daily,SE,wayke.se,mobility_cars,dealer,,listings,51244,listings,0,,vend-scraper-v2/daily_filtered
2026-05-10,daily,DK,bilbasen.dk,mobility_cars,dealer,,listings,43221,listings,0,,vend-scraper-v2/daily_filtered
2026-05-10,daily,DK,bilbasen.dk,mobility_cars,private,,listings,3543,listings,0,,vend-scraper-v2/daily_filtered
2026-05-10,daily,DK,bilhandel.dk,mobility_cars,dealer,,listings,23718,listings,0,,vend-scraper-v2/daily_filtered
2026-05-10,daily,DK,bilhandel.dk,mobility_cars,private,,listings,1816,listings,0,,vend-scraper-v2/daily_filtered
2026-05-10,daily,DK,biltorvet.dk,mobility_cars,dealer,,listings,39076,listings,0,,vend-scraper-v2/daily_filtered
2026-05-10,daily,DK,biltorvet.dk,mobility_cars,private,,listings,1412,listings,0,,vend-scraper-v2/daily_filtered
2026-05-10,daily,SE,blocket.se,mobility_cars,dealer,,listings,118519,listings,0,,vend-scraper-v2/daily_filtered
2026-05-10,daily,SE,blocket.se,mobility_cars,dealer,,new_listings,2045,listings,0,,vend-scraper-v2/daily_filtered
2026-05-10,daily,SE,blocket.se,mobility_cars,private,,listings,23385,listings,0,,vend-scraper-v2/daily_filtered
2026-05-10,daily,SE,blocket.se,mobility_cars,private,,new_listings,1413,listings,0,,vend-scraper-v2/daily_filtered
2026-05-10,daily,NO,finn.no,jobs_listings,,,listings,18941,listings,0,,vend-scraper-v2/daily_filtered
2026-05-10,daily,NO,finn.no,jobs_listings,,,new_listings,111,listings,0,,vend-scraper-v2/daily_filtered
2026-05-10,daily,NO,finn.no,jobs_positions,,,listings,39146,listings,0,,vend-scraper-v2/daily_filtered
2026-05-10,daily,NO,finn.no,jobs_positions,,,new_listings,263,listings,0,,vend-scraper-v2/daily_filtered
2026-05-10,daily,NO,finn.no,mobility_cars,dealer,,listings,53833,listings,0,,vend-scraper-v2/daily_filtered
2026-05-10,daily,NO,finn.no,mobility_cars,dealer,,new_listings,373,listings,0,,vend-scraper-v2/daily_filtered
2026-05-10,daily,NO,finn.no,mobility_cars,private,,listings,16967,listings,0,,vend-scraper-v2/daily_filtered
2026-05-10,daily,NO,finn.no,mobility_cars,private,,new_listings,1026,listings,0,,vend-scraper-v2/daily_filtered
2026-05-10,daily,NO,finn.no,real_estate_homes,,,listings,19871,listings,0,,vend-scraper-v2/daily_filtered
2026-05-10,daily,NO,finn.no,real_estate_homes,,,new_listings,208,listings,0,,vend-scraper-v2/daily_filtered
2026-05-10,daily,NO,hjem.no,real_estate_homes,,,listings,8205,listings,0,,vend-scraper-v2/daily_filtered
2026-05-10,daily,SE,tradera.com,mobility_cars,dealer,,listings,25501,listings,0,,vend-scraper-v2/daily_filtered
2026-05-10,daily,SE,tradera.com,mobility_cars,private,,listings,1907,listings,0,,vend-scraper-v2/daily_filtered
2026-05-10,daily,SE,wayke.se,mobility_cars,dealer,,listings,50952,listings,0,,vend-scraper-v2/daily_filtered
2026-05-11,daily,DK,bilbasen.dk,mobility_cars,dealer,,listings,43193,listings,0,,vend-scraper-v2/daily_filtered
2026-05-11,daily,DK,bilbasen.dk,mobility_cars,private,,listings,3531,listings,0,,vend-scraper-v2/daily_filtered
2026-05-11,daily,DK,bilhandel.dk,mobility_cars,dealer,,listings,23667,listings,0,,vend-scraper-v2/daily_filtered
2026-05-11,daily,DK,bilhandel.dk,mobility_cars,private,,listings,1832,listings,0,,vend-scraper-v2/daily_filtered
2026-05-11,weekly,DK,bilinfo.dk,mobility_cars,,,avg_days_to_sell,41,days,0,,vend-scraper-v2/bilinfo_weekly
2026-05-11,weekly,DK,bilinfo.dk,mobility_cars,,,supply_cars,47800,listings,0,,vend-scraper-v2/bilinfo_weekly
2026-05-11,weekly,DK,bilinfo.dk,mobility_cars,,,visits,422000,visitors,0,,vend-scraper-v2/bilinfo_weekly
2026-05-11,daily,DK,biltorvet.dk,mobility_cars,dealer,,listings,39059,listings,0,,vend-scraper-v2/daily_filtered
2026-05-11,daily,DK,biltorvet.dk,mobility_cars,private,,listings,1427,listings,0,,vend-scraper-v2/daily_filtered
2026-05-11,daily,SE,blocket.se,mobility_cars,dealer,,listings,118574,listings,0,,vend-scraper-v2/daily_filtered
2026-05-11,daily,SE,blocket.se,mobility_cars,dealer,,new_listings,5316,listings,0,,vend-scraper-v2/daily_filtered
2026-05-11,weekly,SE,blocket.se,mobility_cars,dealer,basis,package_sample_count,5940,sampled_listings,1,exclude:E02,finn-mobility-packages/weekly_package_mix
2026-05-11,weekly,SE,blocket.se,mobility_cars,dealer,basis,package_share,100,pct,1,exclude:E02,finn-mobility-packages/weekly_package_mix
2026-05-11,weekly,SE,blocket.se,mobility_cars,dealer,pluss,package_sample_count,0,sampled_listings,1,exclude:E02,finn-mobility-packages/weekly_package_mix
2026-05-11,weekly,SE,blocket.se,mobility_cars,dealer,pluss,package_share,0,pct,1,exclude:E02,finn-mobility-packages/weekly_package_mix
2026-05-11,weekly,SE,blocket.se,mobility_cars,dealer,premium,package_sample_count,0,sampled_listings,1,exclude:E02,finn-mobility-packages/weekly_package_mix
2026-05-11,weekly,SE,blocket.se,mobility_cars,dealer,premium,package_share,0,pct,1,exclude:E02,finn-mobility-packages/weekly_package_mix
2026-05-11,daily,SE,blocket.se,mobility_cars,private,,listings,23503,listings,0,,vend-scraper-v2/daily_filtered
2026-05-11,daily,SE,blocket.se,mobility_cars,private,,new_listings,1178,listings,0,,vend-scraper-v2/daily_filtered
2026-05-11,daily,NO,finn.no,jobs_listings,,,listings,18997,listings,0,,vend-scraper-v2/daily_filtered
2026-05-11,daily,NO,finn.no,jobs_listings,,,new_listings,1273,listings,0,,vend-scraper-v2/daily_filtered
2026-05-11,daily,NO,finn.no,jobs_positions,,,listings,39226,listings,0,,vend-scraper-v2/daily_filtered
2026-05-11,daily,NO,finn.no,jobs_positions,,,new_listings,2307,listings,0,,vend-scraper-v2/daily_filtered
2026-05-11,daily,NO,finn.no,mobility_cars,dealer,,listings,53882,listings,0,,vend-scraper-v2/daily_filtered
2026-05-11,daily,NO,finn.no,mobility_cars,dealer,,new_listings,1940,listings,0,,vend-scraper-v2/daily_filtered
2026-05-11,weekly,NO,finn.no,mobility_cars,dealer,basis,package_sample_count,856,sampled_listings,1,,finn-mobility-packages/weekly_package_mix
2026-05-11,weekly,NO,finn.no,mobility_cars,dealer,basis,package_share,31.2,pct,1,,finn-mobility-packages/weekly_package_mix
2026-05-11,weekly,NO,finn.no,mobility_cars,dealer,pluss,package_sample_count,683,sampled_listings,1,,finn-mobility-packages/weekly_package_mix
2026-05-11,weekly,NO,finn.no,mobility_cars,dealer,pluss,package_share,24.9,pct,1,,finn-mobility-packages/weekly_package_mix
2026-05-11,weekly,NO,finn.no,mobility_cars,dealer,premium,package_sample_count,1203,sampled_listings,1,,finn-mobility-packages/weekly_package_mix
2026-05-11,weekly,NO,finn.no,mobility_cars,dealer,premium,package_share,43.9,pct,1,,finn-mobility-packages/weekly_package_mix
2026-05-11,daily,NO,finn.no,mobility_cars,private,,listings,17002,listings,0,,vend-scraper-v2/daily_filtered
2026-05-11,daily,NO,finn.no,mobility_cars,private,,new_listings,914,listings,0,,vend-scraper-v2/daily_filtered
2026-05-11,daily,NO,finn.no,real_estate_homes,,,listings,19745,listings,0,,vend-scraper-v2/daily_filtered
2026-05-11,daily,NO,finn.no,real_estate_homes,,,new_listings,669,listings,0,,vend-scraper-v2/daily_filtered
2026-05-11,daily,NO,hjem.no,real_estate_homes,,,listings,8187,listings,0,,vend-scraper-v2/daily_filtered
2026-05-11,daily,SE,tradera.com,mobility_cars,dealer,,listings,29410,listings,0,,vend-scraper-v2/daily_filtered
2026-05-11,daily,SE,tradera.com,mobility_cars,private,,listings,1926,listings,0,,vend-scraper-v2/daily_filtered
2026-05-11,daily,SE,wayke.se,mobility_cars,dealer,,listings,51112,listings,0,,vend-scraper-v2/daily_filtered
2026-05-12,daily,DK,bilbasen.dk,mobility_cars,dealer,,listings,43425,listings,0,,vend-scraper-v2/daily_filtered
2026-05-12,daily,DK,bilbasen.dk,mobility_cars,private,,listings,3529,listings,0,,vend-scraper-v2/daily_filtered
2026-05-12,daily,DK,bilhandel.dk,mobility_cars,dealer,,listings,23734,listings,0,,vend-scraper-v2/daily_filtered
2026-05-12,daily,DK,bilhandel.dk,mobility_cars,private,,listings,1837,listings,0,,vend-scraper-v2/daily_filtered
2026-05-12,daily,DK,biltorvet.dk,mobility_cars,dealer,,listings,39237,listings,0,,vend-scraper-v2/daily_filtered
2026-05-12,daily,DK,biltorvet.dk,mobility_cars,private,,listings,1431,listings,0,,vend-scraper-v2/daily_filtered
2026-05-12,daily,SE,blocket.se,mobility_cars,dealer,,listings,119110,listings,0,,vend-scraper-v2/daily_filtered
2026-05-12,daily,SE,blocket.se,mobility_cars,dealer,,new_listings,6045,listings,0,,vend-scraper-v2/daily_filtered
2026-05-12,daily,SE,blocket.se,mobility_cars,private,,listings,23526,listings,0,,vend-scraper-v2/daily_filtered
2026-05-12,daily,SE,blocket.se,mobility_cars,private,,new_listings,1010,listings,0,,vend-scraper-v2/daily_filtered
2026-05-12,daily,NO,finn.no,jobs_listings,,,listings,19165,listings,0,,vend-scraper-v2/daily_filtered
2026-05-12,daily,NO,finn.no,jobs_listings,,,new_listings,1165,listings,0,,vend-scraper-v2/daily_filtered
2026-05-12,daily,NO,finn.no,jobs_positions,,,listings,39686,listings,0,,vend-scraper-v2/daily_filtered
2026-05-12,daily,NO,finn.no,jobs_positions,,,new_listings,2084,listings,0,,vend-scraper-v2/daily_filtered
2026-05-12,daily,NO,finn.no,mobility_cars,dealer,,listings,54392,listings,0,,vend-scraper-v2/daily_filtered
2026-05-12,daily,NO,finn.no,mobility_cars,dealer,,new_listings,2031,listings,0,,vend-scraper-v2/daily_filtered
2026-05-12,daily,NO,finn.no,mobility_cars,private,,listings,16988,listings,0,,vend-scraper-v2/daily_filtered
2026-05-12,daily,NO,finn.no,mobility_cars,private,,new_listings,913,listings,0,,vend-scraper-v2/daily_filtered
2026-05-12,daily,NO,finn.no,real_estate_homes,,,listings,20247,listings,0,,vend-scraper-v2/daily_filtered
2026-05-12,daily,NO,finn.no,real_estate_homes,,,new_listings,813,listings,0,,vend-scraper-v2/daily_filtered
2026-05-12,daily,NO,hjem.no,real_estate_homes,,,listings,8384,listings,0,,vend-scraper-v2/daily_filtered
2026-05-12,daily,SE,tradera.com,mobility_cars,dealer,,listings,36515,listings,0,,vend-scraper-v2/daily_filtered
2026-05-12,daily,SE,tradera.com,mobility_cars,private,,listings,1951,listings,0,,vend-scraper-v2/daily_filtered
2026-05-12,daily,SE,wayke.se,mobility_cars,dealer,,listings,51468,listings,0,,vend-scraper-v2/daily_filtered
2026-05-13,daily,DK,bilbasen.dk,mobility_cars,dealer,,listings,43707,listings,0,,vend-scraper-v2/daily_filtered
2026-05-13,daily,DK,bilbasen.dk,mobility_cars,private,,listings,3530,listings,0,,vend-scraper-v2/daily_filtered
2026-05-13,daily,DK,bilhandel.dk,mobility_cars,dealer,,listings,23867,listings,0,,vend-scraper-v2/daily_filtered
2026-05-13,daily,DK,bilhandel.dk,mobility_cars,private,,listings,1840,listings,0,,vend-scraper-v2/daily_filtered
2026-05-13,daily,DK,biltorvet.dk,mobility_cars,dealer,,listings,39538,listings,0,,vend-scraper-v2/daily_filtered
2026-05-13,daily,DK,biltorvet.dk,mobility_cars,private,,listings,1453,listings,0,,vend-scraper-v2/daily_filtered
2026-05-13,daily,SE,blocket.se,mobility_cars,dealer,,listings,119699,listings,0,,vend-scraper-v2/daily_filtered
2026-05-13,daily,SE,blocket.se,mobility_cars,dealer,,new_listings,5968,listings,0,,vend-scraper-v2/daily_filtered
2026-05-13,daily,SE,blocket.se,mobility_cars,private,,listings,23528,listings,0,,vend-scraper-v2/daily_filtered
2026-05-13,daily,SE,blocket.se,mobility_cars,private,,new_listings,1017,listings,0,,vend-scraper-v2/daily_filtered
2026-05-13,daily,NO,finn.no,jobs_listings,,,listings,19804,listings,0,,vend-scraper-v2/daily_filtered
2026-05-13,daily,NO,finn.no,jobs_listings,,,new_listings,1331,listings,0,,vend-scraper-v2/daily_filtered
2026-05-13,daily,NO,finn.no,jobs_positions,,,listings,40695,listings,0,,vend-scraper-v2/daily_filtered
2026-05-13,daily,NO,finn.no,jobs_positions,,,new_listings,2206,listings,0,,vend-scraper-v2/daily_filtered
2026-05-13,daily,NO,finn.no,mobility_cars,dealer,,listings,55466,listings,0,,vend-scraper-v2/daily_filtered
2026-05-13,daily,NO,finn.no,mobility_cars,dealer,,new_listings,2203,listings,0,,vend-scraper-v2/daily_filtered
2026-05-13,daily,NO,finn.no,mobility_cars,private,,listings,16902,listings,0,,vend-scraper-v2/daily_filtered
2026-05-13,daily,NO,finn.no,mobility_cars,private,,new_listings,789,listings,0,,vend-scraper-v2/daily_filtered
2026-05-13,daily,NO,finn.no,real_estate_homes,,,listings,20924,listings,0,,vend-scraper-v2/daily_filtered
2026-05-13,daily,NO,finn.no,real_estate_homes,,,new_listings,1035,listings,0,,vend-scraper-v2/daily_filtered
2026-05-13,daily,NO,hjem.no,real_estate_homes,,,listings,8649,listings,0,,vend-scraper-v2/daily_filtered
2026-05-13,daily,SE,tradera.com,mobility_cars,dealer,,listings,37465,listings,0,,vend-scraper-v2/daily_filtered
2026-05-13,daily,SE,tradera.com,mobility_cars,private,,listings,1977,listings,0,,vend-scraper-v2/daily_filtered
2026-05-13,daily,SE,wayke.se,mobility_cars,dealer,,listings,51865,listings,0,,vend-scraper-v2/daily_filtered
2026-05-14,daily,DK,bilbasen.dk,mobility_cars,dealer,,listings,43594,listings,0,,vend-scraper-v2/daily_filtered
2026-05-14,daily,DK,bilbasen.dk,mobility_cars,private,,listings,3551,listings,0,,vend-scraper-v2/daily_filtered
2026-05-14,daily,DK,bilhandel.dk,mobility_cars,dealer,,listings,23785,listings,0,,vend-scraper-v2/daily_filtered
2026-05-14,daily,DK,bilhandel.dk,mobility_cars,private,,listings,1856,listings,0,,vend-scraper-v2/daily_filtered
2026-05-14,daily,DK,biltorvet.dk,mobility_cars,dealer,,listings,39484,listings,0,,vend-scraper-v2/daily_filtered
2026-05-14,daily,DK,biltorvet.dk,mobility_cars,private,,listings,1459,listings,0,,vend-scraper-v2/daily_filtered
2026-05-14,daily,SE,blocket.se,mobility_cars,dealer,,listings,119646,listings,0,,vend-scraper-v2/daily_filtered
2026-05-14,daily,SE,blocket.se,mobility_cars,dealer,,new_listings,3470,listings,0,,vend-scraper-v2/daily_filtered
2026-05-14,daily,SE,blocket.se,mobility_cars,private,,listings,23559,listings,0,,vend-scraper-v2/daily_filtered
2026-05-14,daily,SE,blocket.se,mobility_cars,private,,new_listings,1233,listings,0,,vend-scraper-v2/daily_filtered
2026-05-14,daily,NO,finn.no,jobs_listings,,,listings,19440,listings,0,,vend-scraper-v2/daily_filtered
2026-05-14,daily,NO,finn.no,jobs_listings,,,new_listings,171,listings,0,,vend-scraper-v2/daily_filtered
2026-05-14,daily,NO,finn.no,jobs_positions,,,listings,40144,listings,0,,vend-scraper-v2/daily_filtered
2026-05-14,daily,NO,finn.no,jobs_positions,,,new_listings,493,listings,0,,vend-scraper-v2/daily_filtered
2026-05-14,daily,NO,finn.no,mobility_cars,dealer,,listings,54744,listings,0,,vend-scraper-v2/daily_filtered
2026-05-14,daily,NO,finn.no,mobility_cars,dealer,,new_listings,662,listings,0,,vend-scraper-v2/daily_filtered
2026-05-14,daily,NO,finn.no,mobility_cars,private,,listings,16898,listings,0,,vend-scraper-v2/daily_filtered
2026-05-14,daily,NO,finn.no,mobility_cars,private,,new_listings,955,listings,0,,vend-scraper-v2/daily_filtered
2026-05-14,daily,NO,finn.no,real_estate_homes,,,listings,20747,listings,0,,vend-scraper-v2/daily_filtered
2026-05-14,daily,NO,finn.no,real_estate_homes,,,new_listings,467,listings,0,,vend-scraper-v2/daily_filtered
2026-05-14,daily,NO,hjem.no,real_estate_homes,,,listings,8523,listings,0,,vend-scraper-v2/daily_filtered
2026-05-14,daily,SE,tradera.com,mobility_cars,dealer,,listings,37590,listings,0,,vend-scraper-v2/daily_filtered
2026-05-14,daily,SE,tradera.com,mobility_cars,private,,listings,2000,listings,0,,vend-scraper-v2/daily_filtered
2026-05-14,daily,SE,wayke.se,mobility_cars,dealer,,listings,51720,listings,0,,vend-scraper-v2/daily_filtered
2026-05-15,daily,DK,bilbasen.dk,mobility_cars,dealer,,listings,43324,listings,0,,vend-scraper-v2/daily_filtered
2026-05-15,daily,DK,bilbasen.dk,mobility_cars,private,,listings,3574,listings,0,,vend-scraper-v2/daily_filtered
2026-05-15,daily,DK,bilhandel.dk,mobility_cars,dealer,,listings,23582,listings,0,,vend-scraper-v2/daily_filtered
2026-05-15,daily,DK,bilhandel.dk,mobility_cars,private,,listings,1881,listings,0,,vend-scraper-v2/daily_filtered
2026-05-15,daily,DK,biltorvet.dk,mobility_cars,dealer,,listings,39267,listings,0,,vend-scraper-v2/daily_filtered
2026-05-15,daily,DK,biltorvet.dk,mobility_cars,private,,listings,1460,listings,0,,vend-scraper-v2/daily_filtered
2026-05-15,daily,SE,blocket.se,mobility_cars,dealer,,listings,119504,listings,0,,vend-scraper-v2/daily_filtered
2026-05-15,daily,SE,blocket.se,mobility_cars,dealer,,new_listings,5396,listings,0,,vend-scraper-v2/daily_filtered
2026-05-15,daily,SE,blocket.se,mobility_cars,private,,listings,23637,listings,0,,vend-scraper-v2/daily_filtered
2026-05-15,daily,SE,blocket.se,mobility_cars,private,,new_listings,1211,listings,0,,vend-scraper-v2/daily_filtered
2026-05-15,daily,SE,blocket.se,mobility_other,dealer,,listings,64866,listings,0,,vend-scraper-v2/daily_filtered
2026-05-15,daily,SE,blocket.se,mobility_other,dealer,,new_listings,1619,listings,0,,vend-scraper-v2/daily_filtered
2026-05-15,daily,SE,blocket.se,mobility_other,private,,listings,24779,listings,0,,vend-scraper-v2/daily_filtered
2026-05-15,daily,SE,blocket.se,mobility_other,private,,new_listings,1126,listings,0,,vend-scraper-v2/daily_filtered
2026-05-15,daily,NO,finn.no,jobs_listings,,,listings,19664,listings,0,,vend-scraper-v2/daily_filtered
2026-05-15,daily,NO,finn.no,jobs_listings,,,new_listings,717,listings,0,,vend-scraper-v2/daily_filtered
2026-05-15,daily,NO,finn.no,jobs_positions,,,listings,40349,listings,0,,vend-scraper-v2/daily_filtered
2026-05-15,daily,NO,finn.no,jobs_positions,,,new_listings,1217,listings,0,,vend-scraper-v2/daily_filtered
2026-05-15,daily,NO,finn.no,mobility_cars,dealer,,listings,54663,listings,0,,vend-scraper-v2/daily_filtered
2026-05-15,daily,NO,finn.no,mobility_cars,dealer,,new_listings,1430,listings,0,,vend-scraper-v2/daily_filtered
2026-05-15,daily,NO,finn.no,mobility_cars,private,,listings,16777,listings,0,,vend-scraper-v2/daily_filtered
2026-05-15,daily,NO,finn.no,mobility_cars,private,,new_listings,792,listings,0,,vend-scraper-v2/daily_filtered
2026-05-15,daily,NO,finn.no,mobility_other,dealer,,listings,27405,listings,0,,vend-scraper-v2/daily_filtered
2026-05-15,daily,NO,finn.no,mobility_other,dealer,,new_listings,618,listings,0,,vend-scraper-v2/daily_filtered
2026-05-15,daily,NO,finn.no,mobility_other,private,,listings,18069,listings,0,,vend-scraper-v2/daily_filtered
2026-05-15,daily,NO,finn.no,mobility_other,private,,new_listings,819,listings,0,,vend-scraper-v2/daily_filtered
2026-05-15,daily,NO,finn.no,real_estate_homes,,,listings,20757,listings,0,,vend-scraper-v2/daily_filtered
2026-05-15,daily,NO,finn.no,real_estate_homes,,,new_listings,935,listings,0,,vend-scraper-v2/daily_filtered
2026-05-15,weekly,NO,finn.no,real_estate_homes,,large,package_count,12767,listings,0,,finn-bolig-packages/packages_history
2026-05-15,weekly,NO,finn.no,real_estate_homes,,large,package_share,62.1,pct,0,,finn-bolig-packages/packages_history
2026-05-15,weekly,NO,finn.no,real_estate_homes,,medium,package_count,7160,listings,0,,finn-bolig-packages/packages_history
2026-05-15,weekly,NO,finn.no,real_estate_homes,,medium,package_share,34.8,pct,0,,finn-bolig-packages/packages_history
2026-05-15,weekly,NO,finn.no,real_estate_homes,,small,package_count,642,listings,0,,finn-bolig-packages/packages_history
2026-05-15,weekly,NO,finn.no,real_estate_homes,,small,package_share,3.1,pct,0,,finn-bolig-packages/packages_history
2026-05-15,daily,NO,hjem.no,real_estate_homes,,,listings,8569,listings,0,,vend-scraper-v2/daily_filtered
2026-05-15,daily,SE,tradera.com,mobility_cars,dealer,,listings,37564,listings,0,,vend-scraper-v2/daily_filtered
2026-05-15,daily,SE,tradera.com,mobility_cars,private,,listings,2020,listings,0,,vend-scraper-v2/daily_filtered
2026-05-15,daily,SE,wayke.se,mobility_cars,dealer,,listings,51529,listings,0,,vend-scraper-v2/daily_filtered
2026-05-16,daily,DK,bilbasen.dk,mobility_cars,dealer,,listings,43231,listings,0,,vend-scraper-v2/daily_filtered
2026-05-16,daily,DK,bilbasen.dk,mobility_cars,private,,listings,3573,listings,0,,vend-scraper-v2/daily_filtered
2026-05-16,daily,DK,bilhandel.dk,mobility_cars,dealer,,listings,23523,listings,0,,vend-scraper-v2/daily_filtered
2026-05-16,daily,DK,bilhandel.dk,mobility_cars,private,,listings,1896,listings,0,,vend-scraper-v2/daily_filtered
2026-05-16,daily,DK,biltorvet.dk,mobility_cars,dealer,,listings,39238,listings,0,,vend-scraper-v2/daily_filtered
2026-05-16,daily,DK,biltorvet.dk,mobility_cars,private,,listings,1438,listings,0,,vend-scraper-v2/daily_filtered
2026-05-16,daily,SE,blocket.se,mobility_cars,dealer,,listings,118720,listings,0,,vend-scraper-v2/daily_filtered
2026-05-16,daily,SE,blocket.se,mobility_cars,dealer,,new_listings,2718,listings,0,,vend-scraper-v2/daily_filtered
2026-05-16,daily,SE,blocket.se,mobility_cars,private,,listings,23681,listings,0,,vend-scraper-v2/daily_filtered
2026-05-16,daily,SE,blocket.se,mobility_cars,private,,new_listings,1160,listings,0,,vend-scraper-v2/daily_filtered
2026-05-16,daily,SE,blocket.se,mobility_other,dealer,,listings,64971,listings,0,,vend-scraper-v2/daily_filtered
2026-05-16,daily,SE,blocket.se,mobility_other,dealer,,new_listings,641,listings,0,,vend-scraper-v2/daily_filtered
2026-05-16,daily,SE,blocket.se,mobility_other,private,,listings,24892,listings,0,,vend-scraper-v2/daily_filtered
2026-05-16,daily,SE,blocket.se,mobility_other,private,,new_listings,1171,listings,0,,vend-scraper-v2/daily_filtered
2026-05-16,daily,NO,finn.no,jobs_listings,,,listings,19001,listings,0,,vend-scraper-v2/daily_filtered
2026-05-16,daily,NO,finn.no,jobs_listings,,,new_listings,39,listings,0,,vend-scraper-v2/daily_filtered
2026-05-16,daily,NO,finn.no,jobs_positions,,,listings,39132,listings,0,,vend-scraper-v2/daily_filtered
2026-05-16,daily,NO,finn.no,jobs_positions,,,new_listings,58,listings,0,,vend-scraper-v2/daily_filtered
2026-05-16,daily,NO,finn.no,mobility_cars,dealer,,listings,53972,listings,0,,vend-scraper-v2/daily_filtered
2026-05-16,daily,NO,finn.no,mobility_cars,dealer,,new_listings,586,listings,0,,vend-scraper-v2/daily_filtered
2026-05-16,daily,NO,finn.no,mobility_cars,private,,listings,16614,listings,0,,vend-scraper-v2/daily_filtered
2026-05-16,daily,NO,finn.no,mobility_cars,private,,new_listings,681,listings,0,,vend-scraper-v2/daily_filtered
2026-05-16,daily,NO,finn.no,mobility_other,dealer,,listings,27278,listings,0,,vend-scraper-v2/daily_filtered
2026-05-16,daily,NO,finn.no,mobility_other,dealer,,new_listings,226,listings,0,,vend-scraper-v2/daily_filtered
2026-05-16,daily,NO,finn.no,mobility_other,private,,listings,17990,listings,0,,vend-scraper-v2/daily_filtered
2026-05-16,daily,NO,finn.no,mobility_other,private,,new_listings,768,listings,0,,vend-scraper-v2/daily_filtered
2026-05-16,daily,NO,finn.no,real_estate_homes,,,listings,20248,listings,0,,vend-scraper-v2/daily_filtered
2026-05-16,daily,NO,finn.no,real_estate_homes,,,new_listings,396,listings,0,,vend-scraper-v2/daily_filtered
2026-05-16,daily,NO,hjem.no,real_estate_homes,,,listings,8312,listings,0,,vend-scraper-v2/daily_filtered
2026-05-16,daily,SE,tradera.com,mobility_cars,dealer,,listings,37290,listings,0,,vend-scraper-v2/daily_filtered
2026-05-16,daily,SE,tradera.com,mobility_cars,private,,listings,2040,listings,0,,vend-scraper-v2/daily_filtered
2026-05-16,daily,SE,wayke.se,mobility_cars,dealer,,listings,51164,listings,0,,vend-scraper-v2/daily_filtered
2026-05-17,daily,DK,bilbasen.dk,mobility_cars,dealer,,listings,42803.3333,listings,0,,vend-scraper-v2/daily_filtered
2026-05-17,daily,DK,bilbasen.dk,mobility_cars,private,,listings,3598.6667,listings,0,,vend-scraper-v2/daily_filtered
2026-05-17,daily,DK,bilhandel.dk,mobility_cars,dealer,,listings,23326,listings,0,,vend-scraper-v2/daily_filtered
2026-05-17,daily,DK,bilhandel.dk,mobility_cars,private,,listings,1905.3333,listings,0,,vend-scraper-v2/daily_filtered
2026-05-17,daily,DK,biltorvet.dk,mobility_cars,dealer,,listings,38970.3333,listings,0,,vend-scraper-v2/daily_filtered
2026-05-17,daily,DK,biltorvet.dk,mobility_cars,private,,listings,1454.3333,listings,0,,vend-scraper-v2/daily_filtered
2026-05-17,daily,SE,blocket.se,mobility_cars,dealer,,listings,118525,listings,0,,vend-scraper-v2/daily_filtered
2026-05-17,daily,SE,blocket.se,mobility_cars,dealer,,new_listings,2126,listings,0,,vend-scraper-v2/daily_filtered
2026-05-17,daily,SE,blocket.se,mobility_cars,private,,listings,23742.3333,listings,0,,vend-scraper-v2/daily_filtered
2026-05-17,daily,SE,blocket.se,mobility_cars,private,,new_listings,1180,listings,0,,vend-scraper-v2/daily_filtered
2026-05-17,daily,SE,blocket.se,mobility_other,dealer,,listings,64649.3333,listings,0,,vend-scraper-v2/daily_filtered
2026-05-17,daily,SE,blocket.se,mobility_other,dealer,,new_listings,409,listings,0,,vend-scraper-v2/daily_filtered
2026-05-17,daily,SE,blocket.se,mobility_other,private,,listings,24994.6667,listings,0,,vend-scraper-v2/daily_filtered
2026-05-17,daily,SE,blocket.se,mobility_other,private,,new_listings,1311,listings,0,,vend-scraper-v2/daily_filtered
2026-05-17,daily,FI,etuovi.com,real_estate_homes,,,listings,52919,listings,0,,vend-scraper-v2/daily_filtered
2026-05-17,daily,FI,etuovi.com,real_estate_homes,,,new_listings,167,listings,0,,vend-scraper-v2/daily_filtered
2026-05-17,daily,NO,finn.no,jobs_listings,,,listings,18681,listings,0,,vend-scraper-v2/daily_filtered
2026-05-17,daily,NO,finn.no,jobs_listings,,,new_listings,55.6667,listings,0,,vend-scraper-v2/daily_filtered
2026-05-17,daily,NO,finn.no,jobs_positions,,,listings,38424.3333,listings,0,,vend-scraper-v2/daily_filtered
2026-05-17,daily,NO,finn.no,jobs_positions,,,new_listings,92,listings,0,,vend-scraper-v2/daily_filtered
2026-05-17,daily,NO,finn.no,mobility_cars,dealer,,listings,53876.3333,listings,0,,vend-scraper-v2/daily_filtered
2026-05-17,daily,NO,finn.no,mobility_cars,dealer,,new_listings,194.3333,listings,0,,vend-scraper-v2/daily_filtered
2026-05-17,daily,NO,finn.no,mobility_cars,private,,listings,16551.3333,listings,0,,vend-scraper-v2/daily_filtered
2026-05-17,daily,NO,finn.no,mobility_cars,private,,new_listings,552,listings,0,,vend-scraper-v2/daily_filtered
2026-05-17,daily,NO,finn.no,mobility_other,dealer,,listings,27090.6667,listings,0,,vend-scraper-v2/daily_filtered
2026-05-17,daily,NO,finn.no,mobility_other,dealer,,new_listings,119.6667,listings,0,,vend-scraper-v2/daily_filtered
2026-05-17,daily,NO,finn.no,mobility_other,private,,listings,17941.3333,listings,0,,vend-scraper-v2/daily_filtered
2026-05-17,daily,NO,finn.no,mobility_other,private,,new_listings,646.6667,listings,0,,vend-scraper-v2/daily_filtered
2026-05-17,daily,NO,finn.no,real_estate_homes,,,listings,20221.3333,listings,0,,vend-scraper-v2/daily_filtered
2026-05-17,daily,NO,finn.no,real_estate_homes,,,new_listings,123,listings,0,,vend-scraper-v2/daily_filtered
2026-05-17,weekly,NO,finn.no,real_estate_homes,,large,package_count,12516,listings,0,,finn-bolig-packages/packages_history
2026-05-17,weekly,NO,finn.no,real_estate_homes,,large,package_share,61.9,pct,0,,finn-bolig-packages/packages_history
2026-05-17,weekly,NO,finn.no,real_estate_homes,,medium,package_count,7058,listings,0,,finn-bolig-packages/packages_history
2026-05-17,weekly,NO,finn.no,real_estate_homes,,medium,package_share,34.9,pct,0,,finn-bolig-packages/packages_history
2026-05-17,weekly,NO,finn.no,real_estate_homes,,small,package_count,643,listings,0,,finn-bolig-packages/packages_history
2026-05-17,weekly,NO,finn.no,real_estate_homes,,small,package_share,3.2,pct,0,,finn-bolig-packages/packages_history
2026-05-17,daily,NO,hjem.no,real_estate_homes,,,listings,8309,listings,0,,vend-scraper-v2/daily_filtered
2026-05-17,daily,FI,oikotie.fi,real_estate_homes,,,listings,48957,listings,0,,vend-scraper-v2/daily_filtered
2026-05-17,daily,FI,oikotie.fi,real_estate_homes,,,new_listings,343,listings,0,,vend-scraper-v2/daily_filtered
2026-05-17,daily,SE,tradera.com,mobility_cars,dealer,,listings,37206.3333,listings,0,,vend-scraper-v2/daily_filtered
2026-05-17,daily,SE,tradera.com,mobility_cars,private,,listings,2046.3333,listings,0,,vend-scraper-v2/daily_filtered
2026-05-17,daily,SE,wayke.se,mobility_cars,dealer,,listings,50979.3333,listings,0,,vend-scraper-v2/daily_filtered
2026-05-18,daily,DK,bilbasen.dk,mobility_cars,dealer,,listings,42818,listings,0,,vend-scraper-v2/daily_filtered
2026-05-18,daily,DK,bilbasen.dk,mobility_cars,private,,listings,3652,listings,0,,vend-scraper-v2/daily_filtered
2026-05-18,daily,DK,bilhandel.dk,mobility_cars,dealer,,listings,23244.5,listings,0,,vend-scraper-v2/daily_filtered
2026-05-18,daily,DK,bilhandel.dk,mobility_cars,private,,listings,1935.5,listings,0,,vend-scraper-v2/daily_filtered
2026-05-18,weekly,DK,bilinfo.dk,mobility_cars,,,avg_days_to_sell,41,days,0,,vend-scraper-v2/bilinfo_weekly
2026-05-18,weekly,DK,bilinfo.dk,mobility_cars,,,supply_cars,47600,listings,0,,vend-scraper-v2/bilinfo_weekly
2026-05-18,weekly,DK,bilinfo.dk,mobility_cars,,,visits,418000,visitors,0,,vend-scraper-v2/bilinfo_weekly
2026-05-18,daily,DK,biltorvet.dk,mobility_cars,dealer,,listings,38980,listings,0,,vend-scraper-v2/daily_filtered
2026-05-18,daily,DK,biltorvet.dk,mobility_cars,private,,listings,1467.5,listings,0,,vend-scraper-v2/daily_filtered
2026-05-18,daily,SE,blocket.se,mobility_cars,dealer,,listings,118495,listings,0,,vend-scraper-v2/daily_filtered
2026-05-18,daily,SE,blocket.se,mobility_cars,dealer,,new_listings,5220.5,listings,0,,vend-scraper-v2/daily_filtered
2026-05-18,weekly,SE,blocket.se,mobility_cars,dealer,basis,package_sample_count,5986,sampled_listings,1,exclude:E02,finn-mobility-packages/weekly_package_mix
2026-05-18,weekly,SE,blocket.se,mobility_cars,dealer,basis,package_share,100,pct,1,exclude:E02,finn-mobility-packages/weekly_package_mix
2026-05-18,weekly,SE,blocket.se,mobility_cars,dealer,pluss,package_sample_count,0,sampled_listings,1,exclude:E02,finn-mobility-packages/weekly_package_mix
2026-05-18,weekly,SE,blocket.se,mobility_cars,dealer,pluss,package_share,0,pct,1,exclude:E02,finn-mobility-packages/weekly_package_mix
2026-05-18,weekly,SE,blocket.se,mobility_cars,dealer,premium,package_sample_count,0,sampled_listings,1,exclude:E02,finn-mobility-packages/weekly_package_mix
2026-05-18,weekly,SE,blocket.se,mobility_cars,dealer,premium,package_share,0,pct,1,exclude:E02,finn-mobility-packages/weekly_package_mix
2026-05-18,daily,SE,blocket.se,mobility_cars,private,,listings,23878,listings,0,,vend-scraper-v2/daily_filtered
2026-05-18,daily,SE,blocket.se,mobility_cars,private,,new_listings,1114,listings,0,,vend-scraper-v2/daily_filtered
2026-05-18,daily,SE,blocket.se,mobility_other,dealer,,listings,64649.5,listings,0,,vend-scraper-v2/daily_filtered
2026-05-18,daily,SE,blocket.se,mobility_other,dealer,,new_listings,1527.5,listings,0,,vend-scraper-v2/daily_filtered
2026-05-18,daily,SE,blocket.se,mobility_other,private,,listings,25183.5,listings,0,,vend-scraper-v2/daily_filtered
2026-05-18,daily,SE,blocket.se,mobility_other,private,,new_listings,1105.5,listings,0,,vend-scraper-v2/daily_filtered
2026-05-18,daily,FI,etuovi.com,real_estate_homes,,,listings,52882,listings,0,,vend-scraper-v2/daily_filtered
2026-05-18,daily,FI,etuovi.com,real_estate_homes,,,new_listings,423.5,listings,0,,vend-scraper-v2/daily_filtered
2026-05-18,daily,NO,finn.no,jobs_listings,,,listings,18733.5,listings,0,,vend-scraper-v2/daily_filtered
2026-05-18,daily,NO,finn.no,jobs_listings,,,new_listings,976.5,listings,0,,vend-scraper-v2/daily_filtered
2026-05-18,daily,NO,finn.no,jobs_positions,,,listings,38380.5,listings,0,,vend-scraper-v2/daily_filtered
2026-05-18,daily,NO,finn.no,jobs_positions,,,new_listings,1539.5,listings,0,,vend-scraper-v2/daily_filtered
2026-05-18,daily,NO,finn.no,mobility_cars,dealer,,listings,53592,listings,0,,vend-scraper-v2/daily_filtered
2026-05-18,daily,NO,finn.no,mobility_cars,dealer,,new_listings,2018,listings,0,,vend-scraper-v2/daily_filtered
2026-05-18,weekly,NO,finn.no,mobility_cars,dealer,basis,package_sample_count,886,sampled_listings,1,,finn-mobility-packages/weekly_package_mix
2026-05-18,weekly,NO,finn.no,mobility_cars,dealer,basis,package_share,32.3,pct,1,,finn-mobility-packages/weekly_package_mix
2026-05-18,weekly,NO,finn.no,mobility_cars,dealer,pluss,package_sample_count,745,sampled_listings,1,,finn-mobility-packages/weekly_package_mix
2026-05-18,weekly,NO,finn.no,mobility_cars,dealer,pluss,package_share,27.2,pct,1,,finn-mobility-packages/weekly_package_mix
2026-05-18,weekly,NO,finn.no,mobility_cars,dealer,premium,package_sample_count,1113,sampled_listings,1,,finn-mobility-packages/weekly_package_mix
2026-05-18,weekly,NO,finn.no,mobility_cars,dealer,premium,package_share,40.6,pct,1,,finn-mobility-packages/weekly_package_mix
2026-05-18,daily,NO,finn.no,mobility_cars,private,,listings,16655,listings,0,,vend-scraper-v2/daily_filtered
2026-05-18,daily,NO,finn.no,mobility_cars,private,,new_listings,930.5,listings,0,,vend-scraper-v2/daily_filtered
2026-05-18,daily,NO,finn.no,mobility_other,dealer,,listings,26914,listings,0,,vend-scraper-v2/daily_filtered
2026-05-18,daily,NO,finn.no,mobility_other,dealer,,new_listings,595,listings,0,,vend-scraper-v2/daily_filtered
2026-05-18,daily,NO,finn.no,mobility_other,private,,listings,18027.5,listings,0,,vend-scraper-v2/daily_filtered
2026-05-18,daily,NO,finn.no,mobility_other,private,,new_listings,1009,listings,0,,vend-scraper-v2/daily_filtered
2026-05-18,daily,NO,finn.no,real_estate_homes,,,listings,20314.5,listings,0,,vend-scraper-v2/daily_filtered
2026-05-18,daily,NO,finn.no,real_estate_homes,,,new_listings,848.5,listings,0,,vend-scraper-v2/daily_filtered
2026-05-18,daily,SE,hemnet.se,real_estate_homes,,,listings,37755.5,listings,0,,vend-scraper-v2/daily_filtered
2026-05-18,daily,SE,hemnet.se,real_estate_homes,,,new_listings,1652.5,listings,0,,vend-scraper-v2/daily_filtered
2026-05-18,daily,SE,hemnet.se,real_estate_homes_upcoming,,,listings,5476,listings,0,,vend-scraper-v2/daily_filtered
2026-05-18,daily,NO,hjem.no,real_estate_homes,,,listings,8358.5,listings,0,,vend-scraper-v2/daily_filtered
2026-05-18,daily,FI,oikotie.fi,real_estate_homes,,,listings,48883,listings,0,,vend-scraper-v2/daily_filtered
2026-05-18,daily,FI,oikotie.fi,real_estate_homes,,,new_listings,544.5,listings,0,,vend-scraper-v2/daily_filtered
2026-05-18,daily,SE,tradera.com,mobility_cars,dealer,,listings,37776.5,listings,0,,vend-scraper-v2/daily_filtered
2026-05-18,daily,SE,tradera.com,mobility_cars,private,,listings,2059,listings,0,,vend-scraper-v2/daily_filtered
2026-05-18,daily,SE,wayke.se,mobility_cars,dealer,,listings,49823.5,listings,0,,vend-scraper-v2/daily_filtered
2026-05-19,daily,DK,bilbasen.dk,mobility_cars,dealer,,listings,43040,listings,0,,vend-scraper-v2/daily_filtered
2026-05-19,daily,DK,bilbasen.dk,mobility_cars,private,,listings,3621,listings,0,,vend-scraper-v2/daily_filtered
2026-05-19,daily,DK,bilhandel.dk,mobility_cars,dealer,,listings,23383,listings,0,,vend-scraper-v2/daily_filtered
2026-05-19,daily,DK,bilhandel.dk,mobility_cars,private,,listings,1942,listings,0,,vend-scraper-v2/daily_filtered
2026-05-19,daily,DK,biltorvet.dk,mobility_cars,dealer,,listings,39129,listings,0,,vend-scraper-v2/daily_filtered
2026-05-19,daily,DK,biltorvet.dk,mobility_cars,private,,listings,1468,listings,0,,vend-scraper-v2/daily_filtered
2026-05-19,daily,SE,blocket.se,mobility_cars,dealer,,listings,118992,listings,0,,vend-scraper-v2/daily_filtered
2026-05-19,daily,SE,blocket.se,mobility_cars,dealer,,new_listings,5898,listings,0,,vend-scraper-v2/daily_filtered
2026-05-19,daily,SE,blocket.se,mobility_cars,private,,listings,24018,listings,0,,vend-scraper-v2/daily_filtered
2026-05-19,daily,SE,blocket.se,mobility_cars,private,,new_listings,1140,listings,0,,vend-scraper-v2/daily_filtered
2026-05-19,daily,SE,blocket.se,mobility_other,dealer,,listings,64667,listings,0,,vend-scraper-v2/daily_filtered
2026-05-19,daily,SE,blocket.se,mobility_other,dealer,,new_listings,1764,listings,0,,vend-scraper-v2/daily_filtered
2026-05-19,daily,SE,blocket.se,mobility_other,private,,listings,25245,listings,0,,vend-scraper-v2/daily_filtered
2026-05-19,daily,SE,blocket.se,mobility_other,private,,new_listings,991,listings,0,,vend-scraper-v2/daily_filtered
2026-05-19,daily,FI,etuovi.com,real_estate_homes,,,listings,52952,listings,0,,vend-scraper-v2/daily_filtered
2026-05-19,daily,FI,etuovi.com,real_estate_homes,,,new_listings,505,listings,0,,vend-scraper-v2/daily_filtered
2026-05-19,daily,NO,finn.no,jobs_listings,,,listings,18832,listings,0,,vend-scraper-v2/daily_filtered
2026-05-19,daily,NO,finn.no,jobs_listings,,,new_listings,1110,listings,0,,vend-scraper-v2/daily_filtered
2026-05-19,daily,NO,finn.no,jobs_positions,,,listings,38790,listings,0,,vend-scraper-v2/daily_filtered
2026-05-19,daily,NO,finn.no,jobs_positions,,,new_listings,2313,listings,0,,vend-scraper-v2/daily_filtered
2026-05-19,daily,NO,finn.no,mobility_cars,dealer,,listings,54131,listings,0,,vend-scraper-v2/daily_filtered
2026-05-19,daily,NO,finn.no,mobility_cars,dealer,,new_listings,2302,listings,0,,vend-scraper-v2/daily_filtered
2026-05-19,daily,NO,finn.no,mobility_cars,private,,listings,16724,listings,0,,vend-scraper-v2/daily_filtered
2026-05-19,daily,NO,finn.no,mobility_cars,private,,new_listings,940,listings,0,,vend-scraper-v2/daily_filtered
2026-05-19,daily,NO,finn.no,mobility_other,dealer,,listings,26968,listings,0,,vend-scraper-v2/daily_filtered
2026-05-19,daily,NO,finn.no,mobility_other,dealer,,new_listings,662,listings,0,,vend-scraper-v2/daily_filtered
2026-05-19,daily,NO,finn.no,mobility_other,private,,listings,18023,listings,0,,vend-scraper-v2/daily_filtered
2026-05-19,daily,NO,finn.no,mobility_other,private,,new_listings,967,listings,0,,vend-scraper-v2/daily_filtered
2026-05-19,daily,NO,finn.no,real_estate_homes,,,listings,20775,listings,0,,vend-scraper-v2/daily_filtered
2026-05-19,daily,NO,finn.no,real_estate_homes,,,new_listings,788,listings,0,,vend-scraper-v2/daily_filtered
2026-05-19,daily,SE,hemnet.se,real_estate_homes,,,listings,37710,listings,0,,vend-scraper-v2/daily_filtered
2026-05-19,daily,SE,hemnet.se,real_estate_homes,,,new_listings,2234,listings,0,,vend-scraper-v2/daily_filtered
2026-05-19,daily,SE,hemnet.se,real_estate_homes_upcoming,,,listings,5501,listings,0,,vend-scraper-v2/daily_filtered
2026-05-19,daily,NO,hjem.no,real_estate_homes,,,listings,8485,listings,0,,vend-scraper-v2/daily_filtered
2026-05-19,daily,FI,oikotie.fi,real_estate_homes,,,listings,48900,listings,0,,vend-scraper-v2/daily_filtered
2026-05-19,daily,FI,oikotie.fi,real_estate_homes,,,new_listings,817,listings,0,,vend-scraper-v2/daily_filtered
2026-05-19,daily,SE,tradera.com,mobility_cars,dealer,,listings,38496,listings,0,,vend-scraper-v2/daily_filtered
2026-05-19,daily,SE,tradera.com,mobility_cars,private,,listings,2062,listings,0,,vend-scraper-v2/daily_filtered
2026-05-19,daily,SE,wayke.se,mobility_cars,dealer,,listings,49974,listings,0,,vend-scraper-v2/daily_filtered
2026-05-20,daily,DK,bilbasen.dk,mobility_cars,dealer,,listings,43159,listings,0,,vend-scraper-v2/daily_filtered
2026-05-20,daily,DK,bilbasen.dk,mobility_cars,private,,listings,3586,listings,0,,vend-scraper-v2/daily_filtered
2026-05-20,daily,DK,bilhandel.dk,mobility_cars,dealer,,listings,23557,listings,0,,vend-scraper-v2/daily_filtered
2026-05-20,daily,DK,bilhandel.dk,mobility_cars,private,,listings,1951,listings,0,,vend-scraper-v2/daily_filtered
2026-05-20,daily,DK,biltorvet.dk,mobility_cars,dealer,,listings,39261,listings,0,,vend-scraper-v2/daily_filtered
2026-05-20,daily,DK,biltorvet.dk,mobility_cars,private,,listings,1470,listings,0,,vend-scraper-v2/daily_filtered
2026-05-20,daily,SE,blocket.se,mobility_cars,dealer,,listings,119525,listings,0,,vend-scraper-v2/daily_filtered
2026-05-20,daily,SE,blocket.se,mobility_cars,dealer,,new_listings,5826,listings,0,,vend-scraper-v2/daily_filtered
2026-05-20,daily,SE,blocket.se,mobility_cars,private,,listings,23995,listings,0,,vend-scraper-v2/daily_filtered
2026-05-20,daily,SE,blocket.se,mobility_cars,private,,new_listings,1056,listings,0,,vend-scraper-v2/daily_filtered
2026-05-20,daily,SE,blocket.se,mobility_other,dealer,,listings,64846,listings,0,,vend-scraper-v2/daily_filtered
2026-05-20,daily,SE,blocket.se,mobility_other,dealer,,new_listings,1814,listings,0,,vend-scraper-v2/daily_filtered
2026-05-20,daily,SE,blocket.se,mobility_other,private,,listings,25289,listings,0,,vend-scraper-v2/daily_filtered
2026-05-20,daily,SE,blocket.se,mobility_other,private,,new_listings,1015,listings,0,,vend-scraper-v2/daily_filtered
2026-05-20,daily,FI,etuovi.com,real_estate_homes,,,listings,53037,listings,0,,vend-scraper-v2/daily_filtered
2026-05-20,daily,FI,etuovi.com,real_estate_homes,,,new_listings,521,listings,0,,vend-scraper-v2/daily_filtered
2026-05-20,daily,NO,finn.no,jobs_listings,,,listings,18992,listings,0,,vend-scraper-v2/daily_filtered
2026-05-20,daily,NO,finn.no,jobs_listings,,,new_listings,1061,listings,0,,vend-scraper-v2/daily_filtered
2026-05-20,daily,NO,finn.no,jobs_positions,,,listings,39084,listings,0,,vend-scraper-v2/daily_filtered
2026-05-20,daily,NO,finn.no,jobs_positions,,,new_listings,1800,listings,0,,vend-scraper-v2/daily_filtered
2026-05-20,daily,NO,finn.no,mobility_cars,dealer,,listings,55138,listings,0,,vend-scraper-v2/daily_filtered
2026-05-20,daily,NO,finn.no,mobility_cars,dealer,,new_listings,2097,listings,0,,vend-scraper-v2/daily_filtered
2026-05-20,daily,NO,finn.no,mobility_cars,private,,listings,16714,listings,0,,vend-scraper-v2/daily_filtered
2026-05-20,daily,NO,finn.no,mobility_cars,private,,new_listings,901,listings,0,,vend-scraper-v2/daily_filtered
2026-05-20,daily,NO,finn.no,real_estate_homes,,,listings,21315,listings,0,,vend-scraper-v2/daily_filtered
2026-05-20,daily,NO,finn.no,real_estate_homes,,,new_listings,840,listings,0,,vend-scraper-v2/daily_filtered
2026-05-20,daily,SE,hemnet.se,real_estate_homes,,,listings,37542,listings,0,,vend-scraper-v2/daily_filtered
2026-05-20,daily,SE,hemnet.se,real_estate_homes,,,new_listings,1970,listings,0,,vend-scraper-v2/daily_filtered
2026-05-20,daily,SE,hemnet.se,real_estate_homes_upcoming,,,listings,5537,listings,0,,vend-scraper-v2/daily_filtered
2026-05-20,daily,NO,hjem.no,real_estate_homes,,,listings,8726,listings,0,,vend-scraper-v2/daily_filtered
2026-05-20,daily,FI,oikotie.fi,real_estate_homes,,,listings,48927,listings,0,,vend-scraper-v2/daily_filtered
2026-05-20,daily,FI,oikotie.fi,real_estate_homes,,,new_listings,903,listings,0,,vend-scraper-v2/daily_filtered
2026-05-20,daily,SE,tradera.com,mobility_cars,dealer,,listings,39066,listings,0,,vend-scraper-v2/daily_filtered
2026-05-20,daily,SE,tradera.com,mobility_cars,private,,listings,2072,listings,0,,vend-scraper-v2/daily_filtered
2026-05-20,daily,SE,wayke.se,mobility_cars,dealer,,listings,50418,listings,0,,vend-scraper-v2/daily_filtered
2026-05-21,daily,DK,bilbasen.dk,mobility_cars,dealer,,listings,43217,listings,0,,vend-scraper-v2/daily_filtered
2026-05-21,daily,DK,bilbasen.dk,mobility_cars,private,,listings,3548,listings,0,,vend-scraper-v2/daily_filtered
2026-05-21,daily,DK,bilhandel.dk,mobility_cars,dealer,,listings,23753,listings,0,,vend-scraper-v2/daily_filtered
2026-05-21,daily,DK,bilhandel.dk,mobility_cars,private,,listings,1957,listings,0,,vend-scraper-v2/daily_filtered
2026-05-21,daily,DK,biltorvet.dk,mobility_cars,dealer,,listings,39464,listings,0,,vend-scraper-v2/daily_filtered
2026-05-21,daily,DK,biltorvet.dk,mobility_cars,private,,listings,1471,listings,0,,vend-scraper-v2/daily_filtered
2026-05-21,daily,SE,blocket.se,mobility_cars,dealer,,listings,119912,listings,0,,vend-scraper-v2/daily_filtered
2026-05-21,daily,SE,blocket.se,mobility_cars,dealer,,new_listings,5989,listings,0,,vend-scraper-v2/daily_filtered
2026-05-21,daily,SE,blocket.se,mobility_cars,private,,listings,23951,listings,0,,vend-scraper-v2/daily_filtered
2026-05-21,daily,SE,blocket.se,mobility_cars,private,,new_listings,1127,listings,0,,vend-scraper-v2/daily_filtered
2026-05-21,daily,SE,blocket.se,mobility_other,dealer,,listings,65158,listings,0,,vend-scraper-v2/daily_filtered
2026-05-21,daily,SE,blocket.se,mobility_other,dealer,,new_listings,1862,listings,0,,vend-scraper-v2/daily_filtered
2026-05-21,daily,SE,blocket.se,mobility_other,private,,listings,25130,listings,0,,vend-scraper-v2/daily_filtered
2026-05-21,daily,SE,blocket.se,mobility_other,private,,new_listings,993,listings,0,,vend-scraper-v2/daily_filtered
2026-05-21,daily,FI,etuovi.com,real_estate_homes,,,listings,53155,listings,0,,vend-scraper-v2/daily_filtered
2026-05-21,daily,FI,etuovi.com,real_estate_homes,,,new_listings,526,listings,0,,vend-scraper-v2/daily_filtered
2026-05-21,daily,NO,finn.no,jobs_listings,,,listings,19086,listings,0,,vend-scraper-v2/daily_filtered
2026-05-21,daily,NO,finn.no,jobs_listings,,,new_listings,1049,listings,0,,vend-scraper-v2/daily_filtered
2026-05-21,daily,NO,finn.no,jobs_positions,,,listings,39156,listings,0,,vend-scraper-v2/daily_filtered
2026-05-21,daily,NO,finn.no,jobs_positions,,,new_listings,1823,listings,0,,vend-scraper-v2/daily_filtered
2026-05-21,daily,NO,finn.no,mobility_cars,dealer,,listings,55192,listings,0,,vend-scraper-v2/daily_filtered
2026-05-21,daily,NO,finn.no,mobility_cars,dealer,,new_listings,2067,listings,0,,vend-scraper-v2/daily_filtered
2026-05-21,daily,NO,finn.no,mobility_cars,private,,listings,16611,listings,0,,vend-scraper-v2/daily_filtered
2026-05-21,daily,NO,finn.no,mobility_cars,private,,new_listings,861,listings,0,,vend-scraper-v2/daily_filtered
2026-05-21,daily,NO,finn.no,mobility_other,dealer,,listings,27156,listings,0,,vend-scraper-v2/daily_filtered
2026-05-21,daily,NO,finn.no,mobility_other,dealer,,new_listings,768,listings,0,,vend-scraper-v2/daily_filtered
2026-05-21,daily,NO,finn.no,mobility_other,private,,listings,18001,listings,0,,vend-scraper-v2/daily_filtered
2026-05-21,daily,NO,finn.no,mobility_other,private,,new_listings,945,listings,0,,vend-scraper-v2/daily_filtered
2026-05-21,daily,NO,finn.no,real_estate_homes,,,listings,21746,listings,0,,vend-scraper-v2/daily_filtered
2026-05-21,daily,NO,finn.no,real_estate_homes,,,new_listings,833,listings,0,,vend-scraper-v2/daily_filtered
2026-05-21,daily,SE,hemnet.se,real_estate_homes,,,listings,37383,listings,0,,vend-scraper-v2/daily_filtered
2026-05-21,daily,SE,hemnet.se,real_estate_homes,,,new_listings,1881,listings,0,,vend-scraper-v2/daily_filtered
2026-05-21,daily,SE,hemnet.se,real_estate_homes_upcoming,,,listings,5596,listings,0,,vend-scraper-v2/daily_filtered
2026-05-21,daily,NO,hjem.no,real_estate_homes,,,listings,8915,listings,0,,vend-scraper-v2/daily_filtered
2026-05-21,daily,FI,oikotie.fi,real_estate_homes,,,listings,49045,listings,0,,vend-scraper-v2/daily_filtered
2026-05-21,daily,FI,oikotie.fi,real_estate_homes,,,new_listings,912,listings,0,,vend-scraper-v2/daily_filtered
2026-05-21,daily,SE,tradera.com,mobility_cars,dealer,,listings,39645,listings,0,,vend-scraper-v2/daily_filtered
2026-05-21,daily,SE,tradera.com,mobility_cars,private,,listings,2052,listings,0,,vend-scraper-v2/daily_filtered
2026-05-21,daily,SE,wayke.se,mobility_cars,dealer,,listings,50914,listings,0,,vend-scraper-v2/daily_filtered
2026-05-22,daily,DK,bilbasen.dk,mobility_cars,dealer,,listings,43575,listings,0,,vend-scraper-v2/daily_filtered
2026-05-22,daily,DK,bilbasen.dk,mobility_cars,private,,listings,3552,listings,0,,vend-scraper-v2/daily_filtered
2026-05-22,daily,DK,bilhandel.dk,mobility_cars,dealer,,listings,23847,listings,0,,vend-scraper-v2/daily_filtered
2026-05-22,daily,DK,bilhandel.dk,mobility_cars,private,,listings,1952,listings,0,,vend-scraper-v2/daily_filtered
2026-05-22,daily,DK,biltorvet.dk,mobility_cars,dealer,,listings,39747,listings,0,,vend-scraper-v2/daily_filtered
2026-05-22,daily,DK,biltorvet.dk,mobility_cars,private,,listings,1475,listings,0,,vend-scraper-v2/daily_filtered
2026-05-22,daily,SE,blocket.se,mobility_cars,dealer,,listings,120261,listings,0,,vend-scraper-v2/daily_filtered
2026-05-22,daily,SE,blocket.se,mobility_cars,dealer,,new_listings,6308,listings,0,,vend-scraper-v2/daily_filtered
2026-05-22,daily,SE,blocket.se,mobility_cars,private,,listings,23987,listings,0,,vend-scraper-v2/daily_filtered
2026-05-22,daily,SE,blocket.se,mobility_cars,private,,new_listings,1140,listings,0,,vend-scraper-v2/daily_filtered
2026-05-22,daily,SE,blocket.se,mobility_other,dealer,,listings,65174,listings,0,,vend-scraper-v2/daily_filtered
2026-05-22,daily,SE,blocket.se,mobility_other,dealer,,new_listings,1612,listings,0,,vend-scraper-v2/daily_filtered
2026-05-22,daily,SE,blocket.se,mobility_other,private,,listings,25096,listings,0,,vend-scraper-v2/daily_filtered
2026-05-22,daily,SE,blocket.se,mobility_other,private,,new_listings,997,listings,0,,vend-scraper-v2/daily_filtered
2026-05-22,daily,FI,etuovi.com,real_estate_homes,,,listings,53330,listings,0,,vend-scraper-v2/daily_filtered
2026-05-22,daily,FI,etuovi.com,real_estate_homes,,,new_listings,619,listings,0,,vend-scraper-v2/daily_filtered
2026-05-22,daily,NO,finn.no,jobs_listings,,,listings,19472,listings,0,,vend-scraper-v2/daily_filtered
2026-05-22,daily,NO,finn.no,jobs_listings,,,new_listings,1197,listings,0,,vend-scraper-v2/daily_filtered
2026-05-22,daily,NO,finn.no,jobs_positions,,,listings,39679,listings,0,,vend-scraper-v2/daily_filtered
2026-05-22,daily,NO,finn.no,jobs_positions,,,new_listings,2069,listings,0,,vend-scraper-v2/daily_filtered
2026-05-22,daily,NO,finn.no,mobility_cars,dealer,,listings,55374,listings,0,,vend-scraper-v2/daily_filtered
2026-05-22,daily,NO,finn.no,mobility_cars,dealer,,new_listings,1864,listings,0,,vend-scraper-v2/daily_filtered
2026-05-22,daily,NO,finn.no,mobility_cars,private,,listings,16504,listings,0,,vend-scraper-v2/daily_filtered
2026-05-22,daily,NO,finn.no,mobility_cars,private,,new_listings,804,listings,0,,vend-scraper-v2/daily_filtered
2026-05-22,daily,NO,finn.no,mobility_other,dealer,,listings,27435,listings,0,,vend-scraper-v2/daily_filtered
2026-05-22,daily,NO,finn.no,mobility_other,dealer,,new_listings,704,listings,0,,vend-scraper-v2/daily_filtered
2026-05-22,daily,NO,finn.no,mobility_other,private,,listings,17923,listings,0,,vend-scraper-v2/daily_filtered
2026-05-22,daily,NO,finn.no,mobility_other,private,,new_listings,862,listings,0,,vend-scraper-v2/daily_filtered
2026-05-22,daily,NO,finn.no,real_estate_homes,,,listings,22363,listings,0,,vend-scraper-v2/daily_filtered
2026-05-22,daily,NO,finn.no,real_estate_homes,,,new_listings,1497,listings,0,outlier,vend-scraper-v2/daily_filtered
2026-05-22,daily,SE,hemnet.se,real_estate_homes,,,listings,37952,listings,0,,vend-scraper-v2/daily_filtered
2026-05-22,daily,SE,hemnet.se,real_estate_homes,,,new_listings,2768,listings,0,,vend-scraper-v2/daily_filtered
2026-05-22,daily,SE,hemnet.se,real_estate_homes_upcoming,,,listings,5418,listings,0,,vend-scraper-v2/daily_filtered
2026-05-22,daily,NO,hjem.no,real_estate_homes,,,listings,9226,listings,0,,vend-scraper-v2/daily_filtered
2026-05-22,daily,FI,oikotie.fi,real_estate_homes,,,listings,49222,listings,0,,vend-scraper-v2/daily_filtered
2026-05-22,daily,FI,oikotie.fi,real_estate_homes,,,new_listings,1016,listings,0,,vend-scraper-v2/daily_filtered
2026-05-22,daily,SE,tradera.com,mobility_cars,dealer,,listings,39812,listings,0,,vend-scraper-v2/daily_filtered
2026-05-22,daily,SE,tradera.com,mobility_cars,private,,listings,2075,listings,0,,vend-scraper-v2/daily_filtered
2026-05-22,daily,SE,wayke.se,mobility_cars,dealer,,listings,50944,listings,0,,vend-scraper-v2/daily_filtered
2026-05-23,daily,DK,bilbasen.dk,mobility_cars,dealer,,listings,43495,listings,0,,vend-scraper-v2/daily_filtered
2026-05-23,daily,DK,bilbasen.dk,mobility_cars,private,,listings,3544,listings,0,,vend-scraper-v2/daily_filtered
2026-05-23,daily,DK,bilhandel.dk,mobility_cars,dealer,,listings,23787,listings,0,,vend-scraper-v2/daily_filtered
2026-05-23,daily,DK,bilhandel.dk,mobility_cars,private,,listings,1952,listings,0,,vend-scraper-v2/daily_filtered
2026-05-23,daily,DK,biltorvet.dk,mobility_cars,dealer,,listings,39647,listings,0,,vend-scraper-v2/daily_filtered
2026-05-23,daily,DK,biltorvet.dk,mobility_cars,private,,listings,1473,listings,0,,vend-scraper-v2/daily_filtered
2026-05-23,daily,SE,blocket.se,mobility_cars,dealer,,listings,119639,listings,0,,vend-scraper-v2/daily_filtered
2026-05-23,daily,SE,blocket.se,mobility_cars,dealer,,new_listings,2996,listings,0,,vend-scraper-v2/daily_filtered
2026-05-23,daily,SE,blocket.se,mobility_cars,private,,listings,24020,listings,0,,vend-scraper-v2/daily_filtered
2026-05-23,daily,SE,blocket.se,mobility_cars,private,,new_listings,1112,listings,0,,vend-scraper-v2/daily_filtered
2026-05-23,daily,SE,blocket.se,mobility_other,dealer,,listings,65173,listings,0,,vend-scraper-v2/daily_filtered
2026-05-23,daily,SE,blocket.se,mobility_other,dealer,,new_listings,555,listings,0,,vend-scraper-v2/daily_filtered
2026-05-23,daily,SE,blocket.se,mobility_other,private,,listings,25155,listings,0,,vend-scraper-v2/daily_filtered
2026-05-23,daily,SE,blocket.se,mobility_other,private,,new_listings,1234,listings,0,,vend-scraper-v2/daily_filtered
2026-05-23,daily,FI,etuovi.com,real_estate_homes,,,listings,53402,listings,0,,vend-scraper-v2/daily_filtered
2026-05-23,daily,FI,etuovi.com,real_estate_homes,,,new_listings,243,listings,0,,vend-scraper-v2/daily_filtered
2026-05-23,daily,NO,finn.no,jobs_listings,,,listings,18901,listings,0,,vend-scraper-v2/daily_filtered
2026-05-23,daily,NO,finn.no,jobs_listings,,,new_listings,85,listings,0,,vend-scraper-v2/daily_filtered
2026-05-23,daily,NO,finn.no,jobs_positions,,,listings,38494,listings,0,,vend-scraper-v2/daily_filtered
2026-05-23,daily,NO,finn.no,jobs_positions,,,new_listings,155,listings,0,,vend-scraper-v2/daily_filtered
2026-05-23,daily,NO,finn.no,mobility_cars,dealer,,listings,54829,listings,0,,vend-scraper-v2/daily_filtered
2026-05-23,daily,NO,finn.no,mobility_cars,dealer,,new_listings,566,listings,0,,vend-scraper-v2/daily_filtered
2026-05-23,daily,NO,finn.no,mobility_cars,private,,listings,16499,listings,0,,vend-scraper-v2/daily_filtered
2026-05-23,daily,NO,finn.no,mobility_cars,private,,new_listings,770,listings,0,,vend-scraper-v2/daily_filtered
2026-05-23,daily,NO,finn.no,mobility_other,dealer,,listings,27390,listings,0,,vend-scraper-v2/daily_filtered
2026-05-23,daily,NO,finn.no,mobility_other,dealer,,new_listings,292,listings,0,,vend-scraper-v2/daily_filtered
2026-05-23,daily,NO,finn.no,mobility_other,private,,listings,17875,listings,0,,vend-scraper-v2/daily_filtered
2026-05-23,daily,NO,finn.no,mobility_other,private,,new_listings,843,listings,0,,vend-scraper-v2/daily_filtered
2026-05-23,daily,NO,finn.no,real_estate_homes,,,listings,22113,listings,0,,vend-scraper-v2/daily_filtered
2026-05-23,daily,NO,finn.no,real_estate_homes,,,new_listings,599,listings,0,,vend-scraper-v2/daily_filtered
2026-05-23,daily,SE,hemnet.se,real_estate_homes,,,listings,38124,listings,0,,vend-scraper-v2/daily_filtered
2026-05-23,daily,SE,hemnet.se,real_estate_homes,,,new_listings,2386,listings,0,,vend-scraper-v2/daily_filtered
2026-05-23,daily,SE,hemnet.se,real_estate_homes_upcoming,,,listings,5397,listings,0,,vend-scraper-v2/daily_filtered
2026-05-23,daily,NO,hjem.no,real_estate_homes,,,listings,9123,listings,0,,vend-scraper-v2/daily_filtered
2026-05-23,daily,FI,oikotie.fi,real_estate_homes,,,listings,49290,listings,0,,vend-scraper-v2/daily_filtered
2026-05-23,daily,FI,oikotie.fi,real_estate_homes,,,new_listings,788,listings,0,,vend-scraper-v2/daily_filtered
2026-05-23,daily,SE,tradera.com,mobility_cars,dealer,,listings,39472,listings,0,,vend-scraper-v2/daily_filtered
2026-05-23,daily,SE,tradera.com,mobility_cars,private,,listings,2068,listings,0,,vend-scraper-v2/daily_filtered
2026-05-23,daily,SE,wayke.se,mobility_cars,dealer,,listings,50567,listings,0,,vend-scraper-v2/daily_filtered
2026-05-24,daily,DK,bilbasen.dk,mobility_cars,dealer,,listings,43098,listings,0,,vend-scraper-v2/daily_filtered
2026-05-24,daily,DK,bilbasen.dk,mobility_cars,private,,listings,3541,listings,0,,vend-scraper-v2/daily_filtered
2026-05-24,daily,DK,bilhandel.dk,mobility_cars,dealer,,listings,23564,listings,0,,vend-scraper-v2/daily_filtered
2026-05-24,daily,DK,bilhandel.dk,mobility_cars,private,,listings,1960,listings,0,,vend-scraper-v2/daily_filtered
2026-05-24,daily,DK,biltorvet.dk,mobility_cars,dealer,,listings,39346,listings,0,,vend-scraper-v2/daily_filtered
2026-05-24,daily,DK,biltorvet.dk,mobility_cars,private,,listings,1474,listings,0,,vend-scraper-v2/daily_filtered
2026-05-24,daily,SE,blocket.se,mobility_cars,dealer,,listings,119333,listings,0,,vend-scraper-v2/daily_filtered
2026-05-24,daily,SE,blocket.se,mobility_cars,dealer,,new_listings,2028,listings,0,,vend-scraper-v2/daily_filtered
2026-05-24,daily,SE,blocket.se,mobility_cars,private,,listings,24114,listings,0,,vend-scraper-v2/daily_filtered
2026-05-24,daily,SE,blocket.se,mobility_cars,private,,new_listings,1326,listings,0,,vend-scraper-v2/daily_filtered
2026-05-24,daily,SE,blocket.se,mobility_other,dealer,,listings,65014,listings,0,,vend-scraper-v2/daily_filtered
2026-05-24,daily,SE,blocket.se,mobility_other,dealer,,new_listings,491,listings,0,,vend-scraper-v2/daily_filtered
2026-05-24,daily,SE,blocket.se,mobility_other,private,,listings,25316,listings,0,,vend-scraper-v2/daily_filtered
2026-05-24,daily,SE,blocket.se,mobility_other,private,,new_listings,1514,listings,0,,vend-scraper-v2/daily_filtered
2026-05-24,daily,FI,etuovi.com,real_estate_homes,,,listings,53402,listings,0,,vend-scraper-v2/daily_filtered
2026-05-24,daily,FI,etuovi.com,real_estate_homes,,,new_listings,203,listings,0,,vend-scraper-v2/daily_filtered
2026-05-24,daily,NO,finn.no,jobs_listings,,,listings,18677,listings,0,,vend-scraper-v2/daily_filtered
2026-05-24,daily,NO,finn.no,jobs_listings,,,new_listings,57,listings,0,,vend-scraper-v2/daily_filtered
2026-05-24,daily,NO,finn.no,jobs_positions,,,listings,37981,listings,0,,vend-scraper-v2/daily_filtered
2026-05-24,daily,NO,finn.no,jobs_positions,,,new_listings,105,listings,0,,vend-scraper-v2/daily_filtered
2026-05-24,daily,NO,finn.no,mobility_cars,dealer,,listings,54038,listings,0,,vend-scraper-v2/daily_filtered
2026-05-24,daily,NO,finn.no,mobility_cars,dealer,,new_listings,331,listings,0,,vend-scraper-v2/daily_filtered
2026-05-24,daily,NO,finn.no,mobility_cars,private,,listings,16653,listings,0,,vend-scraper-v2/daily_filtered
2026-05-24,daily,NO,finn.no,mobility_cars,private,,new_listings,906,listings,0,,vend-scraper-v2/daily_filtered
2026-05-24,daily,NO,finn.no,mobility_other,dealer,,listings,27090,listings,0,,vend-scraper-v2/daily_filtered
2026-05-24,daily,NO,finn.no,mobility_other,dealer,,new_listings,181,listings,0,,vend-scraper-v2/daily_filtered
2026-05-24,daily,NO,finn.no,mobility_other,private,,listings,17979,listings,0,,vend-scraper-v2/daily_filtered
2026-05-24,daily,NO,finn.no,mobility_other,private,,new_listings,1009,listings,0,,vend-scraper-v2/daily_filtered
2026-05-24,daily,NO,finn.no,real_estate_homes,,,listings,21826,listings,0,,vend-scraper-v2/daily_filtered
2026-05-24,daily,NO,finn.no,real_estate_homes,,,new_listings,402,listings,0,,vend-scraper-v2/daily_filtered
2026-05-24,weekly,NO,finn.no,real_estate_homes,,large,package_count,13454,listings,0,,finn-bolig-packages/packages_history
2026-05-24,weekly,NO,finn.no,real_estate_homes,,large,package_share,61.6,pct,0,,finn-bolig-packages/packages_history
2026-05-24,weekly,NO,finn.no,real_estate_homes,,medium,package_count,7720,listings,0,,finn-bolig-packages/packages_history
2026-05-24,weekly,NO,finn.no,real_estate_homes,,medium,package_share,35.4,pct,0,,finn-bolig-packages/packages_history
2026-05-24,weekly,NO,finn.no,real_estate_homes,,small,package_count,652,listings,0,,finn-bolig-packages/packages_history
2026-05-24,weekly,NO,finn.no,real_estate_homes,,small,package_share,3,pct,0,,finn-bolig-packages/packages_history
2026-05-24,daily,SE,hemnet.se,real_estate_homes,,,listings,38106,listings,0,,vend-scraper-v2/daily_filtered
2026-05-24,daily,SE,hemnet.se,real_estate_homes,,,new_listings,944,listings,0,,vend-scraper-v2/daily_filtered
2026-05-24,daily,SE,hemnet.se,real_estate_homes_upcoming,,,listings,5381,listings,0,,vend-scraper-v2/daily_filtered
2026-05-24,daily,NO,hjem.no,real_estate_homes,,,listings,9030,listings,0,,vend-scraper-v2/daily_filtered
2026-05-24,daily,FI,oikotie.fi,real_estate_homes,,,listings,49336,listings,0,,vend-scraper-v2/daily_filtered
2026-05-24,daily,FI,oikotie.fi,real_estate_homes,,,new_listings,442,listings,0,,vend-scraper-v2/daily_filtered
2026-05-24,daily,SE,tradera.com,mobility_cars,dealer,,listings,39291,listings,0,,vend-scraper-v2/daily_filtered
2026-05-24,daily,SE,tradera.com,mobility_cars,private,,listings,2061,listings,0,,vend-scraper-v2/daily_filtered
2026-05-24,daily,SE,wayke.se,mobility_cars,dealer,,listings,50294,listings,0,,vend-scraper-v2/daily_filtered
2026-05-25,daily,DK,bilbasen.dk,mobility_cars,dealer,,listings,42803,listings,0,,vend-scraper-v2/daily_filtered
2026-05-25,daily,DK,bilbasen.dk,mobility_cars,private,,listings,3591,listings,0,,vend-scraper-v2/daily_filtered
2026-05-25,daily,DK,bilhandel.dk,mobility_cars,dealer,,listings,23392,listings,0,,vend-scraper-v2/daily_filtered
2026-05-25,daily,DK,bilhandel.dk,mobility_cars,private,,listings,1960,listings,0,,vend-scraper-v2/daily_filtered
2026-05-25,weekly,DK,bilinfo.dk,mobility_cars,,,avg_days_to_sell,41,days,0,,vend-scraper-v2/bilinfo_weekly
2026-05-25,weekly,DK,bilinfo.dk,mobility_cars,,,supply_cars,47400,listings,0,,vend-scraper-v2/bilinfo_weekly
2026-05-25,weekly,DK,bilinfo.dk,mobility_cars,,,visits,425000,visitors,0,,vend-scraper-v2/bilinfo_weekly
2026-05-25,daily,DK,biltorvet.dk,mobility_cars,dealer,,listings,39177,listings,0,,vend-scraper-v2/daily_filtered
2026-05-25,daily,DK,biltorvet.dk,mobility_cars,private,,listings,1478,listings,0,,vend-scraper-v2/daily_filtered
2026-05-25,daily,SE,blocket.se,mobility_cars,dealer,,listings,119215,listings,0,,vend-scraper-v2/daily_filtered
2026-05-25,daily,SE,blocket.se,mobility_cars,dealer,,new_listings,5108,listings,0,,vend-scraper-v2/daily_filtered
2026-05-25,weekly,SE,blocket.se,mobility_cars,dealer,basis,package_sample_count,3746,sampled_listings,1,,finn-mobility-packages/weekly_package_mix
2026-05-25,weekly,SE,blocket.se,mobility_cars,dealer,basis,package_share,62.5,pct,1,,finn-mobility-packages/weekly_package_mix
2026-05-25,weekly,SE,blocket.se,mobility_cars,dealer,pluss,package_sample_count,293,sampled_listings,1,,finn-mobility-packages/weekly_package_mix
2026-05-25,weekly,SE,blocket.se,mobility_cars,dealer,pluss,package_share,4.9,pct,1,,finn-mobility-packages/weekly_package_mix
2026-05-25,weekly,SE,blocket.se,mobility_cars,dealer,premium,package_sample_count,1957,sampled_listings,1,,finn-mobility-packages/weekly_package_mix
2026-05-25,weekly,SE,blocket.se,mobility_cars,dealer,premium,package_share,32.6,pct,1,,finn-mobility-packages/weekly_package_mix
2026-05-25,daily,SE,blocket.se,mobility_cars,private,,listings,24359,listings,0,,vend-scraper-v2/daily_filtered
2026-05-25,daily,SE,blocket.se,mobility_cars,private,,new_listings,1383,listings,0,,vend-scraper-v2/daily_filtered
2026-05-25,daily,SE,blocket.se,mobility_other,dealer,,listings,65124,listings,0,,vend-scraper-v2/daily_filtered
2026-05-25,daily,SE,blocket.se,mobility_other,dealer,,new_listings,1704,listings,0,,vend-scraper-v2/daily_filtered
2026-05-25,daily,SE,blocket.se,mobility_other,private,,listings,25558,listings,0,,vend-scraper-v2/daily_filtered
2026-05-25,daily,SE,blocket.se,mobility_other,private,,new_listings,1300,listings,0,,vend-scraper-v2/daily_filtered
2026-05-25,daily,FI,etuovi.com,real_estate_homes,,,listings,53346,listings,0,,vend-scraper-v2/daily_filtered
2026-05-25,daily,FI,etuovi.com,real_estate_homes,,,new_listings,454,listings,0,,vend-scraper-v2/daily_filtered
2026-05-25,daily,NO,finn.no,jobs_listings,,,listings,17749,listings,0,,vend-scraper-v2/daily_filtered
2026-05-25,daily,NO,finn.no,jobs_listings,,,new_listings,122,listings,0,,vend-scraper-v2/daily_filtered
2026-05-25,daily,NO,finn.no,jobs_positions,,,listings,36328,listings,0,,vend-scraper-v2/daily_filtered
2026-05-25,daily,NO,finn.no,jobs_positions,,,new_listings,190,listings,0,,vend-scraper-v2/daily_filtered
2026-05-25,daily,NO,finn.no,mobility_cars,dealer,,listings,53298,listings,0,,vend-scraper-v2/daily_filtered
2026-05-25,daily,NO,finn.no,mobility_cars,dealer,,new_listings,481,listings,0,,vend-scraper-v2/daily_filtered
2026-05-25,weekly,NO,finn.no,mobility_cars,dealer,basis,package_sample_count,796,sampled_listings,1,,finn-mobility-packages/weekly_package_mix
2026-05-25,weekly,NO,finn.no,mobility_cars,dealer,basis,package_share,29,pct,1,,finn-mobility-packages/weekly_package_mix
2026-05-25,weekly,NO,finn.no,mobility_cars,dealer,pluss,package_sample_count,862,sampled_listings,1,,finn-mobility-packages/weekly_package_mix
2026-05-25,weekly,NO,finn.no,mobility_cars,dealer,pluss,package_share,31.4,pct,1,,finn-mobility-packages/weekly_package_mix
2026-05-25,weekly,NO,finn.no,mobility_cars,dealer,premium,package_sample_count,1085,sampled_listings,1,,finn-mobility-packages/weekly_package_mix
2026-05-25,weekly,NO,finn.no,mobility_cars,dealer,premium,package_share,39.6,pct,1,,finn-mobility-packages/weekly_package_mix
2026-05-25,daily,NO,finn.no,mobility_cars,private,,listings,16891,listings,0,,vend-scraper-v2/daily_filtered
2026-05-25,daily,NO,finn.no,mobility_cars,private,,new_listings,1029,listings,0,,vend-scraper-v2/daily_filtered
2026-05-25,daily,NO,finn.no,mobility_other,dealer,,listings,26801,listings,0,,vend-scraper-v2/daily_filtered
2026-05-25,daily,NO,finn.no,mobility_other,dealer,,new_listings,373,listings,0,,vend-scraper-v2/daily_filtered
2026-05-25,daily,NO,finn.no,mobility_other,private,,listings,18271,listings,0,,vend-scraper-v2/daily_filtered
2026-05-25,daily,NO,finn.no,mobility_other,private,,new_listings,1288,listings,0,,vend-scraper-v2/daily_filtered
2026-05-25,daily,NO,finn.no,real_estate_homes,,,listings,21377,listings,0,,vend-scraper-v2/daily_filtered
2026-05-25,daily,NO,finn.no,real_estate_homes,,,new_listings,355,listings,0,,vend-scraper-v2/daily_filtered
2026-05-25,daily,SE,hemnet.se,real_estate_homes,,,listings,38027,listings,0,,vend-scraper-v2/daily_filtered
2026-05-25,daily,SE,hemnet.se,real_estate_homes,,,new_listings,1611,listings,0,,vend-scraper-v2/daily_filtered
2026-05-25,daily,SE,hemnet.se,real_estate_homes_upcoming,,,listings,5389,listings,0,,vend-scraper-v2/daily_filtered
2026-05-25,daily,NO,hjem.no,real_estate_homes,,,listings,8914,listings,0,,vend-scraper-v2/daily_filtered
2026-05-25,daily,FI,oikotie.fi,real_estate_homes,,,listings,49322,listings,0,,vend-scraper-v2/daily_filtered
2026-05-25,daily,FI,oikotie.fi,real_estate_homes,,,new_listings,600,listings,0,,vend-scraper-v2/daily_filtered
2026-05-25,daily,SE,tradera.com,mobility_cars,dealer,,listings,39409,listings,0,,vend-scraper-v2/daily_filtered
2026-05-25,daily,SE,tradera.com,mobility_cars,private,,listings,2090,listings,0,,vend-scraper-v2/daily_filtered
2026-05-25,daily,SE,wayke.se,mobility_cars,dealer,,listings,50286,listings,0,,vend-scraper-v2/daily_filtered
2026-05-26,daily,DK,bilbasen.dk,mobility_cars,dealer,,listings,42783,listings,0,,vend-scraper-v2/daily_filtered
2026-05-26,daily,DK,bilbasen.dk,mobility_cars,private,,listings,3608,listings,0,,vend-scraper-v2/daily_filtered
2026-05-26,daily,DK,bilhandel.dk,mobility_cars,dealer,,listings,23428,listings,0,,vend-scraper-v2/daily_filtered
2026-05-26,daily,DK,bilhandel.dk,mobility_cars,private,,listings,1966,listings,0,,vend-scraper-v2/daily_filtered
2026-05-26,daily,DK,biltorvet.dk,mobility_cars,dealer,,listings,39180,listings,0,,vend-scraper-v2/daily_filtered
2026-05-26,daily,DK,biltorvet.dk,mobility_cars,private,,listings,1484,listings,0,,vend-scraper-v2/daily_filtered
2026-05-26,daily,SE,blocket.se,mobility_cars,dealer,,listings,119505,listings,0,,vend-scraper-v2/daily_filtered
2026-05-26,daily,SE,blocket.se,mobility_cars,dealer,,new_listings,5525,listings,0,,vend-scraper-v2/daily_filtered
2026-05-26,daily,SE,blocket.se,mobility_cars,private,,listings,24427,listings,0,,vend-scraper-v2/daily_filtered
2026-05-26,daily,SE,blocket.se,mobility_cars,private,,new_listings,1263,listings,0,,vend-scraper-v2/daily_filtered
2026-05-26,daily,SE,blocket.se,mobility_other,dealer,,listings,65197,listings,0,,vend-scraper-v2/daily_filtered
2026-05-26,daily,SE,blocket.se,mobility_other,dealer,,new_listings,1815,listings,0,,vend-scraper-v2/daily_filtered
2026-05-26,daily,SE,blocket.se,mobility_other,private,,listings,25733,listings,0,,vend-scraper-v2/daily_filtered
2026-05-26,daily,SE,blocket.se,mobility_other,private,,new_listings,1147,listings,0,,vend-scraper-v2/daily_filtered
2026-05-26,daily,FI,etuovi.com,real_estate_homes,,,listings,53439,listings,0,,vend-scraper-v2/daily_filtered
2026-05-26,daily,FI,etuovi.com,real_estate_homes,,,new_listings,529,listings,0,,vend-scraper-v2/daily_filtered
2026-05-26,daily,NO,finn.no,jobs_listings,,,listings,17468,listings,0,,vend-scraper-v2/daily_filtered
2026-05-26,daily,NO,finn.no,jobs_listings,,,new_listings,1009,listings,0,,vend-scraper-v2/daily_filtered
2026-05-26,daily,NO,finn.no,jobs_positions,,,listings,35884,listings,0,,vend-scraper-v2/daily_filtered
2026-05-26,daily,NO,finn.no,jobs_positions,,,new_listings,1776,listings,0,,vend-scraper-v2/daily_filtered
2026-05-26,daily,NO,finn.no,mobility_cars,dealer,,listings,53588,listings,0,,vend-scraper-v2/daily_filtered
2026-05-26,daily,NO,finn.no,mobility_cars,dealer,,new_listings,1891,listings,0,,vend-scraper-v2/daily_filtered
2026-05-26,daily,NO,finn.no,mobility_cars,private,,listings,16924,listings,0,,vend-scraper-v2/daily_filtered
2026-05-26,daily,NO,finn.no,mobility_cars,private,,new_listings,971,listings,0,,vend-scraper-v2/daily_filtered
2026-05-26,daily,NO,finn.no,mobility_other,dealer,,listings,26869,listings,0,,vend-scraper-v2/daily_filtered
2026-05-26,daily,NO,finn.no,mobility_other,dealer,,new_listings,639,listings,0,,vend-scraper-v2/daily_filtered
2026-05-26,daily,NO,finn.no,mobility_other,private,,listings,18273,listings,0,,vend-scraper-v2/daily_filtered
2026-05-26,daily,NO,finn.no,mobility_other,private,,new_listings,992,listings,0,,vend-scraper-v2/daily_filtered
2026-05-26,daily,NO,finn.no,real_estate_homes,,,listings,21682,listings,0,,vend-scraper-v2/daily_filtered
2026-05-26,daily,NO,finn.no,real_estate_homes,,,new_listings,670,listings,0,,vend-scraper-v2/daily_filtered
2026-05-26,daily,SE,hemnet.se,real_estate_homes,,,listings,37942,listings,0,,vend-scraper-v2/daily_filtered
2026-05-26,daily,SE,hemnet.se,real_estate_homes,,,new_listings,2141,listings,0,,vend-scraper-v2/daily_filtered
2026-05-26,daily,SE,hemnet.se,real_estate_homes_upcoming,,,listings,5421,listings,0,,vend-scraper-v2/daily_filtered
2026-05-26,daily,NO,hjem.no,real_estate_homes,,,listings,9060,listings,0,,vend-scraper-v2/daily_filtered
2026-05-26,daily,FI,oikotie.fi,real_estate_homes,,,listings,49288,listings,0,,vend-scraper-v2/daily_filtered
2026-05-26,daily,FI,oikotie.fi,real_estate_homes,,,new_listings,797,listings,0,,vend-scraper-v2/daily_filtered
2026-05-26,daily,SE,tradera.com,mobility_cars,dealer,,listings,40199,listings,0,,vend-scraper-v2/daily_filtered
2026-05-26,daily,SE,tradera.com,mobility_cars,private,,listings,2118,listings,0,,vend-scraper-v2/daily_filtered
2026-05-26,daily,SE,wayke.se,mobility_cars,dealer,,listings,50435,listings,0,,vend-scraper-v2/daily_filtered
2026-05-27,daily,DK,bilbasen.dk,mobility_cars,dealer,,listings,42935,listings,0,,vend-scraper-v2/daily_filtered
2026-05-27,daily,DK,bilbasen.dk,mobility_cars,private,,listings,3612,listings,0,,vend-scraper-v2/daily_filtered
2026-05-27,daily,DK,bilhandel.dk,mobility_cars,dealer,,listings,23470,listings,0,,vend-scraper-v2/daily_filtered
2026-05-27,daily,DK,bilhandel.dk,mobility_cars,private,,listings,1967,listings,0,,vend-scraper-v2/daily_filtered
2026-05-27,daily,DK,biltorvet.dk,mobility_cars,dealer,,listings,39301,listings,0,,vend-scraper-v2/daily_filtered
2026-05-27,daily,DK,biltorvet.dk,mobility_cars,private,,listings,1487,listings,0,,vend-scraper-v2/daily_filtered
2026-05-27,daily,SE,blocket.se,mobility_cars,dealer,,listings,119878,listings,0,,vend-scraper-v2/daily_filtered
2026-05-27,daily,SE,blocket.se,mobility_cars,dealer,,new_listings,5739,listings,0,,vend-scraper-v2/daily_filtered
2026-05-27,daily,SE,blocket.se,mobility_cars,private,,listings,24549,listings,0,,vend-scraper-v2/daily_filtered
2026-05-27,daily,SE,blocket.se,mobility_cars,private,,new_listings,1256,listings,0,,vend-scraper-v2/daily_filtered
2026-05-27,daily,SE,blocket.se,mobility_other,dealer,,listings,65248,listings,0,,vend-scraper-v2/daily_filtered
2026-05-27,daily,SE,blocket.se,mobility_other,dealer,,new_listings,1657,listings,0,,vend-scraper-v2/daily_filtered
2026-05-27,daily,SE,blocket.se,mobility_other,private,,listings,25787,listings,0,,vend-scraper-v2/daily_filtered
2026-05-27,daily,SE,blocket.se,mobility_other,private,,new_listings,1127,listings,0,,vend-scraper-v2/daily_filtered
2026-05-27,daily,FI,etuovi.com,real_estate_homes,,,listings,53516,listings,0,,vend-scraper-v2/daily_filtered
2026-05-27,daily,FI,etuovi.com,real_estate_homes,,,new_listings,528,listings,0,,vend-scraper-v2/daily_filtered
2026-05-27,daily,NO,finn.no,jobs_listings,,,listings,17668,listings,0,,vend-scraper-v2/daily_filtered
2026-05-27,daily,NO,finn.no,jobs_listings,,,new_listings,1049,listings,0,,vend-scraper-v2/daily_filtered
2026-05-27,daily,NO,finn.no,jobs_positions,,,listings,36340,listings,0,,vend-scraper-v2/daily_filtered
2026-05-27,daily,NO,finn.no,jobs_positions,,,new_listings,2057,listings,0,,vend-scraper-v2/daily_filtered
2026-05-27,daily,NO,finn.no,mobility_cars,dealer,,listings,54456,listings,0,,vend-scraper-v2/daily_filtered
2026-05-27,daily,NO,finn.no,mobility_cars,dealer,,new_listings,2078,listings,0,,vend-scraper-v2/daily_filtered
2026-05-27,daily,NO,finn.no,mobility_cars,private,,listings,17036,listings,0,,vend-scraper-v2/daily_filtered
2026-05-27,daily,NO,finn.no,mobility_cars,private,,new_listings,988,listings,0,,vend-scraper-v2/daily_filtered
2026-05-27,daily,NO,finn.no,mobility_other,dealer,,listings,26954,listings,0,,vend-scraper-v2/daily_filtered
2026-05-27,daily,NO,finn.no,mobility_other,dealer,,new_listings,652,listings,0,,vend-scraper-v2/daily_filtered
2026-05-27,daily,NO,finn.no,mobility_other,private,,listings,18226,listings,0,,vend-scraper-v2/daily_filtered
2026-05-27,daily,NO,finn.no,mobility_other,private,,new_listings,953,listings,0,,vend-scraper-v2/daily_filtered
2026-05-27,daily,NO,finn.no,real_estate_homes,,,listings,22085,listings,0,,vend-scraper-v2/daily_filtered
2026-05-27,daily,NO,finn.no,real_estate_homes,,,new_listings,703,listings,0,,vend-scraper-v2/daily_filtered
2026-05-27,daily,SE,hemnet.se,real_estate_homes,,,listings,37846,listings,0,,vend-scraper-v2/daily_filtered
2026-05-27,daily,SE,hemnet.se,real_estate_homes,,,new_listings,1901,listings,0,,vend-scraper-v2/daily_filtered
2026-05-27,daily,SE,hemnet.se,real_estate_homes_upcoming,,,listings,5448,listings,0,,vend-scraper-v2/daily_filtered
2026-05-27,daily,NO,hjem.no,real_estate_homes,,,listings,9212,listings,0,,vend-scraper-v2/daily_filtered
2026-05-27,daily,FI,oikotie.fi,real_estate_homes,,,listings,49300,listings,0,,vend-scraper-v2/daily_filtered
2026-05-27,daily,FI,oikotie.fi,real_estate_homes,,,new_listings,864,listings,0,,vend-scraper-v2/daily_filtered
2026-05-27,daily,SE,tradera.com,mobility_cars,dealer,,listings,40395,listings,0,,vend-scraper-v2/daily_filtered
2026-05-27,daily,SE,tradera.com,mobility_cars,private,,listings,2114,listings,0,,vend-scraper-v2/daily_filtered
2026-05-27,daily,SE,wayke.se,mobility_cars,dealer,,listings,50563,listings,0,,vend-scraper-v2/daily_filtered
2026-05-28,daily,DK,bilbasen.dk,mobility_cars,dealer,,listings,43125,listings,0,,vend-scraper-v2/daily_filtered
2026-05-28,daily,DK,bilbasen.dk,mobility_cars,private,,listings,3572,listings,0,,vend-scraper-v2/daily_filtered
2026-05-28,daily,DK,bilhandel.dk,mobility_cars,dealer,,listings,23596,listings,0,,vend-scraper-v2/daily_filtered
2026-05-28,daily,DK,bilhandel.dk,mobility_cars,private,,listings,1967,listings,0,,vend-scraper-v2/daily_filtered
2026-05-28,daily,DK,biltorvet.dk,mobility_cars,dealer,,listings,39394,listings,0,,vend-scraper-v2/daily_filtered
2026-05-28,daily,DK,biltorvet.dk,mobility_cars,private,,listings,1491,listings,0,,vend-scraper-v2/daily_filtered
2026-05-28,daily,SE,blocket.se,mobility_cars,dealer,,listings,120333,listings,0,,vend-scraper-v2/daily_filtered
2026-05-28,daily,SE,blocket.se,mobility_cars,dealer,,new_listings,5987,listings,0,,vend-scraper-v2/daily_filtered
2026-05-28,daily,SE,blocket.se,mobility_cars,private,,listings,24471,listings,0,,vend-scraper-v2/daily_filtered
2026-05-28,daily,SE,blocket.se,mobility_cars,private,,new_listings,1156,listings,0,,vend-scraper-v2/daily_filtered
2026-05-28,daily,SE,blocket.se,mobility_other,dealer,,listings,65292,listings,0,,vend-scraper-v2/daily_filtered
2026-05-28,daily,SE,blocket.se,mobility_other,dealer,,new_listings,1701,listings,0,,vend-scraper-v2/daily_filtered
2026-05-28,daily,SE,blocket.se,mobility_other,private,,listings,25653,listings,0,,vend-scraper-v2/daily_filtered
2026-05-28,daily,SE,blocket.se,mobility_other,private,,new_listings,1076,listings,0,,vend-scraper-v2/daily_filtered
2026-05-28,daily,FI,etuovi.com,real_estate_homes,,,listings,53479,listings,0,,vend-scraper-v2/daily_filtered
2026-05-28,daily,FI,etuovi.com,real_estate_homes,,,new_listings,495,listings,0,,vend-scraper-v2/daily_filtered
2026-05-28,daily,NO,finn.no,jobs_listings,,,listings,17816,listings,0,,vend-scraper-v2/daily_filtered
2026-05-28,daily,NO,finn.no,jobs_listings,,,new_listings,930,listings,0,,vend-scraper-v2/daily_filtered
2026-05-28,daily,NO,finn.no,jobs_positions,,,listings,36679,listings,0,,vend-scraper-v2/daily_filtered
2026-05-28,daily,NO,finn.no,jobs_positions,,,new_listings,1860,listings,0,,vend-scraper-v2/daily_filtered
2026-05-28,daily,NO,finn.no,mobility_cars,dealer,,listings,55226,listings,0,,vend-scraper-v2/daily_filtered
2026-05-28,daily,NO,finn.no,mobility_cars,dealer,,new_listings,2043,listings,0,,vend-scraper-v2/daily_filtered
2026-05-28,daily,NO,finn.no,mobility_cars,private,,listings,16964,listings,0,,vend-scraper-v2/daily_filtered
2026-05-28,daily,NO,finn.no,mobility_cars,private,,new_listings,865,listings,0,,vend-scraper-v2/daily_filtered
2026-05-28,daily,NO,finn.no,mobility_other,dealer,,listings,27118,listings,0,,vend-scraper-v2/daily_filtered
2026-05-28,daily,NO,finn.no,mobility_other,dealer,,new_listings,692,listings,0,,vend-scraper-v2/daily_filtered
2026-05-28,daily,NO,finn.no,mobility_other,private,,listings,18217,listings,0,,vend-scraper-v2/daily_filtered
2026-05-28,daily,NO,finn.no,mobility_other,private,,new_listings,929,listings,0,,vend-scraper-v2/daily_filtered
2026-05-28,daily,NO,finn.no,real_estate_homes,,,listings,22468,listings,0,,vend-scraper-v2/daily_filtered
2026-05-28,daily,NO,finn.no,real_estate_homes,,,new_listings,677,listings,0,,vend-scraper-v2/daily_filtered
2026-05-28,daily,NO,finn.no,real_estate_other,,,listings,27649,listings,0,,vend-scraper-v2/daily_filtered
2026-05-28,daily,NO,finn.no,real_estate_other,,,new_listings,605,listings,0,,vend-scraper-v2/daily_filtered
2026-05-28,daily,SE,hemnet.se,real_estate_homes,,,listings,37689,listings,0,,vend-scraper-v2/daily_filtered
2026-05-28,daily,SE,hemnet.se,real_estate_homes,,,new_listings,1844,listings,0,,vend-scraper-v2/daily_filtered
2026-05-28,daily,SE,hemnet.se,real_estate_homes_upcoming,,,listings,5462,listings,0,,vend-scraper-v2/daily_filtered
2026-05-28,daily,NO,hjem.no,real_estate_homes,,,listings,9380,listings,0,,vend-scraper-v2/daily_filtered
2026-05-28,daily,FI,oikotie.fi,real_estate_homes,,,listings,49243,listings,0,,vend-scraper-v2/daily_filtered
2026-05-28,daily,FI,oikotie.fi,real_estate_homes,,,new_listings,898,listings,0,,vend-scraper-v2/daily_filtered
2026-05-28,daily,SE,tradera.com,mobility_cars,dealer,,listings,41478,listings,0,,vend-scraper-v2/daily_filtered
2026-05-28,daily,SE,tradera.com,mobility_cars,private,,listings,2096,listings,0,,vend-scraper-v2/daily_filtered
2026-05-28,daily,SE,wayke.se,mobility_cars,dealer,,listings,50653,listings,0,,vend-scraper-v2/daily_filtered
2026-05-29,daily,DK,bilbasen.dk,mobility_cars,dealer,,listings,43488,listings,0,,vend-scraper-v2/daily_filtered
2026-05-29,daily,DK,bilbasen.dk,mobility_cars,private,,listings,3553,listings,0,,vend-scraper-v2/daily_filtered
2026-05-29,daily,DK,bilhandel.dk,mobility_cars,dealer,,listings,23529,listings,0,,vend-scraper-v2/daily_filtered
2026-05-29,daily,DK,bilhandel.dk,mobility_cars,private,,listings,1959,listings,0,,vend-scraper-v2/daily_filtered
2026-05-29,daily,DK,biltorvet.dk,mobility_cars,dealer,,listings,39605,listings,0,,vend-scraper-v2/daily_filtered
2026-05-29,daily,DK,biltorvet.dk,mobility_cars,private,,listings,1478,listings,0,,vend-scraper-v2/daily_filtered
2026-05-29,daily,SE,blocket.se,mobility_cars,dealer,,listings,120642,listings,0,,vend-scraper-v2/daily_filtered
2026-05-29,daily,SE,blocket.se,mobility_cars,dealer,,new_listings,6193,listings,0,,vend-scraper-v2/daily_filtered
2026-05-29,daily,SE,blocket.se,mobility_cars,private,,listings,24463,listings,0,,vend-scraper-v2/daily_filtered
2026-05-29,daily,SE,blocket.se,mobility_cars,private,,new_listings,1153,listings,0,,vend-scraper-v2/daily_filtered
2026-05-29,daily,SE,blocket.se,mobility_other,dealer,,listings,65589,listings,0,,vend-scraper-v2/daily_filtered
2026-05-29,daily,SE,blocket.se,mobility_other,dealer,,new_listings,1552,listings,0,,vend-scraper-v2/daily_filtered
2026-05-29,daily,SE,blocket.se,mobility_other,private,,listings,25572,listings,0,,vend-scraper-v2/daily_filtered
2026-05-29,daily,SE,blocket.se,mobility_other,private,,new_listings,1033,listings,0,,vend-scraper-v2/daily_filtered
2026-05-29,daily,FI,etuovi.com,real_estate_homes,,,listings,53557,listings,0,,vend-scraper-v2/daily_filtered
2026-05-29,daily,FI,etuovi.com,real_estate_homes,,,new_listings,621,listings,0,,vend-scraper-v2/daily_filtered
2026-05-29,daily,NO,finn.no,jobs_listings,,,listings,18201,listings,0,,vend-scraper-v2/daily_filtered
2026-05-29,daily,NO,finn.no,jobs_listings,,,new_listings,1056,listings,0,,vend-scraper-v2/daily_filtered
2026-05-29,daily,NO,finn.no,jobs_positions,,,listings,37109,listings,0,,vend-scraper-v2/daily_filtered
2026-05-29,daily,NO,finn.no,jobs_positions,,,new_listings,1745,listings,0,,vend-scraper-v2/daily_filtered
2026-05-29,daily,NO,finn.no,mobility_cars,dealer,,listings,55250,listings,0,,vend-scraper-v2/daily_filtered
2026-05-29,daily,NO,finn.no,mobility_cars,dealer,,new_listings,1820,listings,0,,vend-scraper-v2/daily_filtered
2026-05-29,daily,NO,finn.no,mobility_cars,private,,listings,16905,listings,0,,vend-scraper-v2/daily_filtered
2026-05-29,daily,NO,finn.no,mobility_cars,private,,new_listings,796,listings,0,,vend-scraper-v2/daily_filtered
2026-05-29,daily,NO,finn.no,mobility_other,dealer,,listings,27382,listings,0,,vend-scraper-v2/daily_filtered
2026-05-29,daily,NO,finn.no,mobility_other,dealer,,new_listings,685,listings,0,,vend-scraper-v2/daily_filtered
2026-05-29,daily,NO,finn.no,mobility_other,private,,listings,18186,listings,0,,vend-scraper-v2/daily_filtered
2026-05-29,daily,NO,finn.no,mobility_other,private,,new_listings,865,listings,0,,vend-scraper-v2/daily_filtered
2026-05-29,daily,NO,finn.no,real_estate_homes,,,listings,23054,listings,0,,vend-scraper-v2/daily_filtered
2026-05-29,daily,NO,finn.no,real_estate_homes,,,new_listings,1395,listings,0,,vend-scraper-v2/daily_filtered
2026-05-29,daily,NO,finn.no,real_estate_other,,,listings,27603,listings,0,,vend-scraper-v2/daily_filtered
2026-05-29,daily,NO,finn.no,real_estate_other,,,new_listings,621,listings,0,,vend-scraper-v2/daily_filtered
2026-05-29,daily,SE,hemnet.se,real_estate_homes,,,listings,38163,listings,0,,vend-scraper-v2/daily_filtered
2026-05-29,daily,SE,hemnet.se,real_estate_homes,,,new_listings,2738,listings,0,,vend-scraper-v2/daily_filtered
2026-05-29,daily,SE,hemnet.se,real_estate_homes_upcoming,,,listings,5365,listings,0,,vend-scraper-v2/daily_filtered
2026-05-29,daily,NO,hjem.no,real_estate_homes,,,listings,9654,listings,0,,vend-scraper-v2/daily_filtered
2026-05-29,daily,FI,oikotie.fi,real_estate_homes,,,listings,49351,listings,0,,vend-scraper-v2/daily_filtered
2026-05-29,daily,FI,oikotie.fi,real_estate_homes,,,new_listings,997,listings,0,,vend-scraper-v2/daily_filtered
2026-05-29,daily,SE,tradera.com,mobility_cars,dealer,,listings,41851,listings,0,,vend-scraper-v2/daily_filtered
2026-05-29,daily,SE,tradera.com,mobility_cars,private,,listings,2075,listings,0,,vend-scraper-v2/daily_filtered
2026-05-29,daily,SE,wayke.se,mobility_cars,dealer,,listings,50757,listings,0,,vend-scraper-v2/daily_filtered
2026-05-30,daily,DK,bilbasen.dk,mobility_cars,dealer,,listings,43376,listings,0,,vend-scraper-v2/daily_filtered
2026-05-30,daily,DK,bilbasen.dk,mobility_cars,private,,listings,3546,listings,0,,vend-scraper-v2/daily_filtered
2026-05-30,daily,DK,bilhandel.dk,mobility_cars,dealer,,listings,23435,listings,0,,vend-scraper-v2/daily_filtered
2026-05-30,daily,DK,bilhandel.dk,mobility_cars,private,,listings,1954,listings,0,,vend-scraper-v2/daily_filtered
2026-05-30,daily,DK,biltorvet.dk,mobility_cars,dealer,,listings,39461,listings,0,,vend-scraper-v2/daily_filtered
2026-05-30,daily,DK,biltorvet.dk,mobility_cars,private,,listings,1484,listings,0,,vend-scraper-v2/daily_filtered
2026-05-30,daily,SE,blocket.se,mobility_cars,dealer,,listings,119954,listings,0,,vend-scraper-v2/daily_filtered
2026-05-30,daily,SE,blocket.se,mobility_cars,dealer,,new_listings,3170,listings,0,,vend-scraper-v2/daily_filtered
2026-05-30,daily,SE,blocket.se,mobility_cars,private,,listings,24535,listings,0,,vend-scraper-v2/daily_filtered
2026-05-30,daily,SE,blocket.se,mobility_cars,private,,new_listings,1187,listings,0,,vend-scraper-v2/daily_filtered
2026-05-30,daily,SE,blocket.se,mobility_other,dealer,,listings,65545,listings,0,,vend-scraper-v2/daily_filtered
2026-05-30,daily,SE,blocket.se,mobility_other,dealer,,new_listings,559,listings,0,,vend-scraper-v2/daily_filtered
2026-05-30,daily,SE,blocket.se,mobility_other,private,,listings,25541,listings,0,,vend-scraper-v2/daily_filtered
2026-05-30,daily,SE,blocket.se,mobility_other,private,,new_listings,1197,listings,0,,vend-scraper-v2/daily_filtered
2026-05-30,daily,FI,etuovi.com,real_estate_homes,,,listings,53589,listings,0,,vend-scraper-v2/daily_filtered
2026-05-30,daily,FI,etuovi.com,real_estate_homes,,,new_listings,215,listings,0,,vend-scraper-v2/daily_filtered
2026-05-30,daily,NO,finn.no,jobs_listings,,,listings,17641,listings,0,,vend-scraper-v2/daily_filtered
2026-05-30,daily,NO,finn.no,jobs_listings,,,new_listings,60,listings,0,,vend-scraper-v2/daily_filtered
2026-05-30,daily,NO,finn.no,jobs_positions,,,listings,35998,listings,0,,vend-scraper-v2/daily_filtered
2026-05-30,daily,NO,finn.no,jobs_positions,,,new_listings,101,listings,0,,vend-scraper-v2/daily_filtered
2026-05-30,daily,NO,finn.no,mobility_cars,dealer,,listings,54668,listings,0,,vend-scraper-v2/daily_filtered
2026-05-30,daily,NO,finn.no,mobility_cars,dealer,,new_listings,559,listings,0,,vend-scraper-v2/daily_filtered
2026-05-30,daily,NO,finn.no,mobility_cars,private,,listings,16895,listings,0,,vend-scraper-v2/daily_filtered
2026-05-30,daily,NO,finn.no,mobility_cars,private,,new_listings,754,listings,0,,vend-scraper-v2/daily_filtered
2026-05-30,daily,NO,finn.no,mobility_other,dealer,,listings,27274,listings,0,,vend-scraper-v2/daily_filtered
2026-05-30,daily,NO,finn.no,mobility_other,dealer,,new_listings,195,listings,0,,vend-scraper-v2/daily_filtered
2026-05-30,daily,NO,finn.no,mobility_other,private,,listings,18152,listings,0,,vend-scraper-v2/daily_filtered
2026-05-30,daily,NO,finn.no,mobility_other,private,,new_listings,849,listings,0,,vend-scraper-v2/daily_filtered
2026-05-30,daily,NO,finn.no,real_estate_homes,,,listings,22735,listings,0,,vend-scraper-v2/daily_filtered
2026-05-30,daily,NO,finn.no,real_estate_homes,,,new_listings,500,listings,0,,vend-scraper-v2/daily_filtered
2026-05-30,daily,NO,finn.no,real_estate_other,,,listings,27466,listings,0,,vend-scraper-v2/daily_filtered
2026-05-30,daily,NO,finn.no,real_estate_other,,,new_listings,359,listings,0,,vend-scraper-v2/daily_filtered
2026-05-30,daily,SE,hemnet.se,real_estate_homes,,,listings,38310,listings,0,,vend-scraper-v2/daily_filtered
2026-05-30,daily,SE,hemnet.se,real_estate_homes,,,new_listings,2420,listings,0,,vend-scraper-v2/daily_filtered
2026-05-30,daily,SE,hemnet.se,real_estate_homes_upcoming,,,listings,5338,listings,0,,vend-scraper-v2/daily_filtered
2026-05-30,daily,NO,hjem.no,real_estate_homes,,,listings,9526,listings,0,,vend-scraper-v2/daily_filtered
2026-05-30,daily,FI,oikotie.fi,real_estate_homes,,,listings,49404,listings,0,,vend-scraper-v2/daily_filtered
2026-05-30,daily,FI,oikotie.fi,real_estate_homes,,,new_listings,758,listings,0,,vend-scraper-v2/daily_filtered
2026-05-30,daily,SE,tradera.com,mobility_cars,dealer,,listings,452,listings,0,outlier,vend-scraper-v2/daily_filtered
2026-05-30,daily,SE,tradera.com,mobility_cars,private,,listings,2095,listings,0,,vend-scraper-v2/daily_filtered
2026-05-30,daily,SE,wayke.se,mobility_cars,dealer,,listings,50547,listings,0,,vend-scraper-v2/daily_filtered
2026-05-31,daily,DK,bilbasen.dk,mobility_cars,dealer,,listings,42731,listings,0,,vend-scraper-v2/daily_filtered
2026-05-31,daily,DK,bilbasen.dk,mobility_cars,private,,listings,3546,listings,0,,vend-scraper-v2/daily_filtered
2026-05-31,daily,DK,bilhandel.dk,mobility_cars,dealer,,listings,22919,listings,0,,vend-scraper-v2/daily_filtered
2026-05-31,daily,DK,bilhandel.dk,mobility_cars,private,,listings,1965,listings,0,,vend-scraper-v2/daily_filtered
2026-05-31,daily,DK,biltorvet.dk,mobility_cars,dealer,,listings,38899,listings,0,,vend-scraper-v2/daily_filtered
2026-05-31,daily,DK,biltorvet.dk,mobility_cars,private,,listings,1489,listings,0,,vend-scraper-v2/daily_filtered
2026-05-31,daily,SE,blocket.se,mobility_cars,dealer,,listings,119662,listings,0,,vend-scraper-v2/daily_filtered
2026-05-31,daily,SE,blocket.se,mobility_cars,dealer,,new_listings,2441,listings,0,,vend-scraper-v2/daily_filtered
2026-05-31,daily,SE,blocket.se,mobility_cars,private,,listings,24688,listings,0,,vend-scraper-v2/daily_filtered
2026-05-31,daily,SE,blocket.se,mobility_cars,private,,new_listings,1308,listings,0,,vend-scraper-v2/daily_filtered
2026-05-31,daily,SE,blocket.se,mobility_other,dealer,,listings,65378,listings,0,,vend-scraper-v2/daily_filtered
2026-05-31,daily,SE,blocket.se,mobility_other,dealer,,new_listings,465,listings,0,,vend-scraper-v2/daily_filtered
2026-05-31,daily,SE,blocket.se,mobility_other,private,,listings,25685,listings,0,,vend-scraper-v2/daily_filtered
2026-05-31,daily,SE,blocket.se,mobility_other,private,,new_listings,1433,listings,0,,vend-scraper-v2/daily_filtered
2026-05-31,daily,FI,etuovi.com,real_estate_homes,,,listings,53401,listings,0,,vend-scraper-v2/daily_filtered
2026-05-31,daily,FI,etuovi.com,real_estate_homes,,,new_listings,254,listings,0,,vend-scraper-v2/daily_filtered
2026-05-31,daily,NO,finn.no,mobility_other,dealer,,listings,26870,listings,0,,vend-scraper-v2/daily_filtered
2026-05-31,daily,NO,finn.no,mobility_other,dealer,,new_listings,143,listings,0,,vend-scraper-v2/daily_filtered
2026-05-31,daily,NO,finn.no,mobility_other,private,,listings,18373,listings,0,,vend-scraper-v2/daily_filtered
2026-05-31,daily,NO,finn.no,mobility_other,private,,new_listings,1212,listings,0,,vend-scraper-v2/daily_filtered
2026-05-31,weekly,NO,finn.no,real_estate_homes,,large,package_count,13666,listings,0,,finn-bolig-packages/packages_history
2026-05-31,weekly,NO,finn.no,real_estate_homes,,large,package_share,61.1,pct,0,,finn-bolig-packages/packages_history
2026-05-31,weekly,NO,finn.no,real_estate_homes,,medium,package_count,8056,listings,0,,finn-bolig-packages/packages_history
2026-05-31,weekly,NO,finn.no,real_estate_homes,,medium,package_share,36,pct,0,,finn-bolig-packages/packages_history
2026-05-31,weekly,NO,finn.no,real_estate_homes,,small,package_count,656,listings,0,,finn-bolig-packages/packages_history
2026-05-31,weekly,NO,finn.no,real_estate_homes,,small,package_share,2.9,pct,0,,finn-bolig-packages/packages_history
2026-05-31,daily,NO,finn.no,real_estate_other,,,listings,27506,listings,0,,vend-scraper-v2/daily_filtered
2026-05-31,daily,NO,finn.no,real_estate_other,,,new_listings,591,listings,0,,vend-scraper-v2/daily_filtered
2026-05-31,daily,SE,hemnet.se,real_estate_homes,,,listings,38264,listings,0,,vend-scraper-v2/daily_filtered
2026-05-31,daily,SE,hemnet.se,real_estate_homes,,,new_listings,947,listings,0,,vend-scraper-v2/daily_filtered
2026-05-31,daily,SE,hemnet.se,real_estate_homes_upcoming,,,listings,5337,listings,0,,vend-scraper-v2/daily_filtered
2026-05-31,daily,NO,hjem.no,real_estate_homes,,,listings,9393,listings,0,,vend-scraper-v2/daily_filtered
2026-05-31,daily,FI,oikotie.fi,real_estate_homes,,,listings,49232,listings,0,,vend-scraper-v2/daily_filtered
2026-05-31,daily,FI,oikotie.fi,real_estate_homes,,,new_listings,412,listings,0,,vend-scraper-v2/daily_filtered
2026-05-31,daily,SE,tradera.com,mobility_cars,dealer,,listings,41157,listings,0,,vend-scraper-v2/daily_filtered
2026-05-31,daily,SE,tradera.com,mobility_cars,private,,listings,2121,listings,0,,vend-scraper-v2/daily_filtered
2026-05-31,daily,SE,wayke.se,mobility_cars,dealer,,listings,50198,listings,0,,vend-scraper-v2/daily_filtered
2026-06-01,daily,DK,bilbasen.dk,mobility_cars,dealer,,listings,43097,listings,0,,vend-scraper-v2/daily_filtered
2026-06-01,daily,DK,bilbasen.dk,mobility_cars,private,,listings,3556,listings,0,,vend-scraper-v2/daily_filtered
2026-06-01,daily,DK,bilhandel.dk,mobility_cars,dealer,,listings,23267,listings,0,,vend-scraper-v2/daily_filtered
2026-06-01,daily,DK,bilhandel.dk,mobility_cars,private,,listings,1965,listings,0,,vend-scraper-v2/daily_filtered
2026-06-01,weekly,DK,bilinfo.dk,mobility_cars,,,avg_days_to_sell,41,days,0,,vend-scraper-v2/bilinfo_weekly
2026-06-01,weekly,DK,bilinfo.dk,mobility_cars,,,supply_cars,47200,listings,0,,vend-scraper-v2/bilinfo_weekly
2026-06-01,weekly,DK,bilinfo.dk,mobility_cars,,,visits,419000,visitors,0,,vend-scraper-v2/bilinfo_weekly
2026-06-01,daily,DK,biltorvet.dk,mobility_cars,dealer,,listings,39141,listings,0,,vend-scraper-v2/daily_filtered
2026-06-01,daily,DK,biltorvet.dk,mobility_cars,private,,listings,1480,listings,0,,vend-scraper-v2/daily_filtered
2026-06-01,daily,SE,blocket.se,mobility_cars,dealer,,listings,119671,listings,0,,vend-scraper-v2/daily_filtered
2026-06-01,daily,SE,blocket.se,mobility_cars,dealer,,new_listings,5293,listings,0,,vend-scraper-v2/daily_filtered
2026-06-01,weekly,SE,blocket.se,mobility_cars,dealer,basis,package_sample_count,3834,sampled_listings,1,,finn-mobility-packages/weekly_package_mix
2026-06-01,weekly,SE,blocket.se,mobility_cars,dealer,basis,package_share,62.6,pct,1,,finn-mobility-packages/weekly_package_mix
2026-06-01,weekly,SE,blocket.se,mobility_cars,dealer,pluss,package_sample_count,373,sampled_listings,1,,finn-mobility-packages/weekly_package_mix
2026-06-01,weekly,SE,blocket.se,mobility_cars,dealer,pluss,package_share,6.1,pct,1,,finn-mobility-packages/weekly_package_mix
2026-06-01,weekly,SE,blocket.se,mobility_cars,dealer,premium,package_sample_count,1913,sampled_listings,1,,finn-mobility-packages/weekly_package_mix
2026-06-01,weekly,SE,blocket.se,mobility_cars,dealer,premium,package_share,31.3,pct,1,,finn-mobility-packages/weekly_package_mix
2026-06-01,daily,SE,blocket.se,mobility_cars,private,,listings,24897,listings,0,,vend-scraper-v2/daily_filtered
2026-06-01,daily,SE,blocket.se,mobility_cars,private,,new_listings,1305,listings,0,,vend-scraper-v2/daily_filtered
2026-06-01,daily,SE,blocket.se,mobility_other,dealer,,listings,65639,listings,0,,vend-scraper-v2/daily_filtered
2026-06-01,daily,SE,blocket.se,mobility_other,dealer,,new_listings,1791,listings,0,,vend-scraper-v2/daily_filtered
2026-06-01,daily,SE,blocket.se,mobility_other,private,,listings,25857,listings,0,,vend-scraper-v2/daily_filtered
2026-06-01,daily,SE,blocket.se,mobility_other,private,,new_listings,1215,listings,0,,vend-scraper-v2/daily_filtered
2026-06-01,daily,FI,etuovi.com,real_estate_homes,,,listings,53485,listings,0,,vend-scraper-v2/daily_filtered
2026-06-01,daily,FI,etuovi.com,real_estate_homes,,,new_listings,502,listings,0,,vend-scraper-v2/daily_filtered
2026-06-01,daily,NO,finn.no,jobs_listings,,,listings,16196,listings,0,,vend-scraper-v2/daily_filtered
2026-06-01,daily,NO,finn.no,jobs_listings,,,new_listings,1080,listings,0,,vend-scraper-v2/daily_filtered
2026-06-01,daily,NO,finn.no,jobs_positions,,,listings,32931,listings,0,,vend-scraper-v2/daily_filtered
2026-06-01,daily,NO,finn.no,jobs_positions,,,new_listings,2081,listings,0,,vend-scraper-v2/daily_filtered
2026-06-01,daily,NO,finn.no,mobility_cars,dealer,,listings,53833,listings,0,,vend-scraper-v2/daily_filtered
2026-06-01,daily,NO,finn.no,mobility_cars,dealer,,new_listings,1927,listings,0,,vend-scraper-v2/daily_filtered
2026-06-01,weekly,NO,finn.no,mobility_cars,dealer,basis,package_sample_count,806,sampled_listings,1,,finn-mobility-packages/weekly_package_mix
2026-06-01,weekly,NO,finn.no,mobility_cars,dealer,basis,package_share,29.2,pct,1,,finn-mobility-packages/weekly_package_mix
2026-06-01,weekly,NO,finn.no,mobility_cars,dealer,pluss,package_sample_count,810,sampled_listings,1,,finn-mobility-packages/weekly_package_mix
2026-06-01,weekly,NO,finn.no,mobility_cars,dealer,pluss,package_share,29.4,pct,1,,finn-mobility-packages/weekly_package_mix
2026-06-01,weekly,NO,finn.no,mobility_cars,dealer,premium,package_sample_count,1143,sampled_listings,1,,finn-mobility-packages/weekly_package_mix
2026-06-01,weekly,NO,finn.no,mobility_cars,dealer,premium,package_share,41.4,pct,1,,finn-mobility-packages/weekly_package_mix
2026-06-01,daily,NO,finn.no,mobility_cars,private,,listings,17140,listings,0,,vend-scraper-v2/daily_filtered
2026-06-01,daily,NO,finn.no,mobility_cars,private,,new_listings,984,listings,0,,vend-scraper-v2/daily_filtered
2026-06-01,daily,NO,finn.no,mobility_other,dealer,,listings,26964,listings,0,,vend-scraper-v2/daily_filtered
2026-06-01,daily,NO,finn.no,mobility_other,dealer,,new_listings,715,listings,0,,vend-scraper-v2/daily_filtered
2026-06-01,daily,NO,finn.no,mobility_other,private,,listings,18456,listings,0,,vend-scraper-v2/daily_filtered
2026-06-01,daily,NO,finn.no,mobility_other,private,,new_listings,1067,listings,0,,vend-scraper-v2/daily_filtered
2026-06-01,daily,NO,finn.no,real_estate_homes,,,listings,22082,listings,0,,vend-scraper-v2/daily_filtered
2026-06-01,daily,NO,finn.no,real_estate_homes,,,new_listings,833,listings,0,,vend-scraper-v2/daily_filtered
2026-06-01,daily,NO,finn.no,real_estate_other,,,listings,27649,listings,0,,vend-scraper-v2/daily_filtered
2026-06-01,daily,NO,finn.no,real_estate_other,,,new_listings,812,listings,0,,vend-scraper-v2/daily_filtered
2026-06-01,daily,SE,hemnet.se,real_estate_homes,,,listings,38280,listings,0,,vend-scraper-v2/daily_filtered
2026-06-01,daily,SE,hemnet.se,real_estate_homes,,,new_listings,1548,listings,0,,vend-scraper-v2/daily_filtered
2026-06-01,daily,SE,hemnet.se,real_estate_homes_upcoming,,,listings,5306,listings,0,,vend-scraper-v2/daily_filtered
2026-06-01,daily,NO,hjem.no,real_estate_homes,,,listings,9310,listings,0,,vend-scraper-v2/daily_filtered
2026-06-01,daily,FI,oikotie.fi,real_estate_homes,,,listings,49314,listings,0,,vend-scraper-v2/daily_filtered
2026-06-01,daily,FI,oikotie.fi,real_estate_homes,,,new_listings,638,listings,0,,vend-scraper-v2/daily_filtered
2026-06-01,daily,SE,tradera.com,mobility_cars,dealer,,listings,41299,listings,0,,vend-scraper-v2/daily_filtered
2026-06-01,daily,SE,tradera.com,mobility_cars,private,,listings,2137,listings,0,,vend-scraper-v2/daily_filtered
2026-06-01,daily,SE,wayke.se,mobility_cars,dealer,,listings,50077,listings,0,,vend-scraper-v2/daily_filtered
2026-06-02,daily,DK,bilbasen.dk,mobility_cars,dealer,,listings,43292,listings,0,,vend-scraper-v2/daily_filtered
2026-06-02,daily,DK,bilbasen.dk,mobility_cars,private,,listings,3551,listings,0,,vend-scraper-v2/daily_filtered
2026-06-02,daily,DK,bilhandel.dk,mobility_cars,dealer,,listings,23469,listings,0,,vend-scraper-v2/daily_filtered
2026-06-02,daily,DK,bilhandel.dk,mobility_cars,private,,listings,1956,listings,0,,vend-scraper-v2/daily_filtered
2026-06-02,daily,DK,biltorvet.dk,mobility_cars,dealer,,listings,39031,listings,0,,vend-scraper-v2/daily_filtered
2026-06-02,daily,DK,biltorvet.dk,mobility_cars,private,,listings,1477,listings,0,,vend-scraper-v2/daily_filtered
2026-06-02,daily,SE,blocket.se,mobility_cars,dealer,,listings,120676,listings,0,,vend-scraper-v2/daily_filtered
2026-06-02,daily,SE,blocket.se,mobility_cars,dealer,,new_listings,6234,listings,0,,vend-scraper-v2/daily_filtered
2026-06-02,daily,SE,blocket.se,mobility_cars,private,,listings,24970,listings,0,,vend-scraper-v2/daily_filtered
2026-06-02,daily,SE,blocket.se,mobility_cars,private,,new_listings,1194,listings,0,,vend-scraper-v2/daily_filtered
2026-06-02,daily,SE,blocket.se,mobility_other,dealer,,listings,65616,listings,0,,vend-scraper-v2/daily_filtered
2026-06-02,daily,SE,blocket.se,mobility_other,dealer,,new_listings,1911,listings,0,,vend-scraper-v2/daily_filtered
2026-06-02,daily,SE,blocket.se,mobility_other,private,,listings,25937,listings,0,,vend-scraper-v2/daily_filtered
2026-06-02,daily,SE,blocket.se,mobility_other,private,,new_listings,1098,listings,0,,vend-scraper-v2/daily_filtered
2026-06-02,daily,FI,etuovi.com,real_estate_homes,,,listings,53530,listings,0,,vend-scraper-v2/daily_filtered
2026-06-02,daily,FI,etuovi.com,real_estate_homes,,,new_listings,499,listings,0,,vend-scraper-v2/daily_filtered
2026-06-02,daily,NO,finn.no,jobs_listings,,,listings,16236,listings,0,,vend-scraper-v2/daily_filtered
2026-06-02,daily,NO,finn.no,jobs_listings,,,new_listings,1053,listings,0,,vend-scraper-v2/daily_filtered
2026-06-02,daily,NO,finn.no,jobs_positions,,,listings,32903,listings,0,,vend-scraper-v2/daily_filtered
2026-06-02,daily,NO,finn.no,jobs_positions,,,new_listings,1886,listings,0,,vend-scraper-v2/daily_filtered
2026-06-02,daily,NO,finn.no,mobility_cars,dealer,,listings,54405,listings,0,,vend-scraper-v2/daily_filtered
2026-06-02,daily,NO,finn.no,mobility_cars,dealer,,new_listings,2233,listings,0,,vend-scraper-v2/daily_filtered
2026-06-02,daily,NO,finn.no,mobility_cars,private,,listings,17079,listings,0,,vend-scraper-v2/daily_filtered
2026-06-02,daily,NO,finn.no,mobility_cars,private,,new_listings,937,listings,0,,vend-scraper-v2/daily_filtered
2026-06-02,daily,NO,finn.no,mobility_other,dealer,,listings,27097,listings,0,,vend-scraper-v2/daily_filtered
2026-06-02,daily,NO,finn.no,mobility_other,dealer,,new_listings,774,listings,0,,vend-scraper-v2/daily_filtered
2026-06-02,daily,NO,finn.no,mobility_other,private,,listings,18462,listings,0,,vend-scraper-v2/daily_filtered
2026-06-02,daily,NO,finn.no,mobility_other,private,,new_listings,1016,listings,0,,vend-scraper-v2/daily_filtered
2026-06-02,daily,NO,finn.no,real_estate_homes,,,listings,22551,listings,0,,vend-scraper-v2/daily_filtered
2026-06-02,daily,NO,finn.no,real_estate_homes,,,new_listings,912,listings,0,,vend-scraper-v2/daily_filtered
2026-06-02,daily,NO,finn.no,real_estate_other,,,listings,27847,listings,0,,vend-scraper-v2/daily_filtered
2026-06-02,daily,NO,finn.no,real_estate_other,,,new_listings,801,listings,0,,vend-scraper-v2/daily_filtered
2026-06-02,daily,SE,hemnet.se,real_estate_homes,,,listings,38216,listings,0,,vend-scraper-v2/daily_filtered
2026-06-02,daily,SE,hemnet.se,real_estate_homes,,,new_listings,2124,listings,0,,vend-scraper-v2/daily_filtered
2026-06-02,daily,SE,hemnet.se,real_estate_homes_upcoming,,,listings,5326,listings,0,,vend-scraper-v2/daily_filtered
2026-06-02,daily,NO,hjem.no,real_estate_homes,,,listings,9529,listings,0,,vend-scraper-v2/daily_filtered
2026-06-02,daily,FI,oikotie.fi,real_estate_homes,,,listings,49395,listings,0,,vend-scraper-v2/daily_filtered
2026-06-02,daily,FI,oikotie.fi,real_estate_homes,,,new_listings,849,listings,0,,vend-scraper-v2/daily_filtered
2026-06-02,daily,SE,tradera.com,mobility_cars,dealer,,listings,41808,listings,0,,vend-scraper-v2/daily_filtered
2026-06-02,daily,SE,tradera.com,mobility_cars,private,,listings,2161,listings,0,,vend-scraper-v2/daily_filtered
2026-06-02,daily,SE,wayke.se,mobility_cars,dealer,,listings,50530,listings,0,,vend-scraper-v2/daily_filtered
2026-06-03,daily,DK,bilbasen.dk,mobility_cars,dealer,,listings,43420,listings,0,,vend-scraper-v2/daily_filtered
2026-06-03,daily,DK,bilbasen.dk,mobility_cars,private,,listings,3539,listings,0,,vend-scraper-v2/daily_filtered
2026-06-03,daily,DK,bilhandel.dk,mobility_cars,dealer,,listings,23645,listings,0,,vend-scraper-v2/daily_filtered
2026-06-03,daily,DK,bilhandel.dk,mobility_cars,private,,listings,1959,listings,0,,vend-scraper-v2/daily_filtered
2026-06-03,daily,DK,biltorvet.dk,mobility_cars,dealer,,listings,39141,listings,0,,vend-scraper-v2/daily_filtered
2026-06-03,daily,DK,biltorvet.dk,mobility_cars,private,,listings,1473,listings,0,,vend-scraper-v2/daily_filtered
2026-06-03,daily,SE,blocket.se,mobility_cars,dealer,,listings,121550,listings,0,,vend-scraper-v2/daily_filtered
2026-06-03,daily,SE,blocket.se,mobility_cars,dealer,,new_listings,6522,listings,0,,vend-scraper-v2/daily_filtered
2026-06-03,daily,SE,blocket.se,mobility_cars,private,,listings,25009,listings,0,,vend-scraper-v2/daily_filtered
2026-06-03,daily,SE,blocket.se,mobility_cars,private,,new_listings,1173,listings,0,,vend-scraper-v2/daily_filtered
2026-06-03,daily,SE,blocket.se,mobility_other,dealer,,listings,65863,listings,0,,vend-scraper-v2/daily_filtered
2026-06-03,daily,SE,blocket.se,mobility_other,dealer,,new_listings,1654,listings,0,,vend-scraper-v2/daily_filtered
2026-06-03,daily,SE,blocket.se,mobility_other,private,,listings,26003,listings,0,,vend-scraper-v2/daily_filtered
2026-06-03,daily,SE,blocket.se,mobility_other,private,,new_listings,1048,listings,0,,vend-scraper-v2/daily_filtered
2026-06-03,daily,FI,etuovi.com,real_estate_homes,,,listings,53619,listings,0,,vend-scraper-v2/daily_filtered
2026-06-03,daily,FI,etuovi.com,real_estate_homes,,,new_listings,592,listings,0,,vend-scraper-v2/daily_filtered
2026-06-03,daily,NO,finn.no,jobs_listings,,,listings,16521,listings,0,,vend-scraper-v2/daily_filtered
2026-06-03,daily,NO,finn.no,jobs_listings,,,new_listings,859,listings,0,,vend-scraper-v2/daily_filtered
2026-06-03,daily,NO,finn.no,jobs_positions,,,listings,33373,listings,0,,vend-scraper-v2/daily_filtered
2026-06-03,daily,NO,finn.no,jobs_positions,,,new_listings,1555,listings,0,,vend-scraper-v2/daily_filtered
2026-06-03,daily,NO,finn.no,mobility_cars,dealer,,listings,55247,listings,0,,vend-scraper-v2/daily_filtered
2026-06-03,daily,NO,finn.no,mobility_cars,dealer,,new_listings,2116,listings,0,,vend-scraper-v2/daily_filtered
2026-06-03,daily,NO,finn.no,mobility_cars,private,,listings,17036,listings,0,,vend-scraper-v2/daily_filtered
2026-06-03,daily,NO,finn.no,mobility_cars,private,,new_listings,898,listings,0,,vend-scraper-v2/daily_filtered
2026-06-03,daily,NO,finn.no,mobility_other,dealer,,listings,27118,listings,0,,vend-scraper-v2/daily_filtered
2026-06-03,daily,NO,finn.no,mobility_other,dealer,,new_listings,708,listings,0,,vend-scraper-v2/daily_filtered
2026-06-03,daily,NO,finn.no,mobility_other,private,,listings,18370,listings,0,,vend-scraper-v2/daily_filtered
2026-06-03,daily,NO,finn.no,mobility_other,private,,new_listings,929,listings,0,,vend-scraper-v2/daily_filtered
2026-06-03,daily,NO,finn.no,real_estate_homes,,,listings,23048,listings,0,,vend-scraper-v2/daily_filtered
2026-06-03,daily,NO,finn.no,real_estate_homes,,,new_listings,843,listings,0,,vend-scraper-v2/daily_filtered
2026-06-03,daily,NO,finn.no,real_estate_other,,,listings,27965,listings,0,,vend-scraper-v2/daily_filtered
2026-06-03,daily,NO,finn.no,real_estate_other,,,new_listings,782,listings,0,,vend-scraper-v2/daily_filtered
2026-06-03,daily,SE,hemnet.se,real_estate_homes,,,listings,38035,listings,0,,vend-scraper-v2/daily_filtered
2026-06-03,daily,SE,hemnet.se,real_estate_homes,,,new_listings,1980,listings,0,,vend-scraper-v2/daily_filtered
2026-06-03,daily,SE,hemnet.se,real_estate_homes_upcoming,,,listings,5362,listings,0,,vend-scraper-v2/daily_filtered
2026-06-03,daily,NO,hjem.no,real_estate_homes,,,listings,9717,listings,0,,vend-scraper-v2/daily_filtered
2026-06-03,daily,FI,oikotie.fi,real_estate_homes,,,listings,49489,listings,0,,vend-scraper-v2/daily_filtered
2026-06-03,daily,FI,oikotie.fi,real_estate_homes,,,new_listings,877,listings,0,,vend-scraper-v2/daily_filtered
2026-06-03,daily,SE,tradera.com,mobility_cars,dealer,,listings,42248,listings,0,,vend-scraper-v2/daily_filtered
2026-06-03,daily,SE,tradera.com,mobility_cars,private,,listings,2150,listings,0,,vend-scraper-v2/daily_filtered
2026-06-03,daily,SE,wayke.se,mobility_cars,dealer,,listings,51107,listings,0,,vend-scraper-v2/daily_filtered
2026-06-04,daily,DK,bilbasen.dk,mobility_cars,dealer,,listings,43726,listings,0,,vend-scraper-v2/daily_filtered
2026-06-04,daily,DK,bilbasen.dk,mobility_cars,private,,listings,3535,listings,0,,vend-scraper-v2/daily_filtered
2026-06-04,daily,DK,bilhandel.dk,mobility_cars,dealer,,listings,23913,listings,0,,vend-scraper-v2/daily_filtered
2026-06-04,daily,DK,bilhandel.dk,mobility_cars,private,,listings,1959,listings,0,,vend-scraper-v2/daily_filtered
2026-06-04,daily,DK,biltorvet.dk,mobility_cars,dealer,,listings,39364,listings,0,,vend-scraper-v2/daily_filtered
2026-06-04,daily,DK,biltorvet.dk,mobility_cars,private,,listings,1472,listings,0,,vend-scraper-v2/daily_filtered
2026-06-04,daily,SE,blocket.se,mobility_cars,dealer,,listings,122279,listings,0,,vend-scraper-v2/daily_filtered
2026-06-04,daily,SE,blocket.se,mobility_cars,dealer,,new_listings,6170,listings,0,,vend-scraper-v2/daily_filtered
2026-06-04,daily,SE,blocket.se,mobility_cars,private,,listings,24915,listings,0,,vend-scraper-v2/daily_filtered
2026-06-04,daily,SE,blocket.se,mobility_cars,private,,new_listings,1043,listings,0,,vend-scraper-v2/daily_filtered
2026-06-04,daily,SE,blocket.se,mobility_other,dealer,,listings,66087,listings,0,,vend-scraper-v2/daily_filtered
2026-06-04,daily,SE,blocket.se,mobility_other,dealer,,new_listings,1513,listings,0,,vend-scraper-v2/daily_filtered
2026-06-04,daily,SE,blocket.se,mobility_other,private,,listings,25999,listings,0,,vend-scraper-v2/daily_filtered
2026-06-04,daily,SE,blocket.se,mobility_other,private,,new_listings,952,listings,0,,vend-scraper-v2/daily_filtered
2026-06-04,daily,FI,etuovi.com,real_estate_homes,,,listings,53700,listings,0,,vend-scraper-v2/daily_filtered
2026-06-04,daily,FI,etuovi.com,real_estate_homes,,,new_listings,532,listings,0,,vend-scraper-v2/daily_filtered
2026-06-04,daily,NO,finn.no,jobs_listings,,,listings,16921,listings,0,,vend-scraper-v2/daily_filtered
2026-06-04,daily,NO,finn.no,jobs_listings,,,new_listings,1069,listings,0,,vend-scraper-v2/daily_filtered
2026-06-04,daily,NO,finn.no,jobs_positions,,,listings,33961,listings,0,,vend-scraper-v2/daily_filtered
2026-06-04,daily,NO,finn.no,jobs_positions,,,new_listings,1971,listings,0,,vend-scraper-v2/daily_filtered
2026-06-04,daily,NO,finn.no,mobility_cars,dealer,,listings,55356,listings,0,,vend-scraper-v2/daily_filtered
2026-06-04,daily,NO,finn.no,mobility_cars,dealer,,new_listings,2112,listings,0,,vend-scraper-v2/daily_filtered
2026-06-04,daily,NO,finn.no,mobility_cars,private,,listings,16898,listings,0,,vend-scraper-v2/daily_filtered
2026-06-04,daily,NO,finn.no,mobility_cars,private,,new_listings,768,listings,0,,vend-scraper-v2/daily_filtered
2026-06-04,daily,NO,finn.no,mobility_other,dealer,,listings,27210,listings,0,,vend-scraper-v2/daily_filtered
2026-06-04,daily,NO,finn.no,mobility_other,dealer,,new_listings,798,listings,0,,vend-scraper-v2/daily_filtered
2026-06-04,daily,NO,finn.no,mobility_other,private,,listings,18331,listings,0,,vend-scraper-v2/daily_filtered
2026-06-04,daily,NO,finn.no,mobility_other,private,,new_listings,891,listings,0,,vend-scraper-v2/daily_filtered
2026-06-04,daily,NO,finn.no,real_estate_homes,,,listings,23056,listings,0,,vend-scraper-v2/daily_filtered
2026-06-04,daily,NO,finn.no,real_estate_homes,,,new_listings,721,listings,0,,vend-scraper-v2/daily_filtered
2026-06-04,daily,NO,finn.no,real_estate_other,,,listings,27989,listings,0,,vend-scraper-v2/daily_filtered
2026-06-04,daily,NO,finn.no,real_estate_other,,,new_listings,700,listings,0,,vend-scraper-v2/daily_filtered
2026-06-04,daily,SE,hemnet.se,real_estate_homes,,,listings,37908,listings,0,,vend-scraper-v2/daily_filtered
2026-06-04,daily,SE,hemnet.se,real_estate_homes,,,new_listings,2012,listings,0,,vend-scraper-v2/daily_filtered
2026-06-04,daily,SE,hemnet.se,real_estate_homes_upcoming,,,listings,5388,listings,0,,vend-scraper-v2/daily_filtered
2026-06-04,daily,NO,hjem.no,real_estate_homes,,,listings,9682,listings,0,,vend-scraper-v2/daily_filtered
2026-06-04,daily,FI,oikotie.fi,real_estate_homes,,,listings,49606,listings,0,,vend-scraper-v2/daily_filtered
2026-06-04,daily,FI,oikotie.fi,real_estate_homes,,,new_listings,910,listings,0,,vend-scraper-v2/daily_filtered
2026-06-04,daily,SE,tradera.com,mobility_cars,dealer,,listings,42643,listings,0,,vend-scraper-v2/daily_filtered
2026-06-04,daily,SE,tradera.com,mobility_cars,private,,listings,2150,listings,0,,vend-scraper-v2/daily_filtered
2026-06-04,daily,SE,wayke.se,mobility_cars,dealer,,listings,51594,listings,0,,vend-scraper-v2/daily_filtered
2026-06-05,daily,DK,bilbasen.dk,mobility_cars,dealer,,listings,43852,listings,0,,vend-scraper-v2/daily_filtered
2026-06-05,daily,DK,bilbasen.dk,mobility_cars,private,,listings,3540,listings,0,,vend-scraper-v2/daily_filtered
2026-06-05,daily,DK,bilhandel.dk,mobility_cars,dealer,,listings,23915,listings,0,,vend-scraper-v2/daily_filtered
2026-06-05,daily,DK,bilhandel.dk,mobility_cars,private,,listings,1956,listings,0,,vend-scraper-v2/daily_filtered
2026-06-05,daily,DK,biltorvet.dk,mobility_cars,dealer,,listings,39440,listings,0,,vend-scraper-v2/daily_filtered
2026-06-05,daily,DK,biltorvet.dk,mobility_cars,private,,listings,1463,listings,0,,vend-scraper-v2/daily_filtered
2026-06-05,daily,SE,blocket.se,mobility_cars,dealer,,listings,122681,listings,0,,vend-scraper-v2/daily_filtered
2026-06-05,daily,SE,blocket.se,mobility_cars,dealer,,new_listings,5669,listings,0,,vend-scraper-v2/daily_filtered
2026-06-05,daily,SE,blocket.se,mobility_cars,private,,listings,24771,listings,0,,vend-scraper-v2/daily_filtered
2026-06-05,daily,SE,blocket.se,mobility_cars,private,,new_listings,1054,listings,0,,vend-scraper-v2/daily_filtered
2026-06-05,daily,SE,blocket.se,mobility_other,dealer,,listings,66407,listings,0,,vend-scraper-v2/daily_filtered
2026-06-05,daily,SE,blocket.se,mobility_other,dealer,,new_listings,2070,listings,0,,vend-scraper-v2/daily_filtered
2026-06-05,daily,SE,blocket.se,mobility_other,private,,listings,25808,listings,0,,vend-scraper-v2/daily_filtered
2026-06-05,daily,SE,blocket.se,mobility_other,private,,new_listings,910,listings,0,,vend-scraper-v2/daily_filtered
2026-06-05,daily,FI,etuovi.com,real_estate_homes,,,listings,53825,listings,0,,vend-scraper-v2/daily_filtered
2026-06-05,daily,FI,etuovi.com,real_estate_homes,,,new_listings,602,listings,0,,vend-scraper-v2/daily_filtered
2026-06-05,daily,NO,finn.no,jobs_listings,,,listings,17259,listings,0,,vend-scraper-v2/daily_filtered
2026-06-05,daily,NO,finn.no,jobs_listings,,,new_listings,932,listings,0,,vend-scraper-v2/daily_filtered
2026-06-05,daily,NO,finn.no,jobs_positions,,,listings,34486,listings,0,,vend-scraper-v2/daily_filtered
2026-06-05,daily,NO,finn.no,jobs_positions,,,new_listings,1629,listings,0,,vend-scraper-v2/daily_filtered
2026-06-05,daily,NO,finn.no,mobility_cars,dealer,,listings,55592,listings,0,,vend-scraper-v2/daily_filtered
2026-06-05,daily,NO,finn.no,mobility_cars,dealer,,new_listings,1946,listings,0,,vend-scraper-v2/daily_filtered
2026-06-05,daily,NO,finn.no,mobility_cars,private,,listings,16756,listings,0,,vend-scraper-v2/daily_filtered
2026-06-05,daily,NO,finn.no,mobility_cars,private,,new_listings,722,listings,0,,vend-scraper-v2/daily_filtered
2026-06-05,daily,NO,finn.no,mobility_other,dealer,,listings,27420,listings,0,,vend-scraper-v2/daily_filtered
2026-06-05,daily,NO,finn.no,mobility_other,dealer,,new_listings,688,listings,0,,vend-scraper-v2/daily_filtered
2026-06-05,daily,NO,finn.no,mobility_other,private,,listings,18179,listings,0,,vend-scraper-v2/daily_filtered
2026-06-05,daily,NO,finn.no,mobility_other,private,,new_listings,753,listings,0,,vend-scraper-v2/daily_filtered
2026-06-05,daily,NO,finn.no,real_estate_homes,,,listings,23416,listings,0,,vend-scraper-v2/daily_filtered
2026-06-05,daily,NO,finn.no,real_estate_homes,,,new_listings,1285,listings,0,,vend-scraper-v2/daily_filtered
2026-06-05,daily,NO,finn.no,real_estate_other,,,listings,28067,listings,0,,vend-scraper-v2/daily_filtered
2026-06-05,daily,NO,finn.no,real_estate_other,,,new_listings,701,listings,0,,vend-scraper-v2/daily_filtered
2026-06-05,daily,SE,hemnet.se,real_estate_homes,,,listings,38327,listings,0,,vend-scraper-v2/daily_filtered
2026-06-05,daily,SE,hemnet.se,real_estate_homes,,,new_listings,2545,listings,0,,vend-scraper-v2/daily_filtered
2026-06-05,daily,SE,hemnet.se,real_estate_homes_upcoming,,,listings,5312,listings,0,,vend-scraper-v2/daily_filtered
2026-06-05,daily,NO,hjem.no,real_estate_homes,,,listings,9821,listings,0,,vend-scraper-v2/daily_filtered
2026-06-05,daily,FI,oikotie.fi,real_estate_homes,,,listings,49796,listings,0,,vend-scraper-v2/daily_filtered
2026-06-05,daily,FI,oikotie.fi,real_estate_homes,,,new_listings,996,listings,0,,vend-scraper-v2/daily_filtered
2026-06-05,daily,SE,tradera.com,mobility_cars,dealer,,listings,42887,listings,0,,vend-scraper-v2/daily_filtered
2026-06-05,daily,SE,tradera.com,mobility_cars,private,,listings,2155,listings,0,,vend-scraper-v2/daily_filtered
2026-06-05,daily,SE,wayke.se,mobility_cars,dealer,,listings,51898,listings,0,,vend-scraper-v2/daily_filtered
2026-06-06,daily,DK,bilbasen.dk,mobility_cars,dealer,,listings,43684,listings,0,,vend-scraper-v2/daily_filtered
2026-06-06,daily,DK,bilbasen.dk,mobility_cars,private,,listings,3560,listings,0,,vend-scraper-v2/daily_filtered
2026-06-06,daily,DK,bilhandel.dk,mobility_cars,dealer,,listings,23810,listings,0,,vend-scraper-v2/daily_filtered
2026-06-06,daily,DK,bilhandel.dk,mobility_cars,private,,listings,1957,listings,0,,vend-scraper-v2/daily_filtered
2026-06-06,daily,DK,biltorvet.dk,mobility_cars,dealer,,listings,39306,listings,0,,vend-scraper-v2/daily_filtered
2026-06-06,daily,DK,biltorvet.dk,mobility_cars,private,,listings,1485,listings,0,,vend-scraper-v2/daily_filtered
2026-06-06,daily,SE,blocket.se,mobility_cars,dealer,,listings,122393,listings,0,,vend-scraper-v2/daily_filtered
2026-06-06,daily,SE,blocket.se,mobility_cars,dealer,,new_listings,2354,listings,0,,vend-scraper-v2/daily_filtered
2026-06-06,daily,SE,blocket.se,mobility_cars,private,,listings,24809,listings,0,,vend-scraper-v2/daily_filtered
2026-06-06,daily,SE,blocket.se,mobility_cars,private,,new_listings,1198,listings,0,,vend-scraper-v2/daily_filtered
2026-06-06,daily,SE,blocket.se,mobility_other,dealer,,listings,66411,listings,0,,vend-scraper-v2/daily_filtered
2026-06-06,daily,SE,blocket.se,mobility_other,dealer,,new_listings,457,listings,0,,vend-scraper-v2/daily_filtered
2026-06-06,daily,SE,blocket.se,mobility_other,private,,listings,25712,listings,0,,vend-scraper-v2/daily_filtered
2026-06-06,daily,SE,blocket.se,mobility_other,private,,new_listings,1106,listings,0,,vend-scraper-v2/daily_filtered
2026-06-06,daily,FI,etuovi.com,real_estate_homes,,,listings,53904,listings,0,,vend-scraper-v2/daily_filtered
2026-06-06,daily,FI,etuovi.com,real_estate_homes,,,new_listings,254,listings,0,,vend-scraper-v2/daily_filtered
2026-06-06,daily,NO,finn.no,jobs_listings,,,listings,16658,listings,0,,vend-scraper-v2/daily_filtered
2026-06-06,daily,NO,finn.no,jobs_listings,,,new_listings,66,listings,0,,vend-scraper-v2/daily_filtered
2026-06-06,daily,NO,finn.no,jobs_positions,,,listings,33275,listings,0,,vend-scraper-v2/daily_filtered
2026-06-06,daily,NO,finn.no,jobs_positions,,,new_listings,104,listings,0,,vend-scraper-v2/daily_filtered
2026-06-06,daily,NO,finn.no,mobility_cars,dealer,,listings,54998,listings,0,,vend-scraper-v2/daily_filtered
2026-06-06,daily,NO,finn.no,mobility_cars,dealer,,new_listings,586,listings,0,,vend-scraper-v2/daily_filtered
2026-06-06,daily,NO,finn.no,mobility_cars,private,,listings,16696,listings,0,,vend-scraper-v2/daily_filtered
2026-06-06,daily,NO,finn.no,mobility_cars,private,,new_listings,723,listings,0,,vend-scraper-v2/daily_filtered
2026-06-06,daily,NO,finn.no,mobility_other,dealer,,listings,27275,listings,0,,vend-scraper-v2/daily_filtered
2026-06-06,daily,NO,finn.no,mobility_other,dealer,,new_listings,179,listings,0,,vend-scraper-v2/daily_filtered
2026-06-06,daily,NO,finn.no,mobility_other,private,,listings,18076,listings,0,,vend-scraper-v2/daily_filtered
2026-06-06,daily,NO,finn.no,mobility_other,private,,new_listings,808,listings,0,,vend-scraper-v2/daily_filtered
2026-06-06,daily,NO,finn.no,real_estate_homes,,,listings,23243,listings,0,,vend-scraper-v2/daily_filtered
2026-06-06,daily,NO,finn.no,real_estate_homes,,,new_listings,442,listings,0,,vend-scraper-v2/daily_filtered
2026-06-06,daily,NO,finn.no,real_estate_other,,,listings,27942,listings,0,,vend-scraper-v2/daily_filtered
2026-06-06,daily,NO,finn.no,real_estate_other,,,new_listings,352,listings,0,,vend-scraper-v2/daily_filtered
2026-06-06,daily,SE,hemnet.se,real_estate_homes,,,listings,38416,listings,0,,vend-scraper-v2/daily_filtered
2026-06-06,daily,SE,hemnet.se,real_estate_homes,,,new_listings,2075,listings,0,,vend-scraper-v2/daily_filtered
2026-06-06,daily,SE,hemnet.se,real_estate_homes_upcoming,,,listings,5303,listings,0,,vend-scraper-v2/daily_filtered
2026-06-06,daily,NO,hjem.no,real_estate_homes,,,listings,9751,listings,0,,vend-scraper-v2/daily_filtered
2026-06-06,daily,FI,oikotie.fi,real_estate_homes,,,listings,49852,listings,0,,vend-scraper-v2/daily_filtered
2026-06-06,daily,FI,oikotie.fi,real_estate_homes,,,new_listings,753,listings,0,,vend-scraper-v2/daily_filtered
2026-06-06,daily,SE,tradera.com,mobility_cars,dealer,,listings,42743,listings,0,,vend-scraper-v2/daily_filtered
2026-06-06,daily,SE,tradera.com,mobility_cars,private,,listings,2176,listings,0,,vend-scraper-v2/daily_filtered
2026-06-06,daily,SE,wayke.se,mobility_cars,dealer,,listings,51750,listings,0,,vend-scraper-v2/daily_filtered
2026-06-07,daily,DK,bilbasen.dk,mobility_cars,dealer,,listings,43063,listings,0,,vend-scraper-v2/daily_filtered
2026-06-07,daily,DK,bilbasen.dk,mobility_cars,private,,listings,3604,listings,0,,vend-scraper-v2/daily_filtered
2026-06-07,daily,DK,bilhandel.dk,mobility_cars,dealer,,listings,23497,listings,0,,vend-scraper-v2/daily_filtered
2026-06-07,daily,DK,bilhandel.dk,mobility_cars,private,,listings,1968,listings,0,,vend-scraper-v2/daily_filtered
2026-06-07,daily,DK,biltorvet.dk,mobility_cars,dealer,,listings,38889,listings,0,,vend-scraper-v2/daily_filtered
2026-06-07,daily,DK,biltorvet.dk,mobility_cars,private,,listings,1486,listings,0,,vend-scraper-v2/daily_filtered
2026-06-07,daily,SE,blocket.se,mobility_cars,dealer,,listings,122063,listings,0,,vend-scraper-v2/daily_filtered
2026-06-07,daily,SE,blocket.se,mobility_cars,dealer,,new_listings,2082,listings,0,,vend-scraper-v2/daily_filtered
2026-06-07,daily,SE,blocket.se,mobility_cars,private,,listings,24913,listings,0,,vend-scraper-v2/daily_filtered
2026-06-07,daily,SE,blocket.se,mobility_cars,private,,new_listings,1342,listings,0,,vend-scraper-v2/daily_filtered
2026-06-07,daily,SE,blocket.se,mobility_other,dealer,,listings,66371,listings,0,,vend-scraper-v2/daily_filtered
2026-06-07,daily,SE,blocket.se,mobility_other,dealer,,new_listings,478,listings,0,,vend-scraper-v2/daily_filtered
2026-06-07,daily,SE,blocket.se,mobility_other,private,,listings,25764,listings,0,,vend-scraper-v2/daily_filtered
2026-06-07,daily,SE,blocket.se,mobility_other,private,,new_listings,1411,listings,0,,vend-scraper-v2/daily_filtered
2026-06-07,daily,FI,etuovi.com,real_estate_homes,,,listings,53902,listings,0,,vend-scraper-v2/daily_filtered
2026-06-07,daily,FI,etuovi.com,real_estate_homes,,,new_listings,181,listings,0,,vend-scraper-v2/daily_filtered
2026-06-07,daily,NO,finn.no,jobs_listings,,,listings,16668,listings,0,,vend-scraper-v2/daily_filtered
2026-06-07,daily,NO,finn.no,jobs_listings,,,new_listings,114,listings,0,,vend-scraper-v2/daily_filtered
2026-06-07,daily,NO,finn.no,jobs_positions,,,listings,33230,listings,0,,vend-scraper-v2/daily_filtered
2026-06-07,daily,NO,finn.no,jobs_positions,,,new_listings,232,listings,0,,vend-scraper-v2/daily_filtered
2026-06-07,daily,NO,finn.no,mobility_cars,dealer,,listings,54117,listings,0,,vend-scraper-v2/daily_filtered
2026-06-07,daily,NO,finn.no,mobility_cars,dealer,,new_listings,471,listings,0,,vend-scraper-v2/daily_filtered
2026-06-07,daily,NO,finn.no,mobility_cars,private,,listings,16870,listings,0,,vend-scraper-v2/daily_filtered
2026-06-07,daily,NO,finn.no,mobility_cars,private,,new_listings,1000,listings,0,,vend-scraper-v2/daily_filtered
2026-06-07,daily,NO,finn.no,mobility_other,dealer,,listings,26839,listings,0,,vend-scraper-v2/daily_filtered
2026-06-07,daily,NO,finn.no,mobility_other,dealer,,new_listings,182,listings,0,,vend-scraper-v2/daily_filtered
2026-06-07,daily,NO,finn.no,mobility_other,private,,listings,18319,listings,0,,vend-scraper-v2/daily_filtered
2026-06-07,daily,NO,finn.no,mobility_other,private,,new_listings,1143,listings,0,,vend-scraper-v2/daily_filtered
2026-06-07,daily,NO,finn.no,real_estate_homes,,,listings,23058,listings,0,,vend-scraper-v2/daily_filtered
2026-06-07,daily,NO,finn.no,real_estate_homes,,,new_listings,358,listings,0,,vend-scraper-v2/daily_filtered
2026-06-07,weekly,NO,finn.no,real_estate_homes,,large,package_count,14139,listings,0,,finn-bolig-packages/packages_history
2026-06-07,weekly,NO,finn.no,real_estate_homes,,large,package_share,61.3,pct,0,,finn-bolig-packages/packages_history
2026-06-07,weekly,NO,finn.no,real_estate_homes,,medium,package_count,8262,listings,0,,finn-bolig-packages/packages_history
2026-06-07,weekly,NO,finn.no,real_estate_homes,,medium,package_share,35.8,pct,0,,finn-bolig-packages/packages_history
2026-06-07,weekly,NO,finn.no,real_estate_homes,,small,package_count,654,listings,0,,finn-bolig-packages/packages_history
2026-06-07,weekly,NO,finn.no,real_estate_homes,,small,package_share,2.8,pct,0,,finn-bolig-packages/packages_history
2026-06-07,daily,NO,finn.no,real_estate_other,,,listings,27970,listings,0,,vend-scraper-v2/daily_filtered
2026-06-07,daily,NO,finn.no,real_estate_other,,,new_listings,513,listings,0,,vend-scraper-v2/daily_filtered
2026-06-07,daily,SE,hemnet.se,real_estate_homes,,,listings,38366,listings,0,,vend-scraper-v2/daily_filtered
2026-06-07,daily,SE,hemnet.se,real_estate_homes,,,new_listings,973,listings,0,,vend-scraper-v2/daily_filtered
2026-06-07,daily,SE,hemnet.se,real_estate_homes_upcoming,,,listings,5297,listings,0,,vend-scraper-v2/daily_filtered
2026-06-07,daily,NO,hjem.no,real_estate_homes,,,listings,9708,listings,0,,vend-scraper-v2/daily_filtered
2026-06-07,daily,FI,oikotie.fi,real_estate_homes,,,listings,49874,listings,0,,vend-scraper-v2/daily_filtered
2026-06-07,daily,FI,oikotie.fi,real_estate_homes,,,new_listings,390,listings,0,,vend-scraper-v2/daily_filtered
2026-06-07,daily,SE,tradera.com,mobility_cars,dealer,,listings,42474,listings,0,,vend-scraper-v2/daily_filtered
2026-06-07,daily,SE,tradera.com,mobility_cars,private,,listings,2190,listings,0,,vend-scraper-v2/daily_filtered
2026-06-07,daily,SE,wayke.se,mobility_cars,dealer,,listings,51426,listings,0,,vend-scraper-v2/daily_filtered
2026-06-08,daily,DK,bilbasen.dk,mobility_cars,dealer,,listings,43081,listings,0,,vend-scraper-v2/daily_filtered
2026-06-08,daily,DK,bilbasen.dk,mobility_cars,private,,listings,3616,listings,0,,vend-scraper-v2/daily_filtered
2026-06-08,daily,DK,bilhandel.dk,mobility_cars,dealer,,listings,23549,listings,0,,vend-scraper-v2/daily_filtered
2026-06-08,daily,DK,bilhandel.dk,mobility_cars,private,,listings,1978,listings,0,,vend-scraper-v2/daily_filtered
2026-06-08,weekly,DK,bilinfo.dk,mobility_cars,,,avg_days_to_sell,56,days,0,,vend-scraper-v2/bilinfo_weekly
2026-06-08,weekly,DK,bilinfo.dk,mobility_cars,,,supply_cars,47400,listings,0,,vend-scraper-v2/bilinfo_weekly
2026-06-08,weekly,DK,bilinfo.dk,mobility_cars,,,visits,427000,visitors,0,,vend-scraper-v2/bilinfo_weekly
2026-06-08,daily,DK,biltorvet.dk,mobility_cars,dealer,,listings,38915,listings,0,,vend-scraper-v2/daily_filtered
2026-06-08,daily,DK,biltorvet.dk,mobility_cars,private,,listings,1500,listings,0,,vend-scraper-v2/daily_filtered
2026-06-08,daily,SE,blocket.se,mobility_cars,dealer,,listings,122436,listings,0,,vend-scraper-v2/daily_filtered
2026-06-08,daily,SE,blocket.se,mobility_cars,dealer,,new_listings,5263,listings,0,,vend-scraper-v2/daily_filtered
2026-06-08,weekly,SE,blocket.se,mobility_cars,dealer,basis,package_sample_count,3842,sampled_listings,1,,finn-mobility-packages/weekly_package_mix
2026-06-08,weekly,SE,blocket.se,mobility_cars,dealer,basis,package_share,62.5,pct,1,,finn-mobility-packages/weekly_package_mix
2026-06-08,weekly,SE,blocket.se,mobility_cars,dealer,pluss,package_sample_count,343,sampled_listings,1,,finn-mobility-packages/weekly_package_mix
2026-06-08,weekly,SE,blocket.se,mobility_cars,dealer,pluss,package_share,5.6,pct,1,,finn-mobility-packages/weekly_package_mix
2026-06-08,weekly,SE,blocket.se,mobility_cars,dealer,premium,package_sample_count,1966,sampled_listings,1,,finn-mobility-packages/weekly_package_mix
2026-06-08,weekly,SE,blocket.se,mobility_cars,dealer,premium,package_share,32,pct,1,,finn-mobility-packages/weekly_package_mix
2026-06-08,daily,SE,blocket.se,mobility_cars,private,,listings,25026,listings,0,,vend-scraper-v2/daily_filtered
2026-06-08,daily,SE,blocket.se,mobility_cars,private,,new_listings,1229,listings,0,,vend-scraper-v2/daily_filtered
2026-06-08,daily,SE,blocket.se,mobility_other,dealer,,listings,66291,listings,0,,vend-scraper-v2/daily_filtered
2026-06-08,daily,SE,blocket.se,mobility_other,dealer,,new_listings,1707,listings,0,,vend-scraper-v2/daily_filtered
2026-06-08,daily,SE,blocket.se,mobility_other,private,,listings,25901,listings,0,,vend-scraper-v2/daily_filtered
2026-06-08,daily,SE,blocket.se,mobility_other,private,,new_listings,1177,listings,0,,vend-scraper-v2/daily_filtered
2026-06-08,daily,FI,etuovi.com,real_estate_homes,,,listings,53930,listings,0,,vend-scraper-v2/daily_filtered
2026-06-08,daily,FI,etuovi.com,real_estate_homes,,,new_listings,451,listings,0,,vend-scraper-v2/daily_filtered
2026-06-08,daily,NO,finn.no,jobs_listings,,,listings,16221,listings,0,,vend-scraper-v2/daily_filtered
2026-06-08,daily,NO,finn.no,jobs_listings,,,new_listings,928,listings,0,,vend-scraper-v2/daily_filtered
2026-06-08,daily,NO,finn.no,jobs_positions,,,listings,32457,listings,0,,vend-scraper-v2/daily_filtered
2026-06-08,daily,NO,finn.no,jobs_positions,,,new_listings,1661,listings,0,,vend-scraper-v2/daily_filtered
2026-06-08,daily,NO,finn.no,mobility_cars,dealer,,listings,54152,listings,0,,vend-scraper-v2/daily_filtered
2026-06-08,daily,NO,finn.no,mobility_cars,dealer,,new_listings,1833,listings,0,,vend-scraper-v2/daily_filtered
2026-06-08,weekly,NO,finn.no,mobility_cars,dealer,basis,package_sample_count,841,sampled_listings,1,,finn-mobility-packages/weekly_package_mix
2026-06-08,weekly,NO,finn.no,mobility_cars,dealer,basis,package_share,30.5,pct,1,,finn-mobility-packages/weekly_package_mix
2026-06-08,weekly,NO,finn.no,mobility_cars,dealer,pluss,package_sample_count,787,sampled_listings,1,,finn-mobility-packages/weekly_package_mix
2026-06-08,weekly,NO,finn.no,mobility_cars,dealer,pluss,package_share,28.5,pct,1,,finn-mobility-packages/weekly_package_mix
2026-06-08,weekly,NO,finn.no,mobility_cars,dealer,premium,package_sample_count,1132,sampled_listings,1,,finn-mobility-packages/weekly_package_mix
2026-06-08,weekly,NO,finn.no,mobility_cars,dealer,premium,package_share,41,pct,1,,finn-mobility-packages/weekly_package_mix
2026-06-08,daily,NO,finn.no,mobility_cars,private,,listings,16977,listings,0,,vend-scraper-v2/daily_filtered
2026-06-08,daily,NO,finn.no,mobility_cars,private,,new_listings,1031,listings,0,,vend-scraper-v2/daily_filtered
2026-06-08,daily,NO,finn.no,mobility_other,dealer,,listings,26907,listings,0,,vend-scraper-v2/daily_filtered
2026-06-08,daily,NO,finn.no,mobility_other,dealer,,new_listings,709,listings,0,,vend-scraper-v2/daily_filtered
2026-06-08,daily,NO,finn.no,mobility_other,private,,listings,18361,listings,0,,vend-scraper-v2/daily_filtered
2026-06-08,daily,NO,finn.no,mobility_other,private,,new_listings,1057,listings,0,,vend-scraper-v2/daily_filtered
2026-06-08,daily,NO,finn.no,real_estate_homes,,,listings,22909,listings,0,,vend-scraper-v2/daily_filtered
2026-06-08,daily,NO,finn.no,real_estate_homes,,,new_listings,776,listings,0,,vend-scraper-v2/daily_filtered
2026-06-08,daily,NO,finn.no,real_estate_other,,,listings,28039,listings,0,,vend-scraper-v2/daily_filtered
2026-06-08,daily,NO,finn.no,real_estate_other,,,new_listings,707,listings,0,,vend-scraper-v2/daily_filtered
2026-06-08,daily,SE,hemnet.se,real_estate_homes,,,listings,38171,listings,0,,vend-scraper-v2/daily_filtered
2026-06-08,daily,SE,hemnet.se,real_estate_homes,,,new_listings,1588,listings,0,,vend-scraper-v2/daily_filtered
2026-06-08,daily,SE,hemnet.se,real_estate_homes_upcoming,,,listings,5290,listings,0,,vend-scraper-v2/daily_filtered
2026-06-08,daily,NO,hjem.no,real_estate_homes,,,listings,9687,listings,0,,vend-scraper-v2/daily_filtered
2026-06-08,daily,FI,oikotie.fi,real_estate_homes,,,listings,49907,listings,0,,vend-scraper-v2/daily_filtered
2026-06-08,daily,FI,oikotie.fi,real_estate_homes,,,new_listings,558,listings,0,,vend-scraper-v2/daily_filtered
2026-06-08,daily,SE,tradera.com,mobility_cars,dealer,,listings,42907,listings,0,,vend-scraper-v2/daily_filtered
2026-06-08,daily,SE,tradera.com,mobility_cars,private,,listings,2188,listings,0,,vend-scraper-v2/daily_filtered
2026-06-08,daily,SE,wayke.se,mobility_cars,dealer,,listings,51682,listings,0,,vend-scraper-v2/daily_filtered
2026-06-09,daily,DK,bilbasen.dk,mobility_cars,dealer,,listings,43248,listings,0,,vend-scraper-v2/daily_filtered
2026-06-09,daily,DK,bilbasen.dk,mobility_cars,private,,listings,3592,listings,0,,vend-scraper-v2/daily_filtered
2026-06-09,daily,DK,bilhandel.dk,mobility_cars,dealer,,listings,23738,listings,0,,vend-scraper-v2/daily_filtered
2026-06-09,daily,DK,bilhandel.dk,mobility_cars,private,,listings,1977,listings,0,,vend-scraper-v2/daily_filtered
2026-06-09,daily,DK,biltorvet.dk,mobility_cars,dealer,,listings,39083,listings,0,,vend-scraper-v2/daily_filtered
2026-06-09,daily,DK,biltorvet.dk,mobility_cars,private,,listings,1507,listings,0,,vend-scraper-v2/daily_filtered
2026-06-09,daily,SE,blocket.se,mobility_cars,dealer,,listings,122769,listings,0,,vend-scraper-v2/daily_filtered
2026-06-09,daily,SE,blocket.se,mobility_cars,dealer,,new_listings,5403,listings,0,,vend-scraper-v2/daily_filtered
2026-06-09,daily,SE,blocket.se,mobility_cars,private,,listings,25018,listings,0,,vend-scraper-v2/daily_filtered
2026-06-09,daily,SE,blocket.se,mobility_cars,private,,new_listings,1158,listings,0,,vend-scraper-v2/daily_filtered
2026-06-09,daily,SE,blocket.se,mobility_other,dealer,,listings,66370,listings,0,,vend-scraper-v2/daily_filtered
2026-06-09,daily,SE,blocket.se,mobility_other,dealer,,new_listings,1880,listings,0,,vend-scraper-v2/daily_filtered
2026-06-09,daily,SE,blocket.se,mobility_other,private,,listings,25984,listings,0,,vend-scraper-v2/daily_filtered
2026-06-09,daily,SE,blocket.se,mobility_other,private,,new_listings,1127,listings,0,,vend-scraper-v2/daily_filtered
2026-06-09,daily,FI,etuovi.com,real_estate_homes,,,listings,54052,listings,0,,vend-scraper-v2/daily_filtered
2026-06-09,daily,FI,etuovi.com,real_estate_homes,,,new_listings,524,listings,0,,vend-scraper-v2/daily_filtered
2026-06-09,daily,NO,finn.no,jobs_listings,,,listings,16297,listings,0,,vend-scraper-v2/daily_filtered
2026-06-09,daily,NO,finn.no,jobs_listings,,,new_listings,729,listings,0,,vend-scraper-v2/daily_filtered
2026-06-09,daily,NO,finn.no,jobs_positions,,,listings,32739,listings,0,,vend-scraper-v2/daily_filtered
2026-06-09,daily,NO,finn.no,jobs_positions,,,new_listings,1457,listings,0,,vend-scraper-v2/daily_filtered
2026-06-09,daily,NO,finn.no,mobility_cars,dealer,,listings,54690,listings,0,,vend-scraper-v2/daily_filtered
2026-06-09,daily,NO,finn.no,mobility_cars,dealer,,new_listings,2102,listings,0,,vend-scraper-v2/daily_filtered
2026-06-09,daily,NO,finn.no,mobility_cars,private,,listings,16963,listings,0,,vend-scraper-v2/daily_filtered
2026-06-09,daily,NO,finn.no,mobility_cars,private,,new_listings,926,listings,0,,vend-scraper-v2/daily_filtered
2026-06-09,daily,NO,finn.no,mobility_other,dealer,,listings,27161,listings,0,,vend-scraper-v2/daily_filtered
2026-06-09,daily,NO,finn.no,mobility_other,dealer,,new_listings,809,listings,0,,vend-scraper-v2/daily_filtered
2026-06-09,daily,NO,finn.no,mobility_other,private,,listings,18297,listings,0,,vend-scraper-v2/daily_filtered
2026-06-09,daily,NO,finn.no,mobility_other,private,,new_listings,948,listings,0,,vend-scraper-v2/daily_filtered
2026-06-09,daily,NO,finn.no,real_estate_homes,,,listings,23311,listings,0,,vend-scraper-v2/daily_filtered
2026-06-09,daily,NO,finn.no,real_estate_homes,,,new_listings,817,listings,0,,vend-scraper-v2/daily_filtered
2026-06-09,daily,NO,finn.no,real_estate_other,,,listings,28216,listings,0,,vend-scraper-v2/daily_filtered
2026-06-09,daily,NO,finn.no,real_estate_other,,,new_listings,738,listings,0,,vend-scraper-v2/daily_filtered
2026-06-09,daily,SE,hemnet.se,real_estate_homes,,,listings,38020,listings,0,,vend-scraper-v2/daily_filtered
2026-06-09,daily,SE,hemnet.se,real_estate_homes,,,new_listings,1983,listings,0,,vend-scraper-v2/daily_filtered
2026-06-09,daily,SE,hemnet.se,real_estate_homes_upcoming,,,listings,5314,listings,0,,vend-scraper-v2/daily_filtered
2026-06-09,daily,NO,hjem.no,real_estate_homes,,,listings,9839,listings,0,,vend-scraper-v2/daily_filtered
2026-06-09,daily,FI,oikotie.fi,real_estate_homes,,,listings,50025,listings,0,,vend-scraper-v2/daily_filtered
2026-06-09,daily,FI,oikotie.fi,real_estate_homes,,,new_listings,808,listings,0,,vend-scraper-v2/daily_filtered
2026-06-09,daily,SE,tradera.com,mobility_cars,dealer,,listings,43054,listings,0,,vend-scraper-v2/daily_filtered
2026-06-09,daily,SE,tradera.com,mobility_cars,private,,listings,2199,listings,0,,vend-scraper-v2/daily_filtered
2026-06-09,daily,SE,wayke.se,mobility_cars,dealer,,listings,51932,listings,0,,vend-scraper-v2/daily_filtered
2026-06-10,daily,DK,bilbasen.dk,mobility_cars,dealer,,listings,43482,listings,0,,vend-scraper-v2/daily_filtered
2026-06-10,daily,DK,bilbasen.dk,mobility_cars,private,,listings,3618,listings,0,,vend-scraper-v2/daily_filtered
2026-06-10,daily,DK,bilhandel.dk,mobility_cars,dealer,,listings,24103,listings,0,,vend-scraper-v2/daily_filtered
2026-06-10,daily,DK,bilhandel.dk,mobility_cars,private,,listings,1977,listings,0,,vend-scraper-v2/daily_filtered
2026-06-10,daily,DK,biltorvet.dk,mobility_cars,dealer,,listings,39366,listings,0,,vend-scraper-v2/daily_filtered
2026-06-10,daily,DK,biltorvet.dk,mobility_cars,private,,listings,1508,listings,0,,vend-scraper-v2/daily_filtered
2026-06-10,daily,SE,blocket.se,mobility_cars,dealer,,listings,123135,listings,0,,vend-scraper-v2/daily_filtered
2026-06-10,daily,SE,blocket.se,mobility_cars,dealer,,new_listings,5646,listings,0,,vend-scraper-v2/daily_filtered
2026-06-10,daily,SE,blocket.se,mobility_cars,private,,listings,24974,listings,0,,vend-scraper-v2/daily_filtered
2026-06-10,daily,SE,blocket.se,mobility_cars,private,,new_listings,1188,listings,0,,vend-scraper-v2/daily_filtered
2026-06-10,daily,SE,blocket.se,mobility_other,dealer,,listings,66363,listings,0,,vend-scraper-v2/daily_filtered
2026-06-10,daily,SE,blocket.se,mobility_other,dealer,,new_listings,1697,listings,0,,vend-scraper-v2/daily_filtered
2026-06-10,daily,SE,blocket.se,mobility_other,private,,listings,25973,listings,0,,vend-scraper-v2/daily_filtered
2026-06-10,daily,SE,blocket.se,mobility_other,private,,new_listings,1052,listings,0,,vend-scraper-v2/daily_filtered
2026-06-10,daily,FI,etuovi.com,real_estate_homes,,,listings,54170,listings,0,,vend-scraper-v2/daily_filtered
2026-06-10,daily,FI,etuovi.com,real_estate_homes,,,new_listings,494,listings,0,,vend-scraper-v2/daily_filtered
2026-06-10,daily,NO,finn.no,jobs_listings,,,listings,16498,listings,0,,vend-scraper-v2/daily_filtered
2026-06-10,daily,NO,finn.no,jobs_listings,,,new_listings,825,listings,0,,vend-scraper-v2/daily_filtered
2026-06-10,daily,NO,finn.no,jobs_positions,,,listings,33120,listings,0,,vend-scraper-v2/daily_filtered
2026-06-10,daily,NO,finn.no,jobs_positions,,,new_listings,1562,listings,0,,vend-scraper-v2/daily_filtered
2026-06-10,daily,NO,finn.no,mobility_cars,dealer,,listings,55568,listings,0,,vend-scraper-v2/daily_filtered
2026-06-10,daily,NO,finn.no,mobility_cars,dealer,,new_listings,2047,listings,0,,vend-scraper-v2/daily_filtered
2026-06-10,daily,NO,finn.no,mobility_cars,private,,listings,16944,listings,0,,vend-scraper-v2/daily_filtered
2026-06-10,daily,NO,finn.no,mobility_cars,private,,new_listings,953,listings,0,,vend-scraper-v2/daily_filtered
2026-06-10,daily,NO,finn.no,mobility_other,dealer,,listings,27283,listings,0,,vend-scraper-v2/daily_filtered
2026-06-10,daily,NO,finn.no,mobility_other,dealer,,new_listings,738,listings,0,,vend-scraper-v2/daily_filtered
2026-06-10,daily,NO,finn.no,mobility_other,private,,listings,18312,listings,0,,vend-scraper-v2/daily_filtered
2026-06-10,daily,NO,finn.no,mobility_other,private,,new_listings,914,listings,0,,vend-scraper-v2/daily_filtered
2026-06-10,daily,NO,finn.no,real_estate_homes,,,listings,23732,listings,0,,vend-scraper-v2/daily_filtered
2026-06-10,daily,NO,finn.no,real_estate_homes,,,new_listings,750,listings,0,,vend-scraper-v2/daily_filtered
2026-06-10,daily,NO,finn.no,real_estate_other,,,listings,28242,listings,0,,vend-scraper-v2/daily_filtered
2026-06-10,daily,NO,finn.no,real_estate_other,,,new_listings,646,listings,0,,vend-scraper-v2/daily_filtered
2026-06-10,daily,SE,hemnet.se,real_estate_homes,,,listings,37706,listings,0,,vend-scraper-v2/daily_filtered
2026-06-10,daily,SE,hemnet.se,real_estate_homes,,,new_listings,1808,listings,0,,vend-scraper-v2/daily_filtered
2026-06-10,daily,SE,hemnet.se,real_estate_homes_upcoming,,,listings,5403,listings,0,,vend-scraper-v2/daily_filtered
2026-06-10,daily,NO,hjem.no,real_estate_homes,,,listings,10015,listings,0,,vend-scraper-v2/daily_filtered
2026-06-10,daily,FI,oikotie.fi,real_estate_homes,,,listings,50134,listings,0,,vend-scraper-v2/daily_filtered
2026-06-10,daily,FI,oikotie.fi,real_estate_homes,,,new_listings,877,listings,0,,vend-scraper-v2/daily_filtered
2026-06-10,daily,SE,tradera.com,mobility_cars,dealer,,listings,43126,listings,0,,vend-scraper-v2/daily_filtered
2026-06-10,daily,SE,tradera.com,mobility_cars,private,,listings,2195,listings,0,,vend-scraper-v2/daily_filtered
2026-06-10,daily,SE,wayke.se,mobility_cars,dealer,,listings,52123,listings,0,,vend-scraper-v2/daily_filtered
2026-06-11,daily,DK,bilbasen.dk,mobility_cars,dealer,,listings,43798,listings,0,,vend-scraper-v2/daily_filtered
2026-06-11,daily,DK,bilbasen.dk,mobility_cars,private,,listings,3605,listings,0,,vend-scraper-v2/daily_filtered
2026-06-11,daily,DK,bilhandel.dk,mobility_cars,dealer,,listings,24392,listings,0,,vend-scraper-v2/daily_filtered
2026-06-11,daily,DK,bilhandel.dk,mobility_cars,private,,listings,1985,listings,0,,vend-scraper-v2/daily_filtered
2026-06-11,daily,DK,biltorvet.dk,mobility_cars,dealer,,listings,39776,listings,0,,vend-scraper-v2/daily_filtered
2026-06-11,daily,DK,biltorvet.dk,mobility_cars,private,,listings,1504,listings,0,,vend-scraper-v2/daily_filtered
2026-06-11,daily,SE,blocket.se,mobility_cars,dealer,,listings,123455,listings,0,,vend-scraper-v2/daily_filtered
2026-06-11,daily,SE,blocket.se,mobility_cars,dealer,,new_listings,6053,listings,0,,vend-scraper-v2/daily_filtered
2026-06-11,daily,SE,blocket.se,mobility_cars,private,,listings,24880,listings,0,,vend-scraper-v2/daily_filtered
2026-06-11,daily,SE,blocket.se,mobility_cars,private,,new_listings,1026,listings,0,,vend-scraper-v2/daily_filtered
2026-06-11,daily,SE,blocket.se,mobility_other,dealer,,listings,66234,listings,0,,vend-scraper-v2/daily_filtered
2026-06-11,daily,SE,blocket.se,mobility_other,dealer,,new_listings,1883,listings,0,,vend-scraper-v2/daily_filtered
2026-06-11,daily,SE,blocket.se,mobility_other,private,,listings,25742,listings,0,,vend-scraper-v2/daily_filtered
2026-06-11,daily,SE,blocket.se,mobility_other,private,,new_listings,940,listings,0,,vend-scraper-v2/daily_filtered
2026-06-11,daily,FI,etuovi.com,real_estate_homes,,,listings,54339,listings,0,,vend-scraper-v2/daily_filtered
2026-06-11,daily,FI,etuovi.com,real_estate_homes,,,new_listings,541,listings,0,,vend-scraper-v2/daily_filtered
2026-06-11,daily,NO,finn.no,jobs_listings,,,listings,16453,listings,0,,vend-scraper-v2/daily_filtered
2026-06-11,daily,NO,finn.no,jobs_listings,,,new_listings,878,listings,0,,vend-scraper-v2/daily_filtered
2026-06-11,daily,NO,finn.no,jobs_positions,,,listings,33306,listings,0,,vend-scraper-v2/daily_filtered
2026-06-11,daily,NO,finn.no,jobs_positions,,,new_listings,1705,listings,0,,vend-scraper-v2/daily_filtered
2026-06-11,daily,NO,finn.no,mobility_cars,dealer,,listings,55655,listings,0,,vend-scraper-v2/daily_filtered
2026-06-11,daily,NO,finn.no,mobility_cars,dealer,,new_listings,1944,listings,0,,vend-scraper-v2/daily_filtered
2026-06-11,daily,NO,finn.no,mobility_cars,private,,listings,16864,listings,0,,vend-scraper-v2/daily_filtered
2026-06-11,daily,NO,finn.no,mobility_cars,private,,new_listings,876,listings,0,,vend-scraper-v2/daily_filtered
2026-06-11,daily,NO,finn.no,mobility_other,dealer,,listings,27285,listings,0,,vend-scraper-v2/daily_filtered
2026-06-11,daily,NO,finn.no,mobility_other,dealer,,new_listings,711,listings,0,,vend-scraper-v2/daily_filtered
2026-06-11,daily,NO,finn.no,mobility_other,private,,listings,18233,listings,0,,vend-scraper-v2/daily_filtered
2026-06-11,daily,NO,finn.no,mobility_other,private,,new_listings,896,listings,0,,vend-scraper-v2/daily_filtered
2026-06-11,daily,NO,finn.no,real_estate_homes,,,listings,23699,listings,0,,vend-scraper-v2/daily_filtered
2026-06-11,daily,NO,finn.no,real_estate_homes,,,new_listings,734,listings,0,,vend-scraper-v2/daily_filtered
2026-06-11,daily,NO,finn.no,real_estate_other,,,listings,28211,listings,0,,vend-scraper-v2/daily_filtered
2026-06-11,daily,NO,finn.no,real_estate_other,,,new_listings,621,listings,0,,vend-scraper-v2/daily_filtered
2026-06-11,daily,SE,hemnet.se,real_estate_homes,,,listings,37409,listings,0,,vend-scraper-v2/daily_filtered
2026-06-11,daily,SE,hemnet.se,real_estate_homes,,,new_listings,1730,listings,0,,vend-scraper-v2/daily_filtered
2026-06-11,daily,SE,hemnet.se,real_estate_homes_upcoming,,,listings,5468,listings,0,,vend-scraper-v2/daily_filtered
2026-06-11,daily,NO,hjem.no,real_estate_homes,,,listings,9920,listings,0,,vend-scraper-v2/daily_filtered
2026-06-11,daily,FI,oikotie.fi,real_estate_homes,,,listings,50293,listings,0,,vend-scraper-v2/daily_filtered
2026-06-11,daily,FI,oikotie.fi,real_estate_homes,,,new_listings,900,listings,0,,vend-scraper-v2/daily_filtered
2026-06-11,daily,SE,tradera.com,mobility_cars,dealer,,listings,43182,listings,0,,vend-scraper-v2/daily_filtered
2026-06-11,daily,SE,tradera.com,mobility_cars,private,,listings,2181,listings,0,,vend-scraper-v2/daily_filtered
2026-06-11,daily,SE,wayke.se,mobility_cars,dealer,,listings,52482,listings,0,,vend-scraper-v2/daily_filtered
2026-06-12,daily,DK,bilbasen.dk,mobility_cars,dealer,,listings,44064,listings,0,,vend-scraper-v2/daily_filtered
2026-06-12,daily,DK,bilbasen.dk,mobility_cars,private,,listings,3584,listings,0,,vend-scraper-v2/daily_filtered
2026-06-12,daily,DK,bilhandel.dk,mobility_cars,dealer,,listings,24621,listings,0,,vend-scraper-v2/daily_filtered
2026-06-12,daily,DK,bilhandel.dk,mobility_cars,private,,listings,1978,listings,0,,vend-scraper-v2/daily_filtered
2026-06-12,daily,SE,blocket.se,mobility_cars,dealer,,listings,123878,listings,0,,vend-scraper-v2/daily_filtered
2026-06-12,daily,SE,blocket.se,mobility_cars,dealer,,new_listings,5445,listings,0,,vend-scraper-v2/daily_filtered
2026-06-12,daily,SE,blocket.se,mobility_cars,private,,listings,24826,listings,0,,vend-scraper-v2/daily_filtered
2026-06-12,daily,SE,blocket.se,mobility_cars,private,,new_listings,1013,listings,0,,vend-scraper-v2/daily_filtered
2026-06-12,daily,SE,blocket.se,mobility_other,dealer,,listings,65888,listings,0,,vend-scraper-v2/daily_filtered
2026-06-12,daily,SE,blocket.se,mobility_other,dealer,,new_listings,1620,listings,0,,vend-scraper-v2/daily_filtered
2026-06-12,daily,SE,blocket.se,mobility_other,private,,listings,25598,listings,0,,vend-scraper-v2/daily_filtered
2026-06-12,daily,SE,blocket.se,mobility_other,private,,new_listings,909,listings,0,,vend-scraper-v2/daily_filtered
2026-06-12,daily,FI,etuovi.com,real_estate_homes,,,listings,54558,listings,0,,vend-scraper-v2/daily_filtered
2026-06-12,daily,FI,etuovi.com,real_estate_homes,,,new_listings,593,listings,0,,vend-scraper-v2/daily_filtered
2026-06-12,daily,NO,finn.no,jobs_listings,,,listings,16576,listings,0,,vend-scraper-v2/daily_filtered
2026-06-12,daily,NO,finn.no,jobs_listings,,,new_listings,810,listings,0,,vend-scraper-v2/daily_filtered
2026-06-12,daily,NO,finn.no,jobs_positions,,,listings,33399,listings,0,,vend-scraper-v2/daily_filtered
2026-06-12,daily,NO,finn.no,jobs_positions,,,new_listings,1365,listings,0,,vend-scraper-v2/daily_filtered
2026-06-12,daily,NO,finn.no,mobility_cars,dealer,,listings,55805,listings,0,,vend-scraper-v2/daily_filtered
2026-06-12,daily,NO,finn.no,mobility_cars,dealer,,new_listings,1948,listings,0,,vend-scraper-v2/daily_filtered
2026-06-12,daily,NO,finn.no,mobility_cars,private,,listings,16837,listings,0,,vend-scraper-v2/daily_filtered
2026-06-12,daily,NO,finn.no,mobility_cars,private,,new_listings,863,listings,0,,vend-scraper-v2/daily_filtered
2026-06-12,daily,NO,finn.no,mobility_other,dealer,,listings,27583,listings,0,,vend-scraper-v2/daily_filtered
2026-06-12,daily,NO,finn.no,mobility_other,dealer,,new_listings,728,listings,0,,vend-scraper-v2/daily_filtered
2026-06-12,daily,NO,finn.no,mobility_other,private,,listings,18161,listings,0,,vend-scraper-v2/daily_filtered
2026-06-12,daily,NO,finn.no,mobility_other,private,,new_listings,841,listings,0,,vend-scraper-v2/daily_filtered
2026-06-12,daily,NO,finn.no,real_estate_homes,,,listings,23982,listings,0,,vend-scraper-v2/daily_filtered
2026-06-12,daily,NO,finn.no,real_estate_homes,,,new_listings,1259,listings,0,,vend-scraper-v2/daily_filtered
2026-06-12,daily,NO,finn.no,real_estate_other,,,listings,28256,listings,0,,vend-scraper-v2/daily_filtered
2026-06-12,daily,NO,finn.no,real_estate_other,,,new_listings,654,listings,0,,vend-scraper-v2/daily_filtered
2026-06-12,daily,SE,hemnet.se,real_estate_homes,,,listings,37307,listings,0,,vend-scraper-v2/daily_filtered
2026-06-12,daily,SE,hemnet.se,real_estate_homes,,,new_listings,1867,listings,0,,vend-scraper-v2/daily_filtered
2026-06-12,daily,SE,hemnet.se,real_estate_homes_upcoming,,,listings,5542,listings,0,,vend-scraper-v2/daily_filtered
2026-06-12,daily,NO,hjem.no,real_estate_homes,,,listings,10002,listings,0,,vend-scraper-v2/daily_filtered
2026-06-12,daily,FI,oikotie.fi,real_estate_homes,,,listings,50445,listings,0,,vend-scraper-v2/daily_filtered
2026-06-12,daily,FI,oikotie.fi,real_estate_homes,,,new_listings,1000,listings,0,,vend-scraper-v2/daily_filtered
2026-06-12,daily,SE,tradera.com,mobility_cars,dealer,,listings,43329,listings,0,,vend-scraper-v2/daily_filtered
2026-06-12,daily,SE,tradera.com,mobility_cars,private,,listings,2179,listings,0,,vend-scraper-v2/daily_filtered
2026-06-12,daily,SE,wayke.se,mobility_cars,dealer,,listings,52728,listings,0,,vend-scraper-v2/daily_filtered
2026-06-13,daily,DK,bilbasen.dk,mobility_cars,dealer,,listings,43899,listings,0,,vend-scraper-v2/daily_filtered
2026-06-13,daily,DK,bilbasen.dk,mobility_cars,private,,listings,3588,listings,0,,vend-scraper-v2/daily_filtered
2026-06-13,daily,DK,bilhandel.dk,mobility_cars,dealer,,listings,24535,listings,0,,vend-scraper-v2/daily_filtered
2026-06-13,daily,DK,bilhandel.dk,mobility_cars,private,,listings,1985,listings,0,,vend-scraper-v2/daily_filtered
2026-06-13,daily,DK,biltorvet.dk,mobility_cars,dealer,,listings,40005,listings,0,,vend-scraper-v2/daily_filtered
2026-06-13,daily,DK,biltorvet.dk,mobility_cars,private,,listings,1527,listings,0,,vend-scraper-v2/daily_filtered
2026-06-13,daily,SE,blocket.se,mobility_cars,dealer,,listings,123092,listings,0,,vend-scraper-v2/daily_filtered
2026-06-13,daily,SE,blocket.se,mobility_cars,dealer,,new_listings,2626,listings,0,,vend-scraper-v2/daily_filtered
2026-06-13,daily,SE,blocket.se,mobility_cars,private,,listings,24771,listings,0,,vend-scraper-v2/daily_filtered
2026-06-13,daily,SE,blocket.se,mobility_cars,private,,new_listings,1138,listings,0,,vend-scraper-v2/daily_filtered
2026-06-13,daily,SE,blocket.se,mobility_other,dealer,,listings,65768,listings,0,,vend-scraper-v2/daily_filtered
2026-06-13,daily,SE,blocket.se,mobility_other,dealer,,new_listings,472,listings,0,,vend-scraper-v2/daily_filtered
2026-06-13,daily,SE,blocket.se,mobility_other,private,,listings,25498,listings,0,,vend-scraper-v2/daily_filtered
2026-06-13,daily,SE,blocket.se,mobility_other,private,,new_listings,1082,listings,0,,vend-scraper-v2/daily_filtered
2026-06-13,daily,FI,etuovi.com,real_estate_homes,,,listings,54578,listings,0,,vend-scraper-v2/daily_filtered
2026-06-13,daily,FI,etuovi.com,real_estate_homes,,,new_listings,241,listings,0,,vend-scraper-v2/daily_filtered
2026-06-13,daily,NO,finn.no,jobs_listings,,,listings,16086,listings,0,,vend-scraper-v2/daily_filtered
2026-06-13,daily,NO,finn.no,jobs_listings,,,new_listings,53,listings,0,,vend-scraper-v2/daily_filtered
2026-06-13,daily,NO,finn.no,jobs_positions,,,listings,32476,listings,0,,vend-scraper-v2/daily_filtered
2026-06-13,daily,NO,finn.no,jobs_positions,,,new_listings,84,listings,0,,vend-scraper-v2/daily_filtered
2026-06-13,daily,NO,finn.no,mobility_cars,dealer,,listings,55192,listings,0,,vend-scraper-v2/daily_filtered
2026-06-13,daily,NO,finn.no,mobility_cars,dealer,,new_listings,616,listings,0,,vend-scraper-v2/daily_filtered
2026-06-13,daily,NO,finn.no,mobility_cars,private,,listings,16702,listings,0,,vend-scraper-v2/daily_filtered
2026-06-13,daily,NO,finn.no,mobility_cars,private,,new_listings,740,listings,0,,vend-scraper-v2/daily_filtered
2026-06-13,daily,NO,finn.no,mobility_other,dealer,,listings,27482,listings,0,,vend-scraper-v2/daily_filtered
2026-06-13,daily,NO,finn.no,mobility_other,dealer,,new_listings,232,listings,0,,vend-scraper-v2/daily_filtered
2026-06-13,daily,NO,finn.no,mobility_other,private,,listings,18013,listings,0,,vend-scraper-v2/daily_filtered
2026-06-13,daily,NO,finn.no,mobility_other,private,,new_listings,787,listings,0,,vend-scraper-v2/daily_filtered
2026-06-13,daily,NO,finn.no,real_estate_homes,,,listings,23699,listings,0,,vend-scraper-v2/daily_filtered
2026-06-13,daily,NO,finn.no,real_estate_homes,,,new_listings,413,listings,0,,vend-scraper-v2/daily_filtered
2026-06-13,daily,NO,finn.no,real_estate_other,,,listings,28134,listings,0,,vend-scraper-v2/daily_filtered
2026-06-13,daily,NO,finn.no,real_estate_other,,,new_listings,347,listings,0,,vend-scraper-v2/daily_filtered
2026-06-13,daily,SE,hemnet.se,real_estate_homes,,,listings,37230,listings,0,,vend-scraper-v2/daily_filtered
2026-06-13,daily,SE,hemnet.se,real_estate_homes,,,new_listings,1366,listings,0,,vend-scraper-v2/daily_filtered
2026-06-13,daily,SE,hemnet.se,real_estate_homes_upcoming,,,listings,5587,listings,0,,vend-scraper-v2/daily_filtered
2026-06-13,daily,NO,hjem.no,real_estate_homes,,,listings,9893,listings,0,,vend-scraper-v2/daily_filtered
2026-06-13,daily,FI,oikotie.fi,real_estate_homes,,,listings,50470,listings,0,,vend-scraper-v2/daily_filtered
2026-06-13,daily,FI,oikotie.fi,real_estate_homes,,,new_listings,732,listings,0,,vend-scraper-v2/daily_filtered
2026-06-13,daily,SE,tradera.com,mobility_cars,dealer,,listings,42937,listings,0,,vend-scraper-v2/daily_filtered
2026-06-13,daily,SE,tradera.com,mobility_cars,private,,listings,2179,listings,0,,vend-scraper-v2/daily_filtered
2026-06-13,daily,SE,wayke.se,mobility_cars,dealer,,listings,52371,listings,0,,vend-scraper-v2/daily_filtered
2026-06-14,daily,DK,bilbasen.dk,mobility_cars,dealer,,listings,43254,listings,0,,vend-scraper-v2/daily_filtered
2026-06-14,daily,DK,bilbasen.dk,mobility_cars,private,,listings,3608,listings,0,,vend-scraper-v2/daily_filtered
2026-06-14,daily,DK,bilhandel.dk,mobility_cars,dealer,,listings,24155,listings,0,,vend-scraper-v2/daily_filtered
2026-06-14,daily,DK,bilhandel.dk,mobility_cars,private,,listings,1988,listings,0,,vend-scraper-v2/daily_filtered
2026-06-14,daily,DK,biltorvet.dk,mobility_cars,dealer,,listings,39500,listings,0,,vend-scraper-v2/daily_filtered
2026-06-14,daily,DK,biltorvet.dk,mobility_cars,private,,listings,1533,listings,0,,vend-scraper-v2/daily_filtered
2026-06-14,daily,SE,blocket.se,mobility_cars,dealer,,listings,122835,listings,0,,vend-scraper-v2/daily_filtered
2026-06-14,daily,SE,blocket.se,mobility_cars,dealer,,new_listings,1897,listings,0,,vend-scraper-v2/daily_filtered
2026-06-14,daily,SE,blocket.se,mobility_cars,private,,listings,24723,listings,0,,vend-scraper-v2/daily_filtered
2026-06-14,daily,SE,blocket.se,mobility_cars,private,,new_listings,1247,listings,0,,vend-scraper-v2/daily_filtered
2026-06-14,daily,SE,blocket.se,mobility_other,dealer,,listings,65477,listings,0,,vend-scraper-v2/daily_filtered
2026-06-14,daily,SE,blocket.se,mobility_other,dealer,,new_listings,481,listings,0,,vend-scraper-v2/daily_filtered
2026-06-14,daily,SE,blocket.se,mobility_other,private,,listings,25432,listings,0,,vend-scraper-v2/daily_filtered
2026-06-14,daily,SE,blocket.se,mobility_other,private,,new_listings,1273,listings,0,,vend-scraper-v2/daily_filtered
2026-06-14,daily,FI,etuovi.com,real_estate_homes,,,listings,54581,listings,0,,vend-scraper-v2/daily_filtered
2026-06-14,daily,FI,etuovi.com,real_estate_homes,,,new_listings,165,listings,0,,vend-scraper-v2/daily_filtered
2026-06-14,daily,NO,finn.no,jobs_listings,,,listings,16065,listings,0,,vend-scraper-v2/daily_filtered
2026-06-14,daily,NO,finn.no,jobs_listings,,,new_listings,84,listings,0,,vend-scraper-v2/daily_filtered
2026-06-14,daily,NO,finn.no,jobs_positions,,,listings,32372,listings,0,,vend-scraper-v2/daily_filtered
2026-06-14,daily,NO,finn.no,jobs_positions,,,new_listings,127,listings,0,,vend-scraper-v2/daily_filtered
2026-06-14,daily,NO,finn.no,mobility_cars,dealer,,listings,54362,listings,0,,vend-scraper-v2/daily_filtered
2026-06-14,daily,NO,finn.no,mobility_cars,dealer,,new_listings,487,listings,0,,vend-scraper-v2/daily_filtered
2026-06-14,daily,NO,finn.no,mobility_cars,private,,listings,16930,listings,0,,vend-scraper-v2/daily_filtered
2026-06-14,daily,NO,finn.no,mobility_cars,private,,new_listings,1056,listings,0,,vend-scraper-v2/daily_filtered
2026-06-14,daily,NO,finn.no,mobility_other,dealer,,listings,27161,listings,0,,vend-scraper-v2/daily_filtered
2026-06-14,daily,NO,finn.no,mobility_other,dealer,,new_listings,282,listings,0,,vend-scraper-v2/daily_filtered
2026-06-14,daily,NO,finn.no,mobility_other,private,,listings,18125,listings,0,,vend-scraper-v2/daily_filtered
2026-06-14,daily,NO,finn.no,mobility_other,private,,new_listings,1069,listings,0,,vend-scraper-v2/daily_filtered
2026-06-14,daily,NO,finn.no,real_estate_homes,,,listings,23368,listings,0,,vend-scraper-v2/daily_filtered
2026-06-14,daily,NO,finn.no,real_estate_homes,,,new_listings,295,listings,0,,vend-scraper-v2/daily_filtered
2026-06-14,weekly,NO,finn.no,real_estate_homes,,large,package_count,14404,listings,0,,finn-bolig-packages/packages_history
2026-06-14,weekly,NO,finn.no,real_estate_homes,,large,package_share,61.6,pct,0,,finn-bolig-packages/packages_history
2026-06-14,weekly,NO,finn.no,real_estate_homes,,medium,package_count,8307,listings,0,,finn-bolig-packages/packages_history
2026-06-14,weekly,NO,finn.no,real_estate_homes,,medium,package_share,35.6,pct,0,,finn-bolig-packages/packages_history
2026-06-14,weekly,NO,finn.no,real_estate_homes,,small,package_count,656,listings,0,,finn-bolig-packages/packages_history
2026-06-14,weekly,NO,finn.no,real_estate_homes,,small,package_share,2.8,pct,0,,finn-bolig-packages/packages_history
2026-06-14,daily,NO,finn.no,real_estate_other,,,listings,28127,listings,0,,vend-scraper-v2/daily_filtered
2026-06-14,daily,NO,finn.no,real_estate_other,,,new_listings,489,listings,0,,vend-scraper-v2/daily_filtered
2026-06-14,daily,SE,hemnet.se,real_estate_homes,,,listings,37125,listings,0,,vend-scraper-v2/daily_filtered
2026-06-14,daily,SE,hemnet.se,real_estate_homes,,,new_listings,613,listings,0,,vend-scraper-v2/daily_filtered
2026-06-14,daily,SE,hemnet.se,real_estate_homes_upcoming,,,listings,5620,listings,0,,vend-scraper-v2/daily_filtered
2026-06-14,daily,NO,hjem.no,real_estate_homes,,,listings,9779,listings,0,,vend-scraper-v2/daily_filtered
2026-06-14,daily,FI,oikotie.fi,real_estate_homes,,,listings,50493,listings,0,,vend-scraper-v2/daily_filtered
2026-06-14,daily,FI,oikotie.fi,real_estate_homes,,,new_listings,357,listings,0,,vend-scraper-v2/daily_filtered
2026-06-14,daily,SE,tradera.com,mobility_cars,dealer,,listings,42701,listings,0,,vend-scraper-v2/daily_filtered
2026-06-14,daily,SE,tradera.com,mobility_cars,private,,listings,2192,listings,0,,vend-scraper-v2/daily_filtered
2026-06-14,daily,SE,wayke.se,mobility_cars,dealer,,listings,52032,listings,0,,vend-scraper-v2/daily_filtered
2026-06-15,daily,DK,bilbasen.dk,mobility_cars,dealer,,listings,43346,listings,0,,vend-scraper-v2/daily_filtered
2026-06-15,daily,DK,bilbasen.dk,mobility_cars,private,,listings,3608,listings,0,,vend-scraper-v2/daily_filtered
2026-06-15,daily,DK,bilhandel.dk,mobility_cars,dealer,,listings,24178,listings,0,,vend-scraper-v2/daily_filtered
2026-06-15,daily,DK,bilhandel.dk,mobility_cars,private,,listings,1991,listings,0,,vend-scraper-v2/daily_filtered
2026-06-15,weekly,DK,bilinfo.dk,mobility_cars,,,avg_days_to_sell,56,days,0,,vend-scraper-v2/bilinfo_weekly
2026-06-15,weekly,DK,bilinfo.dk,mobility_cars,,,supply_cars,47600,listings,0,,vend-scraper-v2/bilinfo_weekly
2026-06-15,weekly,DK,bilinfo.dk,mobility_cars,,,visits,421000,visitors,0,,vend-scraper-v2/bilinfo_weekly
2026-06-15,daily,DK,biltorvet.dk,mobility_cars,dealer,,listings,39231,listings,0,,vend-scraper-v2/daily_filtered
2026-06-15,daily,DK,biltorvet.dk,mobility_cars,private,,listings,1534,listings,0,,vend-scraper-v2/daily_filtered
2026-06-15,daily,SE,blocket.se,mobility_cars,dealer,,listings,122691,listings,0,,vend-scraper-v2/daily_filtered
2026-06-15,daily,SE,blocket.se,mobility_cars,dealer,,new_listings,4877,listings,0,,vend-scraper-v2/daily_filtered
2026-06-15,weekly,SE,blocket.se,mobility_cars,dealer,basis,package_sample_count,3872,sampled_listings,1,,finn-mobility-packages/weekly_package_mix
2026-06-15,weekly,SE,blocket.se,mobility_cars,dealer,basis,package_share,62.5,pct,1,,finn-mobility-packages/weekly_package_mix
2026-06-15,weekly,SE,blocket.se,mobility_cars,dealer,pluss,package_sample_count,304,sampled_listings,1,,finn-mobility-packages/weekly_package_mix
2026-06-15,weekly,SE,blocket.se,mobility_cars,dealer,pluss,package_share,4.9,pct,1,,finn-mobility-packages/weekly_package_mix
2026-06-15,weekly,SE,blocket.se,mobility_cars,dealer,premium,package_sample_count,2023,sampled_listings,1,,finn-mobility-packages/weekly_package_mix
2026-06-15,weekly,SE,blocket.se,mobility_cars,dealer,premium,package_share,32.6,pct,1,,finn-mobility-packages/weekly_package_mix
2026-06-15,daily,SE,blocket.se,mobility_cars,private,,listings,24638,listings,0,,vend-scraper-v2/daily_filtered
2026-06-15,daily,SE,blocket.se,mobility_cars,private,,new_listings,1021,listings,0,,vend-scraper-v2/daily_filtered
2026-06-15,daily,SE,blocket.se,mobility_other,dealer,,listings,65436,listings,0,,vend-scraper-v2/daily_filtered
2026-06-15,daily,SE,blocket.se,mobility_other,dealer,,new_listings,1997,listings,0,,vend-scraper-v2/daily_filtered
2026-06-15,daily,SE,blocket.se,mobility_other,private,,listings,25419,listings,0,,vend-scraper-v2/daily_filtered
2026-06-15,daily,SE,blocket.se,mobility_other,private,,new_listings,982,listings,0,,vend-scraper-v2/daily_filtered
2026-06-15,daily,FI,etuovi.com,real_estate_homes,,,listings,54545,listings,0,,vend-scraper-v2/daily_filtered
2026-06-15,daily,FI,etuovi.com,real_estate_homes,,,new_listings,376,listings,0,,vend-scraper-v2/daily_filtered
2026-06-15,daily,NO,finn.no,jobs_listings,,,listings,15426,listings,0,,vend-scraper-v2/daily_filtered
2026-06-15,daily,NO,finn.no,jobs_listings,,,new_listings,818,listings,0,,vend-scraper-v2/daily_filtered
2026-06-15,daily,NO,finn.no,jobs_positions,,,listings,31647,listings,0,,vend-scraper-v2/daily_filtered
2026-06-15,daily,NO,finn.no,jobs_positions,,,new_listings,1612,listings,0,,vend-scraper-v2/daily_filtered
2026-06-15,daily,NO,finn.no,mobility_cars,dealer,,listings,54263,listings,0,,vend-scraper-v2/daily_filtered
2026-06-15,daily,NO,finn.no,mobility_cars,dealer,,new_listings,1853,listings,0,,vend-scraper-v2/daily_filtered
2026-06-15,weekly,NO,finn.no,mobility_cars,dealer,basis,package_sample_count,818,sampled_listings,1,,finn-mobility-packages/weekly_package_mix
2026-06-15,weekly,NO,finn.no,mobility_cars,dealer,basis,package_share,29.6,pct,1,,finn-mobility-packages/weekly_package_mix
2026-06-15,weekly,NO,finn.no,mobility_cars,dealer,pluss,package_sample_count,820,sampled_listings,1,,finn-mobility-packages/weekly_package_mix
2026-06-15,weekly,NO,finn.no,mobility_cars,dealer,pluss,package_share,29.7,pct,1,,finn-mobility-packages/weekly_package_mix
2026-06-15,weekly,NO,finn.no,mobility_cars,dealer,premium,package_sample_count,1126,sampled_listings,1,,finn-mobility-packages/weekly_package_mix
2026-06-15,weekly,NO,finn.no,mobility_cars,dealer,premium,package_share,40.7,pct,1,,finn-mobility-packages/weekly_package_mix
2026-06-15,daily,NO,finn.no,mobility_cars,private,,listings,16846,listings,0,,vend-scraper-v2/daily_filtered
2026-06-15,daily,NO,finn.no,mobility_cars,private,,new_listings,883,listings,0,,vend-scraper-v2/daily_filtered
2026-06-15,daily,NO,finn.no,mobility_other,dealer,,listings,27065,listings,0,,vend-scraper-v2/daily_filtered
2026-06-15,daily,NO,finn.no,mobility_other,dealer,,new_listings,681,listings,0,,vend-scraper-v2/daily_filtered
2026-06-15,daily,NO,finn.no,mobility_other,private,,listings,18081,listings,0,,vend-scraper-v2/daily_filtered
2026-06-15,daily,NO,finn.no,mobility_other,private,,new_listings,970,listings,0,,vend-scraper-v2/daily_filtered
2026-06-15,daily,NO,finn.no,real_estate_homes,,,listings,23160,listings,0,,vend-scraper-v2/daily_filtered
2026-06-15,daily,NO,finn.no,real_estate_homes,,,new_listings,722,listings,0,,vend-scraper-v2/daily_filtered
2026-06-15,daily,NO,finn.no,real_estate_other,,,listings,28122,listings,0,,vend-scraper-v2/daily_filtered
2026-06-15,daily,NO,finn.no,real_estate_other,,,new_listings,645,listings,0,,vend-scraper-v2/daily_filtered
2026-06-15,daily,SE,hemnet.se,real_estate_homes,,,listings,36732,listings,0,,vend-scraper-v2/daily_filtered
2026-06-15,daily,SE,hemnet.se,real_estate_homes,,,new_listings,1132,listings,0,,vend-scraper-v2/daily_filtered
2026-06-15,daily,SE,hemnet.se,real_estate_homes_upcoming,,,listings,5714,listings,0,,vend-scraper-v2/daily_filtered
2026-06-15,daily,NO,hjem.no,real_estate_homes,,,listings,9719,listings,0,,vend-scraper-v2/daily_filtered
2026-06-15,daily,FI,oikotie.fi,real_estate_homes,,,listings,50422,listings,0,,vend-scraper-v2/daily_filtered
2026-06-15,daily,FI,oikotie.fi,real_estate_homes,,,new_listings,502,listings,0,,vend-scraper-v2/daily_filtered
2026-06-15,daily,SE,tradera.com,mobility_cars,dealer,,listings,42943,listings,0,,vend-scraper-v2/daily_filtered
2026-06-15,daily,SE,tradera.com,mobility_cars,private,,listings,2190,listings,0,,vend-scraper-v2/daily_filtered
2026-06-15,daily,SE,wayke.se,mobility_cars,dealer,,listings,52084,listings,0,,vend-scraper-v2/daily_filtered
2026-06-16,daily,DK,bilbasen.dk,mobility_cars,dealer,,listings,43575,listings,0,,vend-scraper-v2/daily_filtered
2026-06-16,daily,DK,bilbasen.dk,mobility_cars,private,,listings,3645,listings,0,,vend-scraper-v2/daily_filtered
2026-06-16,daily,DK,bilhandel.dk,mobility_cars,dealer,,listings,24386,listings,0,,vend-scraper-v2/daily_filtered
2026-06-16,daily,DK,bilhandel.dk,mobility_cars,private,,listings,1994,listings,0,,vend-scraper-v2/daily_filtered
2026-06-16,daily,DK,biltorvet.dk,mobility_cars,dealer,,listings,39499,listings,0,,vend-scraper-v2/daily_filtered
2026-06-16,daily,DK,biltorvet.dk,mobility_cars,private,,listings,1538,listings,0,,vend-scraper-v2/daily_filtered
2026-06-16,daily,SE,blocket.se,mobility_cars,dealer,,listings,123095,listings,0,,vend-scraper-v2/daily_filtered
2026-06-16,daily,SE,blocket.se,mobility_cars,dealer,,new_listings,5485,listings,0,,vend-scraper-v2/daily_filtered
2026-06-16,daily,SE,blocket.se,mobility_cars,private,,listings,24583,listings,0,,vend-scraper-v2/daily_filtered
2026-06-16,daily,SE,blocket.se,mobility_cars,private,,new_listings,1003,listings,0,,vend-scraper-v2/daily_filtered
2026-06-16,daily,SE,blocket.se,mobility_other,dealer,,listings,65540,listings,0,,vend-scraper-v2/daily_filtered
2026-06-16,daily,SE,blocket.se,mobility_other,dealer,,new_listings,2059,listings,0,,vend-scraper-v2/daily_filtered
2026-06-16,daily,SE,blocket.se,mobility_other,private,,listings,25363,listings,0,,vend-scraper-v2/daily_filtered
2026-06-16,daily,SE,blocket.se,mobility_other,private,,new_listings,935,listings,0,,vend-scraper-v2/daily_filtered
2026-06-16,daily,FI,etuovi.com,real_estate_homes,,,listings,54476,listings,0,,vend-scraper-v2/daily_filtered
2026-06-16,daily,FI,etuovi.com,real_estate_homes,,,new_listings,454,listings,0,,vend-scraper-v2/daily_filtered
2026-06-16,daily,NO,finn.no,jobs_listings,,,listings,15162,listings,0,,vend-scraper-v2/daily_filtered
2026-06-16,daily,NO,finn.no,jobs_listings,,,new_listings,747,listings,0,,vend-scraper-v2/daily_filtered
2026-06-16,daily,NO,finn.no,jobs_positions,,,listings,31138,listings,0,,vend-scraper-v2/daily_filtered
2026-06-16,daily,NO,finn.no,jobs_positions,,,new_listings,1605,listings,0,,vend-scraper-v2/daily_filtered
2026-06-16,daily,NO,finn.no,mobility_cars,dealer,,listings,54655,listings,0,,vend-scraper-v2/daily_filtered
2026-06-16,daily,NO,finn.no,mobility_cars,dealer,,new_listings,1996,listings,0,,vend-scraper-v2/daily_filtered
2026-06-16,daily,NO,finn.no,mobility_cars,private,,listings,17080,listings,0,,vend-scraper-v2/daily_filtered
2026-06-16,daily,NO,finn.no,mobility_cars,private,,new_listings,1078,listings,0,,vend-scraper-v2/daily_filtered
2026-06-16,daily,NO,finn.no,mobility_other,dealer,,listings,27094,listings,0,,vend-scraper-v2/daily_filtered
2026-06-16,daily,NO,finn.no,mobility_other,dealer,,new_listings,622,listings,0,,vend-scraper-v2/daily_filtered
2026-06-16,daily,NO,finn.no,mobility_other,private,,listings,18370,listings,0,,vend-scraper-v2/daily_filtered
2026-06-16,daily,NO,finn.no,mobility_other,private,,new_listings,1127,listings,0,,vend-scraper-v2/daily_filtered
2026-06-16,daily,NO,finn.no,real_estate_homes,,,listings,23541,listings,0,,vend-scraper-v2/daily_filtered
2026-06-16,daily,NO,finn.no,real_estate_homes,,,new_listings,710,listings,0,,vend-scraper-v2/daily_filtered
2026-06-16,daily,NO,finn.no,real_estate_other,,,listings,28246,listings,0,,vend-scraper-v2/daily_filtered
2026-06-16,daily,NO,finn.no,real_estate_other,,,new_listings,648,listings,0,,vend-scraper-v2/daily_filtered
2026-06-16,daily,SE,hemnet.se,real_estate_homes,,,listings,36357,listings,0,,vend-scraper-v2/daily_filtered
2026-06-16,daily,SE,hemnet.se,real_estate_homes,,,new_listings,1553,listings,0,,vend-scraper-v2/daily_filtered
2026-06-16,daily,SE,hemnet.se,real_estate_homes_upcoming,,,listings,5840,listings,0,,vend-scraper-v2/daily_filtered
2026-06-16,daily,NO,hjem.no,real_estate_homes,,,listings,9871,listings,0,,vend-scraper-v2/daily_filtered
2026-06-16,daily,FI,oikotie.fi,real_estate_homes,,,listings,50399,listings,0,,vend-scraper-v2/daily_filtered
2026-06-16,daily,FI,oikotie.fi,real_estate_homes,,,new_listings,703,listings,0,,vend-scraper-v2/daily_filtered
2026-06-16,daily,SE,tradera.com,mobility_cars,dealer,,listings,43730,listings,0,,vend-scraper-v2/daily_filtered
2026-06-16,daily,SE,tradera.com,mobility_cars,private,,listings,2216,listings,0,,vend-scraper-v2/daily_filtered
2026-06-16,daily,SE,wayke.se,mobility_cars,dealer,,listings,52304,listings,0,,vend-scraper-v2/daily_filtered
2026-06-17,daily,DK,bilbasen.dk,mobility_cars,dealer,,listings,43760,listings,0,,vend-scraper-v2/daily_filtered
2026-06-17,daily,DK,bilbasen.dk,mobility_cars,private,,listings,3647,listings,0,,vend-scraper-v2/daily_filtered
2026-06-17,daily,DK,bilhandel.dk,mobility_cars,dealer,,listings,24574,listings,0,,vend-scraper-v2/daily_filtered
2026-06-17,daily,DK,bilhandel.dk,mobility_cars,private,,listings,1994,listings,0,,vend-scraper-v2/daily_filtered
2026-06-17,daily,DK,biltorvet.dk,mobility_cars,dealer,,listings,39673,listings,0,,vend-scraper-v2/daily_filtered
2026-06-17,daily,DK,biltorvet.dk,mobility_cars,private,,listings,1534,listings,0,,vend-scraper-v2/daily_filtered
2026-06-17,daily,SE,blocket.se,mobility_cars,dealer,,listings,123351,listings,0,,vend-scraper-v2/daily_filtered
2026-06-17,daily,SE,blocket.se,mobility_cars,dealer,,new_listings,5069,listings,0,,vend-scraper-v2/daily_filtered
2026-06-17,daily,SE,blocket.se,mobility_cars,private,,listings,24381,listings,0,,vend-scraper-v2/daily_filtered
2026-06-17,daily,SE,blocket.se,mobility_cars,private,,new_listings,949,listings,0,,vend-scraper-v2/daily_filtered
2026-06-17,daily,SE,blocket.se,mobility_other,dealer,,listings,65538,listings,0,,vend-scraper-v2/daily_filtered
2026-06-17,daily,SE,blocket.se,mobility_other,dealer,,new_listings,1696,listings,0,,vend-scraper-v2/daily_filtered
2026-06-17,daily,SE,blocket.se,mobility_other,private,,listings,25136,listings,0,,vend-scraper-v2/daily_filtered
2026-06-17,daily,SE,blocket.se,mobility_other,private,,new_listings,899,listings,0,,vend-scraper-v2/daily_filtered
2026-06-17,daily,FI,etuovi.com,real_estate_homes,,,listings,54226,listings,0,,vend-scraper-v2/daily_filtered
2026-06-17,daily,FI,etuovi.com,real_estate_homes,,,new_listings,449,listings,0,,vend-scraper-v2/daily_filtered
2026-06-17,daily,NO,finn.no,jobs_listings,,,listings,15158,listings,0,,vend-scraper-v2/daily_filtered
2026-06-17,daily,NO,finn.no,jobs_listings,,,new_listings,691,listings,0,,vend-scraper-v2/daily_filtered
2026-06-17,daily,NO,finn.no,jobs_positions,,,listings,31245,listings,0,,vend-scraper-v2/daily_filtered
2026-06-17,daily,NO,finn.no,jobs_positions,,,new_listings,1365,listings,0,,vend-scraper-v2/daily_filtered
2026-06-17,daily,NO,finn.no,mobility_cars,dealer,,listings,55509,listings,0,,vend-scraper-v2/daily_filtered
2026-06-17,daily,NO,finn.no,mobility_cars,dealer,,new_listings,2002,listings,0,,vend-scraper-v2/daily_filtered
2026-06-17,daily,NO,finn.no,mobility_cars,private,,listings,16949,listings,0,,vend-scraper-v2/daily_filtered
2026-06-17,daily,NO,finn.no,mobility_cars,private,,new_listings,837,listings,0,,vend-scraper-v2/daily_filtered
2026-06-17,daily,NO,finn.no,mobility_other,dealer,,listings,27204,listings,0,,vend-scraper-v2/daily_filtered
2026-06-17,daily,NO,finn.no,mobility_other,dealer,,new_listings,741,listings,0,,vend-scraper-v2/daily_filtered
2026-06-17,daily,NO,finn.no,mobility_other,private,,listings,18255,listings,0,,vend-scraper-v2/daily_filtered
2026-06-17,daily,NO,finn.no,mobility_other,private,,new_listings,869,listings,0,,vend-scraper-v2/daily_filtered
2026-06-17,daily,NO,finn.no,real_estate_homes,,,listings,23894,listings,0,,vend-scraper-v2/daily_filtered
2026-06-17,daily,NO,finn.no,real_estate_homes,,,new_listings,665,listings,0,,vend-scraper-v2/daily_filtered
2026-06-17,daily,NO,finn.no,real_estate_other,,,listings,28283,listings,0,,vend-scraper-v2/daily_filtered
2026-06-17,daily,NO,finn.no,real_estate_other,,,new_listings,635,listings,0,,vend-scraper-v2/daily_filtered
2026-06-17,daily,SE,hemnet.se,real_estate_homes,,,listings,35934,listings,0,,vend-scraper-v2/daily_filtered
2026-06-17,daily,SE,hemnet.se,real_estate_homes,,,new_listings,1513,listings,0,,vend-scraper-v2/daily_filtered
2026-06-17,daily,SE,hemnet.se,real_estate_homes_upcoming,,,listings,5969,listings,0,,vend-scraper-v2/daily_filtered
2026-06-17,daily,NO,hjem.no,real_estate_homes,,,listings,9998,listings,0,,vend-scraper-v2/daily_filtered
2026-06-17,daily,FI,oikotie.fi,real_estate_homes,,,listings,50354,listings,0,,vend-scraper-v2/daily_filtered
2026-06-17,daily,FI,oikotie.fi,real_estate_homes,,,new_listings,734,listings,0,,vend-scraper-v2/daily_filtered
2026-06-17,daily,SE,tradera.com,mobility_cars,dealer,,listings,43923,listings,0,,vend-scraper-v2/daily_filtered
2026-06-17,daily,SE,tradera.com,mobility_cars,private,,listings,2224,listings,0,,vend-scraper-v2/daily_filtered
2026-06-17,daily,SE,wayke.se,mobility_cars,dealer,,listings,52485,listings,0,,vend-scraper-v2/daily_filtered
2026-06-18,daily,DK,bilbasen.dk,mobility_cars,dealer,,listings,44028,listings,0,,vend-scraper-v2/daily_filtered
2026-06-18,daily,DK,bilbasen.dk,mobility_cars,private,,listings,3654,listings,0,,vend-scraper-v2/daily_filtered
2026-06-18,daily,DK,bilhandel.dk,mobility_cars,dealer,,listings,24670,listings,0,,vend-scraper-v2/daily_filtered
2026-06-18,daily,DK,bilhandel.dk,mobility_cars,private,,listings,1995,listings,0,,vend-scraper-v2/daily_filtered
2026-06-18,daily,DK,biltorvet.dk,mobility_cars,dealer,,listings,39903,listings,0,,vend-scraper-v2/daily_filtered
2026-06-18,daily,DK,biltorvet.dk,mobility_cars,private,,listings,1518,listings,0,,vend-scraper-v2/daily_filtered
2026-06-18,daily,SE,blocket.se,mobility_cars,dealer,,listings,123656,listings,0,,vend-scraper-v2/daily_filtered
2026-06-18,daily,SE,blocket.se,mobility_cars,dealer,,new_listings,4940,listings,0,,vend-scraper-v2/daily_filtered
2026-06-18,daily,SE,blocket.se,mobility_cars,private,,listings,24142,listings,0,,vend-scraper-v2/daily_filtered
2026-06-18,daily,SE,blocket.se,mobility_cars,private,,new_listings,868,listings,0,,vend-scraper-v2/daily_filtered
2026-06-18,daily,SE,blocket.se,mobility_other,dealer,,listings,65835,listings,0,,vend-scraper-v2/daily_filtered
2026-06-18,daily,SE,blocket.se,mobility_other,dealer,,new_listings,1849,listings,0,,vend-scraper-v2/daily_filtered
2026-06-18,daily,SE,blocket.se,mobility_other,private,,listings,24789,listings,0,,vend-scraper-v2/daily_filtered
2026-06-18,daily,SE,blocket.se,mobility_other,private,,new_listings,766,listings,0,,vend-scraper-v2/daily_filtered
2026-06-18,daily,FI,etuovi.com,real_estate_homes,,,listings,54464,listings,0,,vend-scraper-v2/daily_filtered
2026-06-18,daily,FI,etuovi.com,real_estate_homes,,,new_listings,463,listings,0,,vend-scraper-v2/daily_filtered
2026-06-18,daily,NO,finn.no,jobs_listings,,,listings,15188,listings,0,,vend-scraper-v2/daily_filtered
2026-06-18,daily,NO,finn.no,jobs_listings,,,new_listings,715,listings,0,,vend-scraper-v2/daily_filtered
2026-06-18,daily,NO,finn.no,jobs_positions,,,listings,31177,listings,0,,vend-scraper-v2/daily_filtered
2026-06-18,daily,NO,finn.no,jobs_positions,,,new_listings,1161,listings,0,,vend-scraper-v2/daily_filtered
2026-06-18,daily,NO,finn.no,mobility_cars,dealer,,listings,55538,listings,0,,vend-scraper-v2/daily_filtered
2026-06-18,daily,NO,finn.no,mobility_cars,dealer,,new_listings,2001,listings,0,,vend-scraper-v2/daily_filtered
2026-06-18,daily,NO,finn.no,mobility_cars,private,,listings,16950,listings,0,,vend-scraper-v2/daily_filtered
2026-06-18,daily,NO,finn.no,mobility_cars,private,,new_listings,882,listings,0,,vend-scraper-v2/daily_filtered
2026-06-18,daily,NO,finn.no,mobility_other,dealer,,listings,27236,listings,0,,vend-scraper-v2/daily_filtered
2026-06-18,daily,NO,finn.no,mobility_other,dealer,,new_listings,746,listings,0,,vend-scraper-v2/daily_filtered
2026-06-18,daily,NO,finn.no,mobility_other,private,,listings,18198,listings,0,,vend-scraper-v2/daily_filtered
2026-06-18,daily,NO,finn.no,mobility_other,private,,new_listings,848,listings,0,,vend-scraper-v2/daily_filtered
2026-06-18,daily,NO,finn.no,real_estate_homes,,,listings,23856,listings,0,,vend-scraper-v2/daily_filtered
2026-06-18,daily,NO,finn.no,real_estate_homes,,,new_listings,659,listings,0,,vend-scraper-v2/daily_filtered
2026-06-18,daily,NO,finn.no,real_estate_other,,,listings,28244,listings,0,,vend-scraper-v2/daily_filtered
2026-06-18,daily,NO,finn.no,real_estate_other,,,new_listings,635,listings,0,,vend-scraper-v2/daily_filtered
2026-06-18,daily,SE,hemnet.se,real_estate_homes,,,listings,35712,listings,0,,vend-scraper-v2/daily_filtered
2026-06-18,daily,SE,hemnet.se,real_estate_homes,,,new_listings,1886,listings,0,,vend-scraper-v2/daily_filtered
2026-06-18,daily,SE,hemnet.se,real_estate_homes_upcoming,,,listings,6021,listings,0,,vend-scraper-v2/daily_filtered
2026-06-18,daily,NO,hjem.no,real_estate_homes,,,listings,9971,listings,0,,vend-scraper-v2/daily_filtered
2026-06-18,daily,FI,oikotie.fi,real_estate_homes,,,listings,50368,listings,0,,vend-scraper-v2/daily_filtered
2026-06-18,daily,FI,oikotie.fi,real_estate_homes,,,new_listings,754,listings,0,,vend-scraper-v2/daily_filtered
2026-06-18,daily,SE,tradera.com,mobility_cars,dealer,,listings,44016,listings,0,,vend-scraper-v2/daily_filtered
2026-06-18,daily,SE,tradera.com,mobility_cars,private,,listings,2225,listings,0,,vend-scraper-v2/daily_filtered
2026-06-18,daily,SE,wayke.se,mobility_cars,dealer,,listings,52819,listings,0,,vend-scraper-v2/daily_filtered
2026-06-19,daily,DK,bilbasen.dk,mobility_cars,dealer,,listings,44399,listings,0,,vend-scraper-v2/daily_filtered
2026-06-19,daily,DK,bilbasen.dk,mobility_cars,private,,listings,3613,listings,0,,vend-scraper-v2/daily_filtered
2026-06-19,daily,DK,bilhandel.dk,mobility_cars,dealer,,listings,25183,listings,0,,vend-scraper-v2/daily_filtered
2026-06-19,daily,DK,bilhandel.dk,mobility_cars,private,,listings,1996,listings,0,,vend-scraper-v2/daily_filtered
2026-06-19,daily,DK,biltorvet.dk,mobility_cars,dealer,,listings,40303,listings,0,,vend-scraper-v2/daily_filtered
2026-06-19,daily,DK,biltorvet.dk,mobility_cars,private,,listings,1508,listings,0,,vend-scraper-v2/daily_filtered
2026-06-19,daily,SE,blocket.se,mobility_cars,dealer,,listings,123668,listings,0,,vend-scraper-v2/daily_filtered
2026-06-19,daily,SE,blocket.se,mobility_cars,dealer,,new_listings,1207,listings,0,,vend-scraper-v2/daily_filtered
2026-06-19,daily,SE,blocket.se,mobility_cars,private,,listings,24104,listings,0,,vend-scraper-v2/daily_filtered
2026-06-19,daily,SE,blocket.se,mobility_cars,private,,new_listings,652,listings,0,outlier,vend-scraper-v2/daily_filtered
2026-06-19,daily,SE,blocket.se,mobility_other,dealer,,listings,65880,listings,0,,vend-scraper-v2/daily_filtered
2026-06-19,daily,SE,blocket.se,mobility_other,dealer,,new_listings,364,listings,0,,vend-scraper-v2/daily_filtered
2026-06-19,daily,SE,blocket.se,mobility_other,private,,listings,24696,listings,0,,vend-scraper-v2/daily_filtered
2026-06-19,daily,SE,blocket.se,mobility_other,private,,new_listings,544,listings,0,,vend-scraper-v2/daily_filtered
2026-06-19,daily,FI,etuovi.com,real_estate_homes,,,listings,54503,listings,0,,vend-scraper-v2/daily_filtered
2026-06-19,daily,FI,etuovi.com,real_estate_homes,,,new_listings,191,listings,0,,vend-scraper-v2/daily_filtered
2026-06-19,daily,NO,finn.no,jobs_listings,,,listings,15422,listings,0,,vend-scraper-v2/daily_filtered
2026-06-19,daily,NO,finn.no,jobs_listings,,,new_listings,866,listings,0,,vend-scraper-v2/daily_filtered
2026-06-19,daily,NO,finn.no,jobs_positions,,,listings,31610,listings,0,,vend-scraper-v2/daily_filtered
2026-06-19,daily,NO,finn.no,jobs_positions,,,new_listings,1560,listings,0,,vend-scraper-v2/daily_filtered
2026-06-19,daily,NO,finn.no,mobility_cars,dealer,,listings,55551,listings,0,,vend-scraper-v2/daily_filtered
2026-06-19,daily,NO,finn.no,mobility_cars,dealer,,new_listings,1846,listings,0,,vend-scraper-v2/daily_filtered
2026-06-19,daily,NO,finn.no,mobility_cars,private,,listings,16742,listings,0,,vend-scraper-v2/daily_filtered
2026-06-19,daily,NO,finn.no,mobility_cars,private,,new_listings,834,listings,0,,vend-scraper-v2/daily_filtered
2026-06-19,daily,NO,finn.no,mobility_other,dealer,,listings,27284,listings,0,,vend-scraper-v2/daily_filtered
2026-06-19,daily,NO,finn.no,mobility_other,dealer,,new_listings,621,listings,0,,vend-scraper-v2/daily_filtered
2026-06-19,daily,NO,finn.no,mobility_other,private,,listings,17945,listings,0,,vend-scraper-v2/daily_filtered
2026-06-19,daily,NO,finn.no,mobility_other,private,,new_listings,821,listings,0,,vend-scraper-v2/daily_filtered
2026-06-19,daily,NO,finn.no,real_estate_homes,,,listings,23929,listings,0,,vend-scraper-v2/daily_filtered
2026-06-19,daily,NO,finn.no,real_estate_homes,,,new_listings,1019,listings,0,,vend-scraper-v2/daily_filtered
2026-06-19,daily,NO,finn.no,real_estate_other,,,listings,28223,listings,0,,vend-scraper-v2/daily_filtered
2026-06-19,daily,NO,finn.no,real_estate_other,,,new_listings,611,listings,0,,vend-scraper-v2/daily_filtered
2026-06-19,daily,SE,hemnet.se,real_estate_homes,,,listings,35765,listings,0,,vend-scraper-v2/daily_filtered
2026-06-19,daily,SE,hemnet.se,real_estate_homes,,,new_listings,1457,listings,0,,vend-scraper-v2/daily_filtered
2026-06-19,daily,SE,hemnet.se,real_estate_homes_upcoming,,,listings,6031,listings,0,,vend-scraper-v2/daily_filtered
2026-06-19,daily,NO,hjem.no,real_estate_homes,,,listings,9935,listings,0,,vend-scraper-v2/daily_filtered
2026-06-19,daily,FI,oikotie.fi,real_estate_homes,,,listings,50362,listings,0,,vend-scraper-v2/daily_filtered
2026-06-19,daily,FI,oikotie.fi,real_estate_homes,,,new_listings,519,listings,0,,vend-scraper-v2/daily_filtered
2026-06-19,daily,SE,tradera.com,mobility_cars,dealer,,listings,43831,listings,0,,vend-scraper-v2/daily_filtered
2026-06-19,daily,SE,tradera.com,mobility_cars,private,,listings,2216,listings,0,,vend-scraper-v2/daily_filtered
2026-06-19,daily,SE,wayke.se,mobility_cars,dealer,,listings,52625,listings,0,,vend-scraper-v2/daily_filtered
2026-06-20,daily,DK,bilbasen.dk,mobility_cars,dealer,,listings,44322,listings,0,,vend-scraper-v2/daily_filtered
2026-06-20,daily,DK,bilbasen.dk,mobility_cars,private,,listings,3602,listings,0,,vend-scraper-v2/daily_filtered
2026-06-20,daily,DK,bilhandel.dk,mobility_cars,dealer,,listings,25189,listings,0,,vend-scraper-v2/daily_filtered
2026-06-20,daily,DK,bilhandel.dk,mobility_cars,private,,listings,2003,listings,0,,vend-scraper-v2/daily_filtered
2026-06-20,daily,DK,biltorvet.dk,mobility_cars,dealer,,listings,40266,listings,0,,vend-scraper-v2/daily_filtered
2026-06-20,daily,DK,biltorvet.dk,mobility_cars,private,,listings,1509,listings,0,,vend-scraper-v2/daily_filtered
2026-06-20,daily,SE,blocket.se,mobility_cars,dealer,,listings,123712,listings,0,,vend-scraper-v2/daily_filtered
2026-06-20,daily,SE,blocket.se,mobility_cars,dealer,,new_listings,1166,listings,0,,vend-scraper-v2/daily_filtered
2026-06-20,daily,SE,blocket.se,mobility_cars,private,,listings,24088,listings,0,,vend-scraper-v2/daily_filtered
2026-06-20,daily,SE,blocket.se,mobility_cars,private,,new_listings,763,listings,0,,vend-scraper-v2/daily_filtered
2026-06-20,daily,SE,blocket.se,mobility_other,dealer,,listings,65874,listings,0,,vend-scraper-v2/daily_filtered
2026-06-20,daily,SE,blocket.se,mobility_other,dealer,,new_listings,301,listings,0,,vend-scraper-v2/daily_filtered
2026-06-20,daily,SE,blocket.se,mobility_other,private,,listings,24756,listings,0,,vend-scraper-v2/daily_filtered
2026-06-20,daily,SE,blocket.se,mobility_other,private,,new_listings,860,listings,0,,vend-scraper-v2/daily_filtered
2026-06-20,daily,FI,etuovi.com,real_estate_homes,,,listings,54427,listings,0,,vend-scraper-v2/daily_filtered
2026-06-20,daily,FI,etuovi.com,real_estate_homes,,,new_listings,53,listings,0,,vend-scraper-v2/daily_filtered
2026-06-20,daily,NO,finn.no,jobs_listings,,,listings,14846,listings,0,,vend-scraper-v2/daily_filtered
2026-06-20,daily,NO,finn.no,jobs_listings,,,new_listings,54,listings,0,,vend-scraper-v2/daily_filtered
2026-06-20,daily,NO,finn.no,jobs_positions,,,listings,30733,listings,0,,vend-scraper-v2/daily_filtered
2026-06-20,daily,NO,finn.no,jobs_positions,,,new_listings,208,listings,0,,vend-scraper-v2/daily_filtered
2026-06-20,daily,NO,finn.no,mobility_cars,dealer,,listings,55082,listings,0,,vend-scraper-v2/daily_filtered
2026-06-20,daily,NO,finn.no,mobility_cars,dealer,,new_listings,566,listings,0,,vend-scraper-v2/daily_filtered
2026-06-20,daily,NO,finn.no,mobility_cars,private,,listings,16838,listings,0,,vend-scraper-v2/daily_filtered
2026-06-20,daily,NO,finn.no,mobility_cars,private,,new_listings,749,listings,0,,vend-scraper-v2/daily_filtered
2026-06-20,daily,NO,finn.no,mobility_other,dealer,,listings,27334,listings,0,,vend-scraper-v2/daily_filtered
2026-06-20,daily,NO,finn.no,mobility_other,dealer,,new_listings,229,listings,0,,vend-scraper-v2/daily_filtered
2026-06-20,daily,NO,finn.no,mobility_other,private,,listings,18013,listings,0,,vend-scraper-v2/daily_filtered
2026-06-20,daily,NO,finn.no,mobility_other,private,,new_listings,885,listings,0,,vend-scraper-v2/daily_filtered
2026-06-20,daily,NO,finn.no,real_estate_homes,,,listings,23599,listings,0,,vend-scraper-v2/daily_filtered
2026-06-20,daily,NO,finn.no,real_estate_homes,,,new_listings,351,listings,0,,vend-scraper-v2/daily_filtered
2026-06-20,daily,NO,finn.no,real_estate_other,,,listings,28176,listings,0,,vend-scraper-v2/daily_filtered
2026-06-20,daily,NO,finn.no,real_estate_other,,,new_listings,399,listings,0,,vend-scraper-v2/daily_filtered
2026-06-20,daily,SE,hemnet.se,real_estate_homes,,,listings,35807,listings,0,,vend-scraper-v2/daily_filtered
2026-06-20,daily,SE,hemnet.se,real_estate_homes,,,new_listings,615,listings,0,,vend-scraper-v2/daily_filtered
2026-06-20,daily,SE,hemnet.se,real_estate_homes_upcoming,,,listings,6026,listings,0,,vend-scraper-v2/daily_filtered
2026-06-20,daily,NO,hjem.no,real_estate_homes,,,listings,9795,listings,0,,vend-scraper-v2/daily_filtered
2026-06-20,daily,FI,oikotie.fi,real_estate_homes,,,listings,50342,listings,0,,vend-scraper-v2/daily_filtered
2026-06-20,daily,FI,oikotie.fi,real_estate_homes,,,new_listings,193,listings,0,,vend-scraper-v2/daily_filtered
2026-06-20,daily,SE,tradera.com,mobility_cars,dealer,,listings,43831,listings,0,,vend-scraper-v2/daily_filtered
2026-06-20,daily,SE,tradera.com,mobility_cars,private,,listings,2214,listings,0,,vend-scraper-v2/daily_filtered
2026-06-20,daily,SE,wayke.se,mobility_cars,dealer,,listings,52603,listings,0,,vend-scraper-v2/daily_filtered
2026-06-21,daily,DK,bilbasen.dk,mobility_cars,dealer,,listings,43843,listings,0,,vend-scraper-v2/daily_filtered
2026-06-21,daily,DK,bilbasen.dk,mobility_cars,private,,listings,3609,listings,0,,vend-scraper-v2/daily_filtered
2026-06-21,daily,DK,bilhandel.dk,mobility_cars,dealer,,listings,24793,listings,0,,vend-scraper-v2/daily_filtered
2026-06-21,daily,DK,bilhandel.dk,mobility_cars,private,,listings,1999,listings,0,,vend-scraper-v2/daily_filtered
2026-06-21,daily,DK,biltorvet.dk,mobility_cars,dealer,,listings,39902,listings,0,,vend-scraper-v2/daily_filtered
2026-06-21,daily,DK,biltorvet.dk,mobility_cars,private,,listings,1508,listings,0,,vend-scraper-v2/daily_filtered
2026-06-21,daily,SE,blocket.se,mobility_cars,dealer,,listings,123636,listings,0,,vend-scraper-v2/daily_filtered
2026-06-21,daily,SE,blocket.se,mobility_cars,dealer,,new_listings,1965,listings,0,,vend-scraper-v2/daily_filtered
2026-06-21,daily,SE,blocket.se,mobility_cars,private,,listings,24195,listings,0,,vend-scraper-v2/daily_filtered
2026-06-21,daily,SE,blocket.se,mobility_cars,private,,new_listings,1154,listings,0,,vend-scraper-v2/daily_filtered
2026-06-21,daily,SE,blocket.se,mobility_other,dealer,,listings,65618,listings,0,,vend-scraper-v2/daily_filtered
2026-06-21,daily,SE,blocket.se,mobility_other,dealer,,new_listings,471,listings,0,,vend-scraper-v2/daily_filtered
2026-06-21,daily,SE,blocket.se,mobility_other,private,,listings,24886,listings,0,,vend-scraper-v2/daily_filtered
2026-06-21,daily,SE,blocket.se,mobility_other,private,,new_listings,1349,listings,0,,vend-scraper-v2/daily_filtered
2026-06-21,daily,FI,etuovi.com,real_estate_homes,,,listings,54455,listings,0,,vend-scraper-v2/daily_filtered
2026-06-21,daily,FI,etuovi.com,real_estate_homes,,,new_listings,144,listings,0,,vend-scraper-v2/daily_filtered
2026-06-21,daily,NO,finn.no,jobs_listings,,,listings,14675,listings,0,,vend-scraper-v2/daily_filtered
2026-06-21,daily,NO,finn.no,jobs_listings,,,new_listings,72,listings,0,,vend-scraper-v2/daily_filtered
2026-06-21,daily,NO,finn.no,jobs_positions,,,listings,30307,listings,0,,vend-scraper-v2/daily_filtered
2026-06-21,daily,NO,finn.no,jobs_positions,,,new_listings,128,listings,0,,vend-scraper-v2/daily_filtered
2026-06-21,daily,NO,finn.no,mobility_cars,dealer,,listings,54300,listings,0,,vend-scraper-v2/daily_filtered
2026-06-21,daily,NO,finn.no,mobility_cars,dealer,,new_listings,475,listings,0,,vend-scraper-v2/daily_filtered
2026-06-21,daily,NO,finn.no,mobility_cars,private,,listings,16974,listings,0,,vend-scraper-v2/daily_filtered
2026-06-21,daily,NO,finn.no,mobility_cars,private,,new_listings,985,listings,0,,vend-scraper-v2/daily_filtered
2026-06-21,daily,NO,finn.no,mobility_other,dealer,,listings,27014,listings,0,,vend-scraper-v2/daily_filtered
2026-06-21,daily,NO,finn.no,mobility_other,dealer,,new_listings,222,listings,0,,vend-scraper-v2/daily_filtered
2026-06-21,daily,NO,finn.no,mobility_other,private,,listings,18191,listings,0,,vend-scraper-v2/daily_filtered
2026-06-21,daily,NO,finn.no,mobility_other,private,,new_listings,1192,listings,0,,vend-scraper-v2/daily_filtered
2026-06-21,daily,NO,finn.no,real_estate_homes,,,listings,23244,listings,0,,vend-scraper-v2/daily_filtered
2026-06-21,daily,NO,finn.no,real_estate_homes,,,new_listings,243,listings,0,,vend-scraper-v2/daily_filtered
2026-06-21,weekly,NO,finn.no,real_estate_homes,,large,package_count,14387,listings,0,,finn-bolig-packages/packages_history
2026-06-21,weekly,NO,finn.no,real_estate_homes,,large,package_share,61.9,pct,0,,finn-bolig-packages/packages_history
2026-06-21,weekly,NO,finn.no,real_estate_homes,,medium,package_count,8200,listings,0,,finn-bolig-packages/packages_history
2026-06-21,weekly,NO,finn.no,real_estate_homes,,medium,package_share,35.3,pct,0,,finn-bolig-packages/packages_history
2026-06-21,weekly,NO,finn.no,real_estate_homes,,small,package_count,656,listings,0,,finn-bolig-packages/packages_history
2026-06-21,weekly,NO,finn.no,real_estate_homes,,small,package_share,2.8,pct,0,,finn-bolig-packages/packages_history
2026-06-21,daily,NO,finn.no,real_estate_other,,,listings,28197,listings,0,,vend-scraper-v2/daily_filtered
2026-06-21,daily,NO,finn.no,real_estate_other,,,new_listings,486,listings,0,,vend-scraper-v2/daily_filtered
2026-06-21,daily,SE,hemnet.se,real_estate_homes,,,listings,35812,listings,0,,vend-scraper-v2/daily_filtered
2026-06-21,daily,SE,hemnet.se,real_estate_homes,,,new_listings,647,listings,0,,vend-scraper-v2/daily_filtered
2026-06-21,daily,SE,hemnet.se,real_estate_homes_upcoming,,,listings,6017,listings,0,,vend-scraper-v2/daily_filtered
2026-06-21,daily,NO,hjem.no,real_estate_homes,,,listings,9673,listings,0,,vend-scraper-v2/daily_filtered
2026-06-21,daily,FI,oikotie.fi,real_estate_homes,,,listings,50389,listings,0,,vend-scraper-v2/daily_filtered
2026-06-21,daily,FI,oikotie.fi,real_estate_homes,,,new_listings,205,listings,0,,vend-scraper-v2/daily_filtered
2026-06-21,daily,SE,tradera.com,mobility_cars,dealer,,listings,43701,listings,0,,vend-scraper-v2/daily_filtered
2026-06-21,daily,SE,tradera.com,mobility_cars,private,,listings,2219,listings,0,,vend-scraper-v2/daily_filtered
2026-06-21,daily,SE,wayke.se,mobility_cars,dealer,,listings,52441,listings,0,,vend-scraper-v2/daily_filtered
2026-06-22,daily,DK,bilbasen.dk,mobility_cars,private,,listings,3593,listings,0,,vend-scraper-v2/daily_filtered
2026-06-22,daily,DK,bilhandel.dk,mobility_cars,dealer,,listings,24846,listings,0,,vend-scraper-v2/daily_filtered
2026-06-22,daily,DK,bilhandel.dk,mobility_cars,private,,listings,1995,listings,0,,vend-scraper-v2/daily_filtered
2026-06-22,weekly,DK,bilinfo.dk,mobility_cars,,,avg_days_to_sell,56,days,0,,vend-scraper-v2/bilinfo_weekly
2026-06-22,weekly,DK,bilinfo.dk,mobility_cars,,,supply_cars,48200,listings,0,,vend-scraper-v2/bilinfo_weekly
2026-06-22,weekly,DK,bilinfo.dk,mobility_cars,,,visits,426000,visitors,0,,vend-scraper-v2/bilinfo_weekly
2026-06-22,daily,DK,biltorvet.dk,mobility_cars,dealer,,listings,39967,listings,0,,vend-scraper-v2/daily_filtered
2026-06-22,daily,DK,biltorvet.dk,mobility_cars,private,,listings,1491,listings,0,,vend-scraper-v2/daily_filtered
2026-06-22,daily,SE,blocket.se,mobility_cars,dealer,,listings,123573,listings,0,,vend-scraper-v2/daily_filtered
2026-06-22,daily,SE,blocket.se,mobility_cars,dealer,,new_listings,5473,listings,0,,vend-scraper-v2/daily_filtered
2026-06-22,weekly,SE,blocket.se,mobility_cars,dealer,basis,package_sample_count,3886,sampled_listings,1,,finn-mobility-packages/weekly_package_mix
2026-06-22,weekly,SE,blocket.se,mobility_cars,dealer,basis,package_share,62.7,pct,1,,finn-mobility-packages/weekly_package_mix
2026-06-22,weekly,SE,blocket.se,mobility_cars,dealer,pluss,package_sample_count,331,sampled_listings,1,,finn-mobility-packages/weekly_package_mix
2026-06-22,weekly,SE,blocket.se,mobility_cars,dealer,pluss,package_share,5.3,pct,1,,finn-mobility-packages/weekly_package_mix
2026-06-22,weekly,SE,blocket.se,mobility_cars,dealer,premium,package_sample_count,1979,sampled_listings,1,,finn-mobility-packages/weekly_package_mix
2026-06-22,weekly,SE,blocket.se,mobility_cars,dealer,premium,package_share,31.9,pct,1,,finn-mobility-packages/weekly_package_mix
2026-06-22,daily,SE,blocket.se,mobility_cars,private,,listings,24386,listings,0,,vend-scraper-v2/daily_filtered
2026-06-22,daily,SE,blocket.se,mobility_cars,private,,new_listings,1263,listings,0,,vend-scraper-v2/daily_filtered
2026-06-22,daily,SE,blocket.se,mobility_other,dealer,,listings,65470,listings,0,,vend-scraper-v2/daily_filtered
2026-06-22,daily,SE,blocket.se,mobility_other,dealer,,new_listings,2124,listings,0,,vend-scraper-v2/daily_filtered
2026-06-22,daily,SE,blocket.se,mobility_other,private,,listings,25027,listings,0,,vend-scraper-v2/daily_filtered
2026-06-22,daily,SE,blocket.se,mobility_other,private,,new_listings,1234,listings,0,,vend-scraper-v2/daily_filtered
2026-06-22,daily,FI,etuovi.com,real_estate_homes,,,listings,54486,listings,0,,vend-scraper-v2/daily_filtered
2026-06-22,daily,FI,etuovi.com,real_estate_homes,,,new_listings,383,listings,0,,vend-scraper-v2/daily_filtered
2026-06-22,daily,NO,finn.no,jobs_listings,,,listings,14303,listings,0,,vend-scraper-v2/daily_filtered
2026-06-22,daily,NO,finn.no,jobs_listings,,,new_listings,829,listings,0,,vend-scraper-v2/daily_filtered
2026-06-22,daily,NO,finn.no,jobs_positions,,,listings,29863,listings,0,,vend-scraper-v2/daily_filtered
2026-06-22,daily,NO,finn.no,jobs_positions,,,new_listings,1579,listings,0,,vend-scraper-v2/daily_filtered
2026-06-22,daily,NO,finn.no,mobility_cars,dealer,,listings,54062,listings,0,,vend-scraper-v2/daily_filtered
2026-06-22,daily,NO,finn.no,mobility_cars,dealer,,new_listings,1706,listings,0,,vend-scraper-v2/daily_filtered
2026-06-22,weekly,NO,finn.no,mobility_cars,dealer,basis,package_sample_count,831,sampled_listings,1,,finn-mobility-packages/weekly_package_mix
2026-06-22,weekly,NO,finn.no,mobility_cars,dealer,basis,package_share,30.3,pct,1,,finn-mobility-packages/weekly_package_mix
2026-06-22,weekly,NO,finn.no,mobility_cars,dealer,pluss,package_sample_count,865,sampled_listings,1,,finn-mobility-packages/weekly_package_mix
2026-06-22,weekly,NO,finn.no,mobility_cars,dealer,pluss,package_share,31.5,pct,1,,finn-mobility-packages/weekly_package_mix
2026-06-22,weekly,NO,finn.no,mobility_cars,dealer,premium,package_sample_count,1051,sampled_listings,1,,finn-mobility-packages/weekly_package_mix
2026-06-22,weekly,NO,finn.no,mobility_cars,dealer,premium,package_share,38.3,pct,1,,finn-mobility-packages/weekly_package_mix
2026-06-22,daily,NO,finn.no,mobility_cars,private,,listings,17033,listings,0,,vend-scraper-v2/daily_filtered
2026-06-22,daily,NO,finn.no,mobility_cars,private,,new_listings,987,listings,0,,vend-scraper-v2/daily_filtered
2026-06-22,daily,NO,finn.no,mobility_other,dealer,,listings,26963,listings,0,,vend-scraper-v2/daily_filtered
2026-06-22,daily,NO,finn.no,mobility_other,dealer,,new_listings,635,listings,0,,vend-scraper-v2/daily_filtered
2026-06-22,daily,NO,finn.no,mobility_other,private,,listings,18180,listings,0,,vend-scraper-v2/daily_filtered
2026-06-22,daily,NO,finn.no,mobility_other,private,,new_listings,1031,listings,0,,vend-scraper-v2/daily_filtered
2026-06-22,daily,NO,finn.no,real_estate_homes,,,listings,22828,listings,0,,vend-scraper-v2/daily_filtered
2026-06-22,daily,NO,finn.no,real_estate_homes,,,new_listings,492,listings,0,,vend-scraper-v2/daily_filtered
2026-06-22,daily,NO,finn.no,real_estate_other,,,listings,28289,listings,0,,vend-scraper-v2/daily_filtered
2026-06-22,daily,NO,finn.no,real_estate_other,,,new_listings,688,listings,0,,vend-scraper-v2/daily_filtered
2026-06-22,daily,SE,hemnet.se,real_estate_homes,,,listings,35608,listings,0,,vend-scraper-v2/daily_filtered
2026-06-22,daily,SE,hemnet.se,real_estate_homes,,,new_listings,1540,listings,0,,vend-scraper-v2/daily_filtered
2026-06-22,daily,SE,hemnet.se,real_estate_homes_upcoming,,,listings,6052,listings,0,,vend-scraper-v2/daily_filtered
2026-06-22,daily,NO,hjem.no,real_estate_homes,,,listings,9502,listings,0,,vend-scraper-v2/daily_filtered
2026-06-22,daily,FI,oikotie.fi,real_estate_homes,,,listings,50357,listings,0,,vend-scraper-v2/daily_filtered
2026-06-22,daily,FI,oikotie.fi,real_estate_homes,,,new_listings,489,listings,0,,vend-scraper-v2/daily_filtered
2026-06-22,daily,SE,tradera.com,mobility_cars,dealer,,listings,43722,listings,0,,vend-scraper-v2/daily_filtered
2026-06-22,daily,SE,tradera.com,mobility_cars,private,,listings,2220,listings,0,,vend-scraper-v2/daily_filtered
2026-06-22,daily,SE,wayke.se,mobility_cars,dealer,,listings,52344,listings,0,,vend-scraper-v2/daily_filtered
2026-06-23,daily,DK,bilbasen.dk,mobility_cars,private,,listings,3589,listings,0,,vend-scraper-v2/daily_filtered
2026-06-23,daily,DK,bilhandel.dk,mobility_cars,dealer,,listings,25056,listings,0,,vend-scraper-v2/daily_filtered
2026-06-23,daily,DK,bilhandel.dk,mobility_cars,private,,listings,1997,listings,0,,vend-scraper-v2/daily_filtered
2026-06-23,daily,DK,biltorvet.dk,mobility_cars,dealer,,listings,40280,listings,0,,vend-scraper-v2/daily_filtered
2026-06-23,daily,DK,biltorvet.dk,mobility_cars,private,,listings,1485,listings,0,,vend-scraper-v2/daily_filtered
2026-06-23,daily,SE,blocket.se,mobility_cars,dealer,,listings,124140,listings,0,,vend-scraper-v2/daily_filtered
2026-06-23,daily,SE,blocket.se,mobility_cars,dealer,,new_listings,5415,listings,0,,vend-scraper-v2/daily_filtered
2026-06-23,daily,SE,blocket.se,mobility_cars,private,,listings,24339,listings,0,,vend-scraper-v2/daily_filtered
2026-06-23,daily,SE,blocket.se,mobility_cars,private,,new_listings,1144,listings,0,,vend-scraper-v2/daily_filtered
2026-06-23,daily,SE,blocket.se,mobility_other,dealer,,listings,65343,listings,0,,vend-scraper-v2/daily_filtered
2026-06-23,daily,SE,blocket.se,mobility_other,dealer,,new_listings,1674,listings,0,,vend-scraper-v2/daily_filtered
2026-06-23,daily,SE,blocket.se,mobility_other,private,,listings,25077,listings,0,,vend-scraper-v2/daily_filtered
2026-06-23,daily,SE,blocket.se,mobility_other,private,,new_listings,1131,listings,0,,vend-scraper-v2/daily_filtered
2026-06-23,daily,FI,etuovi.com,real_estate_homes,,,listings,54533,listings,0,,vend-scraper-v2/daily_filtered
2026-06-23,daily,FI,etuovi.com,real_estate_homes,,,new_listings,407,listings,0,,vend-scraper-v2/daily_filtered
2026-06-23,daily,NO,finn.no,jobs_listings,,,listings,14295,listings,0,,vend-scraper-v2/daily_filtered
2026-06-23,daily,NO,finn.no,jobs_listings,,,new_listings,760,listings,0,,vend-scraper-v2/daily_filtered
2026-06-23,daily,NO,finn.no,jobs_positions,,,listings,29808,listings,0,,vend-scraper-v2/daily_filtered
2026-06-23,daily,NO,finn.no,jobs_positions,,,new_listings,1311,listings,0,,vend-scraper-v2/daily_filtered
2026-06-23,daily,NO,finn.no,mobility_cars,dealer,,listings,54484,listings,0,,vend-scraper-v2/daily_filtered
2026-06-23,daily,NO,finn.no,mobility_cars,dealer,,new_listings,1984,listings,0,,vend-scraper-v2/daily_filtered
2026-06-23,daily,NO,finn.no,mobility_cars,private,,listings,16928,listings,0,,vend-scraper-v2/daily_filtered
2026-06-23,daily,NO,finn.no,mobility_cars,private,,new_listings,837,listings,0,,vend-scraper-v2/daily_filtered
2026-06-23,daily,NO,finn.no,mobility_other,dealer,,listings,27041,listings,0,,vend-scraper-v2/daily_filtered
2026-06-23,daily,NO,finn.no,mobility_other,dealer,,new_listings,606,listings,0,,vend-scraper-v2/daily_filtered
2026-06-23,daily,NO,finn.no,mobility_other,private,,listings,18107,listings,0,,vend-scraper-v2/daily_filtered
2026-06-23,daily,NO,finn.no,mobility_other,private,,new_listings,933,listings,0,,vend-scraper-v2/daily_filtered
2026-06-23,daily,NO,finn.no,real_estate_homes,,,listings,23048,listings,0,,vend-scraper-v2/daily_filtered
2026-06-23,daily,NO,finn.no,real_estate_homes,,,new_listings,487,listings,0,,vend-scraper-v2/daily_filtered
2026-06-23,daily,NO,finn.no,real_estate_other,,,listings,28309,listings,0,,vend-scraper-v2/daily_filtered
2026-06-23,daily,NO,finn.no,real_estate_other,,,new_listings,567,listings,0,,vend-scraper-v2/daily_filtered
2026-06-23,daily,SE,hemnet.se,real_estate_homes,,,listings,35297,listings,0,,vend-scraper-v2/daily_filtered
2026-06-23,daily,SE,hemnet.se,real_estate_homes,,,new_listings,1842,listings,0,,vend-scraper-v2/daily_filtered
2026-06-23,daily,SE,hemnet.se,real_estate_homes_upcoming,,,listings,6111,listings,0,,vend-scraper-v2/daily_filtered
2026-06-23,daily,NO,hjem.no,real_estate_homes,,,listings,9580,listings,0,,vend-scraper-v2/daily_filtered
2026-06-23,daily,FI,oikotie.fi,real_estate_homes,,,listings,50441,listings,0,,vend-scraper-v2/daily_filtered
2026-06-23,daily,FI,oikotie.fi,real_estate_homes,,,new_listings,725,listings,0,,vend-scraper-v2/daily_filtered
2026-06-23,daily,SE,tradera.com,mobility_cars,dealer,,listings,43909,listings,0,,vend-scraper-v2/daily_filtered
2026-06-23,daily,SE,tradera.com,mobility_cars,private,,listings,2228,listings,0,,vend-scraper-v2/daily_filtered
2026-06-23,daily,SE,wayke.se,mobility_cars,dealer,,listings,52377,listings,0,,vend-scraper-v2/daily_filtered
2026-06-24,daily,DK,bilbasen.dk,mobility_cars,private,,listings,3545,listings,0,,vend-scraper-v2/daily_filtered
2026-06-24,daily,DK,bilhandel.dk,mobility_cars,dealer,,listings,25344,listings,0,,vend-scraper-v2/daily_filtered
2026-06-24,daily,DK,bilhandel.dk,mobility_cars,private,,listings,1998,listings,0,,vend-scraper-v2/daily_filtered
2026-06-24,daily,DK,biltorvet.dk,mobility_cars,dealer,,listings,40635,listings,0,,vend-scraper-v2/daily_filtered
2026-06-24,daily,DK,biltorvet.dk,mobility_cars,private,,listings,1485,listings,0,,vend-scraper-v2/daily_filtered
2026-06-24,daily,SE,blocket.se,mobility_cars,dealer,,listings,124158,listings,0,,vend-scraper-v2/daily_filtered
2026-06-24,daily,SE,blocket.se,mobility_cars,dealer,,new_listings,5447,listings,0,,vend-scraper-v2/daily_filtered
2026-06-24,daily,SE,blocket.se,mobility_cars,private,,listings,24256,listings,0,,vend-scraper-v2/daily_filtered
2026-06-24,daily,SE,blocket.se,mobility_cars,private,,new_listings,1134,listings,0,,vend-scraper-v2/daily_filtered
2026-06-24,daily,SE,blocket.se,mobility_other,dealer,,listings,65302,listings,0,,vend-scraper-v2/daily_filtered
2026-06-24,daily,SE,blocket.se,mobility_other,dealer,,new_listings,1753,listings,0,,vend-scraper-v2/daily_filtered
2026-06-24,daily,SE,blocket.se,mobility_other,private,,listings,25013,listings,0,,vend-scraper-v2/daily_filtered
2026-06-24,daily,SE,blocket.se,mobility_other,private,,new_listings,1000,listings,0,,vend-scraper-v2/daily_filtered
2026-06-24,daily,FI,etuovi.com,real_estate_homes,,,listings,54622,listings,0,,vend-scraper-v2/daily_filtered
2026-06-24,daily,FI,etuovi.com,real_estate_homes,,,new_listings,429,listings,0,,vend-scraper-v2/daily_filtered
2026-06-24,daily,NO,finn.no,jobs_listings,,,listings,14469,listings,0,,vend-scraper-v2/daily_filtered
2026-06-24,daily,NO,finn.no,jobs_listings,,,new_listings,745,listings,0,,vend-scraper-v2/daily_filtered
2026-06-24,daily,NO,finn.no,jobs_positions,,,listings,30063,listings,0,,vend-scraper-v2/daily_filtered
2026-06-24,daily,NO,finn.no,jobs_positions,,,new_listings,1285,listings,0,,vend-scraper-v2/daily_filtered
2026-06-24,daily,NO,finn.no,mobility_cars,dealer,,listings,55369,listings,0,,vend-scraper-v2/daily_filtered
2026-06-24,daily,NO,finn.no,mobility_cars,dealer,,new_listings,1914,listings,0,,vend-scraper-v2/daily_filtered
2026-06-24,daily,NO,finn.no,mobility_cars,private,,listings,16859,listings,0,,vend-scraper-v2/daily_filtered
2026-06-24,daily,NO,finn.no,mobility_cars,private,,new_listings,883,listings,0,,vend-scraper-v2/daily_filtered
2026-06-24,daily,NO,finn.no,mobility_other,dealer,,listings,27212,listings,0,,vend-scraper-v2/daily_filtered
2026-06-24,daily,NO,finn.no,mobility_other,dealer,,new_listings,655,listings,0,,vend-scraper-v2/daily_filtered
2026-06-24,daily,NO,finn.no,mobility_other,private,,listings,17973,listings,0,,vend-scraper-v2/daily_filtered
2026-06-24,daily,NO,finn.no,mobility_other,private,,new_listings,957,listings,0,,vend-scraper-v2/daily_filtered
2026-06-24,daily,NO,finn.no,real_estate_homes,,,listings,23250,listings,0,,vend-scraper-v2/daily_filtered
2026-06-24,daily,NO,finn.no,real_estate_homes,,,new_listings,474,listings,0,,vend-scraper-v2/daily_filtered
2026-06-24,daily,NO,finn.no,real_estate_other,,,listings,28301,listings,0,,vend-scraper-v2/daily_filtered
2026-06-24,daily,NO,finn.no,real_estate_other,,,new_listings,569,listings,0,,vend-scraper-v2/daily_filtered
2026-06-24,daily,SE,hemnet.se,real_estate_homes,,,listings,34967,listings,0,,vend-scraper-v2/daily_filtered
2026-06-24,daily,SE,hemnet.se,real_estate_homes,,,new_listings,1412,listings,0,,vend-scraper-v2/daily_filtered
2026-06-24,daily,SE,hemnet.se,real_estate_homes_upcoming,,,listings,6169,listings,0,,vend-scraper-v2/daily_filtered
2026-06-24,daily,NO,hjem.no,real_estate_homes,,,listings,8868,listings,0,,vend-scraper-v2/daily_filtered
2026-06-24,daily,FI,oikotie.fi,real_estate_homes,,,listings,50502,listings,0,,vend-scraper-v2/daily_filtered
2026-06-24,daily,FI,oikotie.fi,real_estate_homes,,,new_listings,778,listings,0,,vend-scraper-v2/daily_filtered
2026-06-24,daily,SE,tradera.com,mobility_cars,dealer,,listings,44092,listings,0,,vend-scraper-v2/daily_filtered
2026-06-24,daily,SE,tradera.com,mobility_cars,private,,listings,2243,listings,0,,vend-scraper-v2/daily_filtered
2026-06-24,daily,SE,wayke.se,mobility_cars,dealer,,listings,52592,listings,0,,vend-scraper-v2/daily_filtered
2026-06-25,daily,DK,bilbasen.dk,mobility_cars,private,,listings,3565,listings,0,,vend-scraper-v2/daily_filtered
2026-06-25,daily,DK,bilhandel.dk,mobility_cars,dealer,,listings,25539,listings,0,,vend-scraper-v2/daily_filtered
2026-06-25,daily,DK,bilhandel.dk,mobility_cars,private,,listings,2004,listings,0,,vend-scraper-v2/daily_filtered
2026-06-25,daily,DK,biltorvet.dk,mobility_cars,dealer,,listings,40847,listings,0,,vend-scraper-v2/daily_filtered
2026-06-25,daily,DK,biltorvet.dk,mobility_cars,private,,listings,1491,listings,0,,vend-scraper-v2/daily_filtered
2026-06-25,daily,SE,blocket.se,mobility_cars,dealer,,listings,124403,listings,0,,vend-scraper-v2/daily_filtered
2026-06-25,daily,SE,blocket.se,mobility_cars,dealer,,new_listings,5578,listings,0,,vend-scraper-v2/daily_filtered
2026-06-25,daily,SE,blocket.se,mobility_cars,private,,listings,24210,listings,0,,vend-scraper-v2/daily_filtered
2026-06-25,daily,SE,blocket.se,mobility_cars,private,,new_listings,1215,listings,0,,vend-scraper-v2/daily_filtered
2026-06-25,daily,SE,blocket.se,mobility_other,dealer,,listings,65187,listings,0,,vend-scraper-v2/daily_filtered
2026-06-25,daily,SE,blocket.se,mobility_other,dealer,,new_listings,1551,listings,0,,vend-scraper-v2/daily_filtered
2026-06-25,daily,SE,blocket.se,mobility_other,private,,listings,24762,listings,0,,vend-scraper-v2/daily_filtered
2026-06-25,daily,SE,blocket.se,mobility_other,private,,new_listings,961,listings,0,,vend-scraper-v2/daily_filtered
2026-06-25,daily,FI,etuovi.com,real_estate_homes,,,listings,54647,listings,0,,vend-scraper-v2/daily_filtered
2026-06-25,daily,FI,etuovi.com,real_estate_homes,,,new_listings,455,listings,0,,vend-scraper-v2/daily_filtered
2026-06-25,daily,NO,finn.no,jobs_listings,,,listings,14622,listings,0,,vend-scraper-v2/daily_filtered
2026-06-25,daily,NO,finn.no,jobs_listings,,,new_listings,800,listings,0,,vend-scraper-v2/daily_filtered
2026-06-25,daily,NO,finn.no,jobs_positions,,,listings,30241,listings,0,,vend-scraper-v2/daily_filtered
2026-06-25,daily,NO,finn.no,jobs_positions,,,new_listings,1380,listings,0,,vend-scraper-v2/daily_filtered
2026-06-25,daily,NO,finn.no,mobility_cars,dealer,,listings,55359,listings,0,,vend-scraper-v2/daily_filtered
2026-06-25,daily,NO,finn.no,mobility_cars,dealer,,new_listings,1920,listings,0,,vend-scraper-v2/daily_filtered
2026-06-25,daily,NO,finn.no,mobility_cars,private,,listings,16694,listings,0,,vend-scraper-v2/daily_filtered
2026-06-25,daily,NO,finn.no,mobility_cars,private,,new_listings,831,listings,0,,vend-scraper-v2/daily_filtered
2026-06-25,daily,NO,finn.no,mobility_other,dealer,,listings,27088,listings,0,,vend-scraper-v2/daily_filtered
2026-06-25,daily,NO,finn.no,mobility_other,dealer,,new_listings,598,listings,0,,vend-scraper-v2/daily_filtered
2026-06-25,daily,NO,finn.no,mobility_other,private,,listings,17866,listings,0,,vend-scraper-v2/daily_filtered
2026-06-25,daily,NO,finn.no,mobility_other,private,,new_listings,841,listings,0,,vend-scraper-v2/daily_filtered
2026-06-25,daily,NO,finn.no,real_estate_homes,,,listings,22979,listings,0,,vend-scraper-v2/daily_filtered
2026-06-25,daily,NO,finn.no,real_estate_homes,,,new_listings,415,listings,0,,vend-scraper-v2/daily_filtered
2026-06-25,daily,NO,finn.no,real_estate_other,,,listings,28203,listings,0,,vend-scraper-v2/daily_filtered
2026-06-25,daily,NO,finn.no,real_estate_other,,,new_listings,556,listings,0,,vend-scraper-v2/daily_filtered
2026-06-25,daily,SE,hemnet.se,real_estate_homes,,,listings,34588,listings,0,,vend-scraper-v2/daily_filtered
2026-06-25,daily,SE,hemnet.se,real_estate_homes,,,new_listings,1367,listings,0,,vend-scraper-v2/daily_filtered
2026-06-25,daily,SE,hemnet.se,real_estate_homes_upcoming,,,listings,6234,listings,0,,vend-scraper-v2/daily_filtered
2026-06-25,daily,NO,hjem.no,real_estate_homes,,,listings,8719,listings,0,,vend-scraper-v2/daily_filtered
2026-06-25,daily,FI,oikotie.fi,real_estate_homes,,,listings,50536,listings,0,,vend-scraper-v2/daily_filtered
2026-06-25,daily,FI,oikotie.fi,real_estate_homes,,,new_listings,787,listings,0,,vend-scraper-v2/daily_filtered
2026-06-25,daily,SE,tradera.com,mobility_cars,dealer,,listings,44419,listings,0,,vend-scraper-v2/daily_filtered
2026-06-25,daily,SE,tradera.com,mobility_cars,private,,listings,2212,listings,0,,vend-scraper-v2/daily_filtered
2026-06-25,daily,SE,wayke.se,mobility_cars,dealer,,listings,52870,listings,0,,vend-scraper-v2/daily_filtered
2026-06-26,daily,DK,bilbasen.dk,mobility_cars,private,,listings,3536,listings,0,,vend-scraper-v2/daily_filtered
2026-06-26,daily,DK,bilhandel.dk,mobility_cars,dealer,,listings,25474,listings,0,,vend-scraper-v2/daily_filtered
2026-06-26,daily,DK,bilhandel.dk,mobility_cars,private,,listings,2005,listings,0,,vend-scraper-v2/daily_filtered
2026-06-26,daily,DK,biltorvet.dk,mobility_cars,dealer,,listings,41145,listings,0,,vend-scraper-v2/daily_filtered
2026-06-26,daily,DK,biltorvet.dk,mobility_cars,private,,listings,1488,listings,0,,vend-scraper-v2/daily_filtered
2026-06-26,daily,SE,blocket.se,mobility_cars,dealer,,listings,124580,listings,0,,vend-scraper-v2/daily_filtered
2026-06-26,daily,SE,blocket.se,mobility_cars,dealer,,new_listings,6066,listings,0,,vend-scraper-v2/daily_filtered
2026-06-26,daily,SE,blocket.se,mobility_cars,private,,listings,24103,listings,0,,vend-scraper-v2/daily_filtered
2026-06-26,daily,SE,blocket.se,mobility_cars,private,,new_listings,1093,listings,0,,vend-scraper-v2/daily_filtered
2026-06-26,daily,SE,blocket.se,mobility_other,dealer,,listings,65452,listings,0,,vend-scraper-v2/daily_filtered
2026-06-26,daily,SE,blocket.se,mobility_other,dealer,,new_listings,2008,listings,0,,vend-scraper-v2/daily_filtered
2026-06-26,daily,SE,blocket.se,mobility_other,private,,listings,24696,listings,0,,vend-scraper-v2/daily_filtered
2026-06-26,daily,SE,blocket.se,mobility_other,private,,new_listings,992,listings,0,,vend-scraper-v2/daily_filtered
2026-06-26,daily,FI,etuovi.com,real_estate_homes,,,listings,54672,listings,0,,vend-scraper-v2/daily_filtered
2026-06-26,daily,FI,etuovi.com,real_estate_homes,,,new_listings,478,listings,0,,vend-scraper-v2/daily_filtered
2026-06-26,daily,NO,finn.no,jobs_listings,,,listings,14957,listings,0,,vend-scraper-v2/daily_filtered
2026-06-26,daily,NO,finn.no,jobs_listings,,,new_listings,812,listings,0,,vend-scraper-v2/daily_filtered
2026-06-26,daily,NO,finn.no,jobs_positions,,,listings,30718,listings,0,,vend-scraper-v2/daily_filtered
2026-06-26,daily,NO,finn.no,jobs_positions,,,new_listings,1219,listings,0,,vend-scraper-v2/daily_filtered
2026-06-26,daily,NO,finn.no,mobility_cars,dealer,,listings,55351,listings,0,,vend-scraper-v2/daily_filtered
2026-06-26,daily,NO,finn.no,mobility_cars,dealer,,new_listings,1627,listings,0,,vend-scraper-v2/daily_filtered
2026-06-26,daily,NO,finn.no,mobility_cars,private,,listings,16458,listings,0,,vend-scraper-v2/daily_filtered
2026-06-26,daily,NO,finn.no,mobility_cars,private,,new_listings,627,listings,0,,vend-scraper-v2/daily_filtered
2026-06-26,daily,NO,finn.no,mobility_other,dealer,,listings,27170,listings,0,,vend-scraper-v2/daily_filtered
2026-06-26,daily,NO,finn.no,mobility_other,dealer,,new_listings,648,listings,0,,vend-scraper-v2/daily_filtered
2026-06-26,daily,NO,finn.no,mobility_other,private,,listings,17632,listings,0,,vend-scraper-v2/daily_filtered
2026-06-26,daily,NO,finn.no,mobility_other,private,,new_listings,701,listings,0,,vend-scraper-v2/daily_filtered
2026-06-26,daily,NO,finn.no,real_estate_homes,,,listings,22565,listings,0,,vend-scraper-v2/daily_filtered
2026-06-26,daily,NO,finn.no,real_estate_homes,,,new_listings,500,listings,0,,vend-scraper-v2/daily_filtered
2026-06-26,daily,NO,finn.no,real_estate_other,,,listings,28150,listings,0,,vend-scraper-v2/daily_filtered
2026-06-26,daily,NO,finn.no,real_estate_other,,,new_listings,509,listings,0,,vend-scraper-v2/daily_filtered
2026-06-26,daily,SE,hemnet.se,real_estate_homes,,,listings,34309,listings,0,,vend-scraper-v2/daily_filtered
2026-06-26,daily,SE,hemnet.se,real_estate_homes,,,new_listings,1409,listings,0,,vend-scraper-v2/daily_filtered
2026-06-26,daily,SE,hemnet.se,real_estate_homes_upcoming,,,listings,6290,listings,0,,vend-scraper-v2/daily_filtered
2026-06-26,daily,NO,hjem.no,real_estate_homes,,,listings,8536,listings,0,,vend-scraper-v2/daily_filtered
2026-06-26,daily,FI,oikotie.fi,real_estate_homes,,,listings,50567,listings,0,,vend-scraper-v2/daily_filtered
2026-06-26,daily,FI,oikotie.fi,real_estate_homes,,,new_listings,794,listings,0,,vend-scraper-v2/daily_filtered
2026-06-26,daily,SE,tradera.com,mobility_cars,dealer,,listings,44938,listings,0,,vend-scraper-v2/daily_filtered
2026-06-26,daily,SE,tradera.com,mobility_cars,private,,listings,2215,listings,0,,vend-scraper-v2/daily_filtered
2026-06-26,daily,SE,wayke.se,mobility_cars,dealer,,listings,53157,listings,0,,vend-scraper-v2/daily_filtered
2026-06-27,daily,DK,bilbasen.dk,mobility_cars,private,,listings,3532,listings,0,,vend-scraper-v2/daily_filtered
2026-06-27,daily,DK,bilhandel.dk,mobility_cars,dealer,,listings,25475,listings,0,,vend-scraper-v2/daily_filtered
2026-06-27,daily,DK,bilhandel.dk,mobility_cars,private,,listings,2011,listings,0,,vend-scraper-v2/daily_filtered
2026-06-27,daily,DK,biltorvet.dk,mobility_cars,dealer,,listings,41169,listings,0,,vend-scraper-v2/daily_filtered
2026-06-27,daily,DK,biltorvet.dk,mobility_cars,private,,listings,1498,listings,0,,vend-scraper-v2/daily_filtered
2026-06-27,daily,SE,blocket.se,mobility_cars,dealer,,listings,124021,listings,0,,vend-scraper-v2/daily_filtered
2026-06-27,daily,SE,blocket.se,mobility_cars,dealer,,new_listings,2747,listings,0,,vend-scraper-v2/daily_filtered
2026-06-27,daily,SE,blocket.se,mobility_cars,private,,listings,24075,listings,0,,vend-scraper-v2/daily_filtered
2026-06-27,daily,SE,blocket.se,mobility_cars,private,,new_listings,995,listings,0,,vend-scraper-v2/daily_filtered
2026-06-27,daily,SE,blocket.se,mobility_other,dealer,,listings,65379,listings,0,,vend-scraper-v2/daily_filtered
2026-06-27,daily,SE,blocket.se,mobility_other,dealer,,new_listings,538,listings,0,,vend-scraper-v2/daily_filtered
2026-06-27,daily,SE,blocket.se,mobility_other,private,,listings,24549,listings,0,,vend-scraper-v2/daily_filtered
2026-06-27,daily,SE,blocket.se,mobility_other,private,,new_listings,906,listings,0,,vend-scraper-v2/daily_filtered
2026-06-27,daily,FI,etuovi.com,real_estate_homes,,,listings,54688,listings,0,,vend-scraper-v2/daily_filtered
2026-06-27,daily,FI,etuovi.com,real_estate_homes,,,new_listings,202,listings,0,,vend-scraper-v2/daily_filtered
2026-06-27,daily,NO,finn.no,jobs_listings,,,listings,14515,listings,0,,vend-scraper-v2/daily_filtered
2026-06-27,daily,NO,finn.no,jobs_listings,,,new_listings,68,listings,0,,vend-scraper-v2/daily_filtered
2026-06-27,daily,NO,finn.no,jobs_positions,,,listings,29956,listings,0,,vend-scraper-v2/daily_filtered
2026-06-27,daily,NO,finn.no,jobs_positions,,,new_listings,139,listings,0,,vend-scraper-v2/daily_filtered
2026-06-27,daily,NO,finn.no,mobility_cars,dealer,,listings,54829,listings,0,,vend-scraper-v2/daily_filtered
2026-06-27,daily,NO,finn.no,mobility_cars,dealer,,new_listings,600,listings,0,,vend-scraper-v2/daily_filtered
2026-06-27,daily,NO,finn.no,mobility_cars,private,,listings,16363,listings,0,,vend-scraper-v2/daily_filtered
2026-06-27,daily,NO,finn.no,mobility_cars,private,,new_listings,650,listings,0,,vend-scraper-v2/daily_filtered
2026-06-27,daily,NO,finn.no,mobility_other,dealer,,listings,27026,listings,0,,vend-scraper-v2/daily_filtered
2026-06-27,daily,NO,finn.no,mobility_other,dealer,,new_listings,186,listings,0,,vend-scraper-v2/daily_filtered
2026-06-27,daily,NO,finn.no,mobility_other,private,,listings,17588,listings,0,,vend-scraper-v2/daily_filtered
2026-06-27,daily,NO,finn.no,mobility_other,private,,new_listings,806,listings,0,,vend-scraper-v2/daily_filtered
2026-06-27,daily,NO,finn.no,real_estate_homes,,,listings,22269,listings,0,,vend-scraper-v2/daily_filtered
2026-06-27,daily,NO,finn.no,real_estate_homes,,,new_listings,165,listings,0,,vend-scraper-v2/daily_filtered
2026-06-27,daily,NO,finn.no,real_estate_other,,,listings,28039,listings,0,,vend-scraper-v2/daily_filtered
2026-06-27,daily,NO,finn.no,real_estate_other,,,new_listings,310,listings,0,,vend-scraper-v2/daily_filtered
2026-06-27,daily,SE,hemnet.se,real_estate_homes,,,listings,34265,listings,0,,vend-scraper-v2/daily_filtered
2026-06-27,daily,SE,hemnet.se,real_estate_homes,,,new_listings,1054,listings,0,,vend-scraper-v2/daily_filtered
2026-06-27,daily,SE,hemnet.se,real_estate_homes_upcoming,,,listings,6303,listings,0,,vend-scraper-v2/daily_filtered
2026-06-27,daily,NO,hjem.no,real_estate_homes,,,listings,8401,listings,0,,vend-scraper-v2/daily_filtered
2026-06-27,daily,FI,oikotie.fi,real_estate_homes,,,listings,50574,listings,0,,vend-scraper-v2/daily_filtered
2026-06-27,daily,FI,oikotie.fi,real_estate_homes,,,new_listings,598,listings,0,,vend-scraper-v2/daily_filtered
2026-06-27,daily,SE,tradera.com,mobility_cars,dealer,,listings,44652,listings,0,,vend-scraper-v2/daily_filtered
2026-06-27,daily,SE,tradera.com,mobility_cars,private,,listings,2215,listings,0,,vend-scraper-v2/daily_filtered
2026-06-27,daily,SE,wayke.se,mobility_cars,dealer,,listings,52922,listings,0,,vend-scraper-v2/daily_filtered
2026-06-28,daily,DK,bilbasen.dk,mobility_cars,private,,listings,3525,listings,0,,vend-scraper-v2/daily_filtered
2026-06-28,daily,DK,bilhandel.dk,mobility_cars,dealer,,listings,25267,listings,0,,vend-scraper-v2/daily_filtered
2026-06-28,daily,DK,bilhandel.dk,mobility_cars,private,,listings,2014,listings,0,,vend-scraper-v2/daily_filtered
2026-06-28,daily,DK,biltorvet.dk,mobility_cars,dealer,,listings,40873,listings,0,,vend-scraper-v2/daily_filtered
2026-06-28,daily,DK,biltorvet.dk,mobility_cars,private,,listings,1501,listings,0,,vend-scraper-v2/daily_filtered
2026-06-28,daily,SE,blocket.se,mobility_cars,dealer,,listings,123796,listings,0,,vend-scraper-v2/daily_filtered
2026-06-28,daily,SE,blocket.se,mobility_cars,dealer,,new_listings,1862,listings,0,,vend-scraper-v2/daily_filtered
2026-06-28,daily,SE,blocket.se,mobility_cars,private,,listings,23969,listings,0,,vend-scraper-v2/daily_filtered
2026-06-28,daily,SE,blocket.se,mobility_cars,private,,new_listings,1208,listings,0,,vend-scraper-v2/daily_filtered
2026-06-28,daily,SE,blocket.se,mobility_other,dealer,,listings,65144,listings,0,,vend-scraper-v2/daily_filtered
2026-06-28,daily,SE,blocket.se,mobility_other,dealer,,new_listings,382,listings,0,,vend-scraper-v2/daily_filtered
2026-06-28,daily,SE,blocket.se,mobility_other,private,,listings,24520,listings,0,,vend-scraper-v2/daily_filtered
2026-06-28,daily,SE,blocket.se,mobility_other,private,,new_listings,1282,listings,0,,vend-scraper-v2/daily_filtered
2026-06-28,daily,FI,etuovi.com,real_estate_homes,,,listings,54600,listings,0,,vend-scraper-v2/daily_filtered
2026-06-28,daily,FI,etuovi.com,real_estate_homes,,,new_listings,132,listings,0,,vend-scraper-v2/daily_filtered
2026-06-28,daily,NO,finn.no,jobs_listings,,,listings,14464,listings,0,,vend-scraper-v2/daily_filtered
2026-06-28,daily,NO,finn.no,jobs_listings,,,new_listings,63,listings,0,,vend-scraper-v2/daily_filtered
2026-06-28,daily,NO,finn.no,jobs_positions,,,listings,29849,listings,0,,vend-scraper-v2/daily_filtered
2026-06-28,daily,NO,finn.no,jobs_positions,,,new_listings,115,listings,0,,vend-scraper-v2/daily_filtered
2026-06-28,daily,NO,finn.no,mobility_cars,dealer,,listings,53969,listings,0,,vend-scraper-v2/daily_filtered
2026-06-28,daily,NO,finn.no,mobility_cars,dealer,,new_listings,371,listings,0,,vend-scraper-v2/daily_filtered
2026-06-28,daily,NO,finn.no,mobility_cars,private,,listings,16514,listings,0,,vend-scraper-v2/daily_filtered
2026-06-28,daily,NO,finn.no,mobility_cars,private,,new_listings,925,listings,0,,vend-scraper-v2/daily_filtered
2026-06-28,daily,NO,finn.no,mobility_other,dealer,,listings,26698,listings,0,,vend-scraper-v2/daily_filtered
2026-06-28,daily,NO,finn.no,mobility_other,dealer,,new_listings,243,listings,0,,vend-scraper-v2/daily_filtered
2026-06-28,daily,NO,finn.no,mobility_other,private,,listings,17660,listings,0,,vend-scraper-v2/daily_filtered
2026-06-28,daily,NO,finn.no,mobility_other,private,,new_listings,1058,listings,0,,vend-scraper-v2/daily_filtered
2026-06-28,daily,NO,finn.no,real_estate_homes,,,listings,21816,listings,0,,vend-scraper-v2/daily_filtered
2026-06-28,daily,NO,finn.no,real_estate_homes,,,new_listings,120,listings,0,,vend-scraper-v2/daily_filtered
2026-06-28,weekly,NO,finn.no,real_estate_homes,,large,package_count,13610,listings,0,,finn-bolig-packages/packages_history
2026-06-28,weekly,NO,finn.no,real_estate_homes,,large,package_share,62.4,pct,0,,finn-bolig-packages/packages_history
2026-06-28,weekly,NO,finn.no,real_estate_homes,,medium,package_count,7548,listings,0,,finn-bolig-packages/packages_history
2026-06-28,weekly,NO,finn.no,real_estate_homes,,medium,package_share,34.6,pct,0,,finn-bolig-packages/packages_history
2026-06-28,weekly,NO,finn.no,real_estate_homes,,small,package_count,657,listings,0,,finn-bolig-packages/packages_history
2026-06-28,weekly,NO,finn.no,real_estate_homes,,small,package_share,3,pct,0,,finn-bolig-packages/packages_history
2026-06-28,daily,NO,finn.no,real_estate_other,,,listings,27969,listings,0,,vend-scraper-v2/daily_filtered
2026-06-28,daily,NO,finn.no,real_estate_other,,,new_listings,446,listings,0,,vend-scraper-v2/daily_filtered
2026-06-28,daily,SE,hemnet.se,real_estate_homes,,,listings,34159,listings,0,,vend-scraper-v2/daily_filtered
2026-06-28,daily,SE,hemnet.se,real_estate_homes,,,new_listings,592,listings,0,,vend-scraper-v2/daily_filtered
2026-06-28,daily,SE,hemnet.se,real_estate_homes_upcoming,,,listings,6328,listings,0,,vend-scraper-v2/daily_filtered
2026-06-28,daily,NO,hjem.no,real_estate_homes,,,listings,8205,listings,0,,vend-scraper-v2/daily_filtered
2026-06-28,daily,FI,oikotie.fi,real_estate_homes,,,listings,50536,listings,0,,vend-scraper-v2/daily_filtered
2026-06-28,daily,FI,oikotie.fi,real_estate_homes,,,new_listings,316,listings,0,,vend-scraper-v2/daily_filtered
2026-06-28,daily,SE,tradera.com,mobility_cars,dealer,,listings,44455,listings,0,,vend-scraper-v2/daily_filtered
2026-06-28,daily,SE,tradera.com,mobility_cars,private,,listings,2227,listings,0,,vend-scraper-v2/daily_filtered
2026-06-28,daily,SE,wayke.se,mobility_cars,dealer,,listings,52629,listings,0,,vend-scraper-v2/daily_filtered
2026-06-29,daily,DK,bilbasen.dk,mobility_cars,private,,listings,3486,listings,0,,vend-scraper-v2/daily_filtered
2026-06-29,daily,DK,bilhandel.dk,mobility_cars,dealer,,listings,25426,listings,0,,vend-scraper-v2/daily_filtered
2026-06-29,daily,DK,bilhandel.dk,mobility_cars,private,,listings,2007,listings,0,,vend-scraper-v2/daily_filtered
2026-06-29,daily,DK,biltorvet.dk,mobility_cars,dealer,,listings,40928,listings,0,,vend-scraper-v2/daily_filtered
2026-06-29,daily,DK,biltorvet.dk,mobility_cars,private,,listings,1504,listings,0,,vend-scraper-v2/daily_filtered
2026-06-29,daily,SE,blocket.se,mobility_cars,dealer,,listings,123185,listings,0,,vend-scraper-v2/daily_filtered
2026-06-29,daily,SE,blocket.se,mobility_cars,dealer,,new_listings,4474,listings,0,,vend-scraper-v2/daily_filtered
2026-06-29,weekly,SE,blocket.se,mobility_cars,dealer,basis,package_sample_count,3751,sampled_listings,1,,finn-mobility-packages/weekly_package_mix
2026-06-29,weekly,SE,blocket.se,mobility_cars,dealer,basis,package_share,61.1,pct,1,,finn-mobility-packages/weekly_package_mix
2026-06-29,weekly,SE,blocket.se,mobility_cars,dealer,pluss,package_sample_count,331,sampled_listings,1,,finn-mobility-packages/weekly_package_mix
2026-06-29,weekly,SE,blocket.se,mobility_cars,dealer,pluss,package_share,5.4,pct,1,,finn-mobility-packages/weekly_package_mix
2026-06-29,weekly,SE,blocket.se,mobility_cars,dealer,premium,package_sample_count,2056,sampled_listings,1,,finn-mobility-packages/weekly_package_mix
2026-06-29,weekly,SE,blocket.se,mobility_cars,dealer,premium,package_share,33.5,pct,1,,finn-mobility-packages/weekly_package_mix
2026-06-29,daily,SE,blocket.se,mobility_cars,private,,listings,24090,listings,0,,vend-scraper-v2/daily_filtered
2026-06-29,daily,SE,blocket.se,mobility_cars,private,,new_listings,1247,listings,0,,vend-scraper-v2/daily_filtered
2026-06-29,daily,SE,blocket.se,mobility_other,dealer,,listings,64988,listings,0,,vend-scraper-v2/daily_filtered
2026-06-29,daily,SE,blocket.se,mobility_other,dealer,,new_listings,2280,listings,0,,vend-scraper-v2/daily_filtered
2026-06-29,daily,SE,blocket.se,mobility_other,private,,listings,24568,listings,0,,vend-scraper-v2/daily_filtered
2026-06-29,daily,SE,blocket.se,mobility_other,private,,new_listings,1118,listings,0,,vend-scraper-v2/daily_filtered
2026-06-29,daily,FI,etuovi.com,real_estate_homes,,,listings,54546,listings,0,,vend-scraper-v2/daily_filtered
2026-06-29,daily,FI,etuovi.com,real_estate_homes,,,new_listings,353,listings,0,,vend-scraper-v2/daily_filtered
2026-06-29,daily,NO,finn.no,jobs_listings,,,listings,14621,listings,0,,vend-scraper-v2/daily_filtered
2026-06-29,daily,NO,finn.no,jobs_listings,,,new_listings,901,listings,0,,vend-scraper-v2/daily_filtered
2026-06-29,daily,NO,finn.no,jobs_positions,,,listings,30101,listings,0,,vend-scraper-v2/daily_filtered
2026-06-29,daily,NO,finn.no,jobs_positions,,,new_listings,1596,listings,0,,vend-scraper-v2/daily_filtered
2026-06-29,daily,NO,finn.no,mobility_cars,dealer,,listings,53795,listings,0,,vend-scraper-v2/daily_filtered
2026-06-29,daily,NO,finn.no,mobility_cars,dealer,,new_listings,1575,listings,0,,vend-scraper-v2/daily_filtered
2026-06-29,weekly,NO,finn.no,mobility_cars,dealer,basis,package_sample_count,782,sampled_listings,1,,finn-mobility-packages/weekly_package_mix
2026-06-29,weekly,NO,finn.no,mobility_cars,dealer,basis,package_share,28.6,pct,1,,finn-mobility-packages/weekly_package_mix
2026-06-29,weekly,NO,finn.no,mobility_cars,dealer,pluss,package_sample_count,801,sampled_listings,1,,finn-mobility-packages/weekly_package_mix
2026-06-29,weekly,NO,finn.no,mobility_cars,dealer,pluss,package_share,29.3,pct,1,,finn-mobility-packages/weekly_package_mix
2026-06-29,weekly,NO,finn.no,mobility_cars,dealer,premium,package_sample_count,1148,sampled_listings,1,,finn-mobility-packages/weekly_package_mix
2026-06-29,weekly,NO,finn.no,mobility_cars,dealer,premium,package_share,42,pct,1,,finn-mobility-packages/weekly_package_mix
2026-06-29,daily,NO,finn.no,mobility_cars,private,,listings,16542,listings,0,,vend-scraper-v2/daily_filtered
2026-06-29,daily,NO,finn.no,mobility_cars,private,,new_listings,946,listings,0,,vend-scraper-v2/daily_filtered
2026-06-29,daily,NO,finn.no,mobility_other,dealer,,listings,26713,listings,0,,vend-scraper-v2/daily_filtered
2026-06-29,daily,NO,finn.no,mobility_other,dealer,,new_listings,630,listings,0,,vend-scraper-v2/daily_filtered
2026-06-29,daily,NO,finn.no,mobility_other,private,,listings,17721,listings,0,,vend-scraper-v2/daily_filtered
2026-06-29,daily,NO,finn.no,mobility_other,private,,new_listings,1048,listings,0,,vend-scraper-v2/daily_filtered
2026-06-29,daily,NO,finn.no,real_estate_homes,,,listings,21283,listings,0,,vend-scraper-v2/daily_filtered
2026-06-29,daily,NO,finn.no,real_estate_homes,,,new_listings,323,listings,0,,vend-scraper-v2/daily_filtered
2026-06-29,daily,NO,finn.no,real_estate_other,,,listings,28057,listings,0,,vend-scraper-v2/daily_filtered
2026-06-29,daily,NO,finn.no,real_estate_other,,,new_listings,698,listings,0,,vend-scraper-v2/daily_filtered
2026-06-29,daily,SE,hemnet.se,real_estate_homes,,,listings,33713,listings,0,,vend-scraper-v2/daily_filtered
2026-06-29,daily,SE,hemnet.se,real_estate_homes,,,new_listings,1172,listings,0,,vend-scraper-v2/daily_filtered
2026-06-29,daily,SE,hemnet.se,real_estate_homes_upcoming,,,listings,6437,listings,0,,vend-scraper-v2/daily_filtered
2026-06-29,daily,NO,hjem.no,real_estate_homes,,,listings,7990,listings,0,,vend-scraper-v2/daily_filtered
2026-06-29,daily,FI,oikotie.fi,real_estate_homes,,,listings,50433,listings,0,,vend-scraper-v2/daily_filtered
2026-06-29,daily,FI,oikotie.fi,real_estate_homes,,,new_listings,465,listings,0,,vend-scraper-v2/daily_filtered
2026-06-29,daily,SE,tradera.com,mobility_cars,dealer,,listings,44797,listings,0,,vend-scraper-v2/daily_filtered
2026-06-29,daily,SE,tradera.com,mobility_cars,private,,listings,2218,listings,0,,vend-scraper-v2/daily_filtered
2026-06-29,daily,SE,wayke.se,mobility_cars,dealer,,listings,52215,listings,0,,vend-scraper-v2/daily_filtered
2026-06-30,daily,DK,bilbasen.dk,mobility_cars,private,,listings,3471,listings,0,,vend-scraper-v2/daily_filtered
2026-06-30,daily,DK,bilhandel.dk,mobility_cars,dealer,,listings,25003,listings,0,,vend-scraper-v2/daily_filtered
2026-06-30,daily,DK,bilhandel.dk,mobility_cars,private,,listings,1984,listings,0,,vend-scraper-v2/daily_filtered
2026-06-30,daily,DK,biltorvet.dk,mobility_cars,dealer,,listings,41194,listings,0,,vend-scraper-v2/daily_filtered
2026-06-30,daily,DK,biltorvet.dk,mobility_cars,private,,listings,1497,listings,0,,vend-scraper-v2/daily_filtered
2026-06-30,daily,SE,blocket.se,mobility_cars,dealer,,listings,123278,listings,0,,vend-scraper-v2/daily_filtered
2026-06-30,daily,SE,blocket.se,mobility_cars,dealer,,new_listings,5166,listings,0,,vend-scraper-v2/daily_filtered
2026-06-30,daily,SE,blocket.se,mobility_cars,private,,listings,24091,listings,0,,vend-scraper-v2/daily_filtered
2026-06-30,daily,SE,blocket.se,mobility_cars,private,,new_listings,1162,listings,0,,vend-scraper-v2/daily_filtered
2026-06-30,daily,SE,blocket.se,mobility_other,dealer,,listings,64821,listings,0,,vend-scraper-v2/daily_filtered
2026-06-30,daily,SE,blocket.se,mobility_other,dealer,,new_listings,1359,listings,0,,vend-scraper-v2/daily_filtered
2026-06-30,daily,SE,blocket.se,mobility_other,private,,listings,24444,listings,0,,vend-scraper-v2/daily_filtered
2026-06-30,daily,SE,blocket.se,mobility_other,private,,new_listings,1042,listings,0,,vend-scraper-v2/daily_filtered
2026-06-30,daily,FI,etuovi.com,real_estate_homes,,,listings,54401,listings,0,,vend-scraper-v2/daily_filtered
2026-06-30,daily,FI,etuovi.com,real_estate_homes,,,new_listings,399,listings,0,,vend-scraper-v2/daily_filtered
2026-06-30,daily,NO,finn.no,jobs_listings,,,listings,15164,listings,0,,vend-scraper-v2/daily_filtered
2026-06-30,daily,NO,finn.no,jobs_listings,,,new_listings,1047,listings,0,,vend-scraper-v2/daily_filtered
2026-06-30,daily,NO,finn.no,jobs_positions,,,listings,31140,listings,0,,vend-scraper-v2/daily_filtered
2026-06-30,daily,NO,finn.no,jobs_positions,,,new_listings,2063,listings,0,,vend-scraper-v2/daily_filtered
2026-06-30,daily,NO,finn.no,mobility_cars,dealer,,listings,54209,listings,0,,vend-scraper-v2/daily_filtered
2026-06-30,daily,NO,finn.no,mobility_cars,dealer,,new_listings,1670,listings,0,,vend-scraper-v2/daily_filtered
2026-06-30,daily,NO,finn.no,mobility_cars,private,,listings,16409,listings,0,,vend-scraper-v2/daily_filtered
2026-06-30,daily,NO,finn.no,mobility_cars,private,,new_listings,817,listings,0,,vend-scraper-v2/daily_filtered
2026-06-30,daily,NO,finn.no,mobility_other,dealer,,listings,26825,listings,0,,vend-scraper-v2/daily_filtered
2026-06-30,daily,NO,finn.no,mobility_other,dealer,,new_listings,633,listings,0,,vend-scraper-v2/daily_filtered
2026-06-30,daily,NO,finn.no,mobility_other,private,,listings,17556,listings,0,,vend-scraper-v2/daily_filtered
2026-06-30,daily,NO,finn.no,mobility_other,private,,new_listings,903,listings,0,,vend-scraper-v2/daily_filtered
2026-06-30,daily,NO,finn.no,real_estate_homes,,,listings,21229,listings,0,,vend-scraper-v2/daily_filtered
2026-06-30,daily,NO,finn.no,real_estate_homes,,,new_listings,271,listings,0,,vend-scraper-v2/daily_filtered
2026-06-30,daily,NO,finn.no,real_estate_other,,,listings,28077,listings,0,,vend-scraper-v2/daily_filtered
2026-06-30,daily,NO,finn.no,real_estate_other,,,new_listings,581,listings,0,,vend-scraper-v2/daily_filtered
2026-06-30,daily,SE,hemnet.se,real_estate_homes,,,listings,33183,listings,0,,vend-scraper-v2/daily_filtered
2026-06-30,daily,SE,hemnet.se,real_estate_homes,,,new_listings,1355,listings,0,,vend-scraper-v2/daily_filtered
2026-06-30,daily,SE,hemnet.se,real_estate_homes_upcoming,,,listings,6569,listings,0,,vend-scraper-v2/daily_filtered
2026-06-30,daily,NO,hjem.no,real_estate_homes,,,listings,7933,listings,0,,vend-scraper-v2/daily_filtered
2026-06-30,daily,FI,oikotie.fi,real_estate_homes,,,listings,50313,listings,0,,vend-scraper-v2/daily_filtered
2026-06-30,daily,FI,oikotie.fi,real_estate_homes,,,new_listings,689,listings,0,,vend-scraper-v2/daily_filtered
2026-06-30,daily,SE,tradera.com,mobility_cars,dealer,,listings,46271,listings,0,,vend-scraper-v2/daily_filtered
2026-06-30,daily,SE,tradera.com,mobility_cars,private,,listings,2256,listings,0,,vend-scraper-v2/daily_filtered
2026-06-30,daily,SE,wayke.se,mobility_cars,dealer,,listings,52507,listings,0,,vend-scraper-v2/daily_filtered
2026-07-01,daily,DK,bilbasen.dk,mobility_cars,private,,listings,3440,listings,0,,vend-scraper-v2/daily_filtered
2026-07-01,daily,DK,bilhandel.dk,mobility_cars,dealer,,listings,24908,listings,0,,vend-scraper-v2/daily_filtered
2026-07-01,daily,DK,bilhandel.dk,mobility_cars,private,,listings,1992,listings,0,,vend-scraper-v2/daily_filtered
2026-07-01,daily,DK,biltorvet.dk,mobility_cars,dealer,,listings,41430,listings,0,,vend-scraper-v2/daily_filtered
2026-07-01,daily,DK,biltorvet.dk,mobility_cars,private,,listings,1493,listings,0,,vend-scraper-v2/daily_filtered
2026-07-01,daily,SE,blocket.se,mobility_cars,dealer,,listings,123176,listings,0,,vend-scraper-v2/daily_filtered
2026-07-01,daily,SE,blocket.se,mobility_cars,dealer,,new_listings,5034,listings,0,,vend-scraper-v2/daily_filtered
2026-07-01,daily,SE,blocket.se,mobility_cars,private,,listings,24032,listings,0,,vend-scraper-v2/daily_filtered
2026-07-01,daily,SE,blocket.se,mobility_cars,private,,new_listings,1178,listings,0,,vend-scraper-v2/daily_filtered
2026-07-01,daily,SE,blocket.se,mobility_other,dealer,,listings,64785,listings,0,,vend-scraper-v2/daily_filtered
2026-07-01,daily,SE,blocket.se,mobility_other,dealer,,new_listings,1608,listings,0,,vend-scraper-v2/daily_filtered
2026-07-01,daily,SE,blocket.se,mobility_other,private,,listings,24409,listings,0,,vend-scraper-v2/daily_filtered
2026-07-01,daily,SE,blocket.se,mobility_other,private,,new_listings,1119,listings,0,,vend-scraper-v2/daily_filtered
2026-07-01,daily,FI,etuovi.com,real_estate_homes,,,listings,54350,listings,0,,vend-scraper-v2/daily_filtered
2026-07-01,daily,FI,etuovi.com,real_estate_homes,,,new_listings,517,listings,0,,vend-scraper-v2/daily_filtered
2026-07-01,daily,NO,finn.no,jobs_listings,,,listings,14630,listings,0,,vend-scraper-v2/daily_filtered
2026-07-01,daily,NO,finn.no,jobs_listings,,,new_listings,993,listings,0,,vend-scraper-v2/daily_filtered
2026-07-01,daily,NO,finn.no,jobs_positions,,,listings,29327,listings,0,,vend-scraper-v2/daily_filtered
2026-07-01,daily,NO,finn.no,jobs_positions,,,new_listings,1808,listings,0,,vend-scraper-v2/daily_filtered
2026-07-01,daily,NO,finn.no,mobility_cars,dealer,,listings,54982,listings,0,,vend-scraper-v2/daily_filtered
2026-07-01,daily,NO,finn.no,mobility_cars,dealer,,new_listings,1865,listings,0,,vend-scraper-v2/daily_filtered
2026-07-01,daily,NO,finn.no,mobility_cars,private,,listings,16458,listings,0,,vend-scraper-v2/daily_filtered
2026-07-01,daily,NO,finn.no,mobility_cars,private,,new_listings,892,listings,0,,vend-scraper-v2/daily_filtered
2026-07-01,daily,NO,finn.no,mobility_other,dealer,,listings,27045,listings,0,,vend-scraper-v2/daily_filtered
2026-07-01,daily,NO,finn.no,mobility_other,dealer,,new_listings,615,listings,0,,vend-scraper-v2/daily_filtered
2026-07-01,daily,NO,finn.no,mobility_other,private,,listings,17525,listings,0,,vend-scraper-v2/daily_filtered
2026-07-01,daily,NO,finn.no,mobility_other,private,,new_listings,949,listings,0,,vend-scraper-v2/daily_filtered
2026-07-01,daily,NO,finn.no,real_estate_homes,,,listings,21179,listings,0,,vend-scraper-v2/daily_filtered
2026-07-01,daily,NO,finn.no,real_estate_homes,,,new_listings,223,listings,0,,vend-scraper-v2/daily_filtered
2026-07-01,daily,NO,finn.no,real_estate_other,,,listings,28142,listings,0,,vend-scraper-v2/daily_filtered
2026-07-01,daily,NO,finn.no,real_estate_other,,,new_listings,652,listings,0,,vend-scraper-v2/daily_filtered
2026-07-01,daily,SE,hemnet.se,real_estate_homes,,,listings,32710,listings,0,,vend-scraper-v2/daily_filtered
2026-07-01,daily,SE,hemnet.se,real_estate_homes,,,new_listings,1085,listings,0,,vend-scraper-v2/daily_filtered
2026-07-01,daily,SE,hemnet.se,real_estate_homes_upcoming,,,listings,6810,listings,0,,vend-scraper-v2/daily_filtered
2026-07-01,daily,NO,hjem.no,real_estate_homes,,,listings,7896,listings,0,,vend-scraper-v2/daily_filtered
2026-07-01,daily,FI,oikotie.fi,real_estate_homes,,,listings,50282,listings,0,,vend-scraper-v2/daily_filtered
2026-07-01,daily,FI,oikotie.fi,real_estate_homes,,,new_listings,807,listings,0,,vend-scraper-v2/daily_filtered
2026-07-01,daily,SE,tradera.com,mobility_cars,dealer,,listings,46252,listings,0,,vend-scraper-v2/daily_filtered
2026-07-01,daily,SE,tradera.com,mobility_cars,private,,listings,2267,listings,0,,vend-scraper-v2/daily_filtered
2026-07-01,daily,SE,wayke.se,mobility_cars,dealer,,listings,51775,listings,0,,vend-scraper-v2/daily_filtered
2026-07-02,daily,DK,bilbasen.dk,mobility_cars,private,,listings,3420,listings,0,,vend-scraper-v2/daily_filtered
2026-07-02,daily,DK,bilhandel.dk,mobility_cars,dealer,,listings,25093,listings,0,,vend-scraper-v2/daily_filtered
2026-07-02,daily,DK,bilhandel.dk,mobility_cars,private,,listings,1998,listings,0,,vend-scraper-v2/daily_filtered
2026-07-02,daily,DK,biltorvet.dk,mobility_cars,dealer,,listings,41545,listings,0,,vend-scraper-v2/daily_filtered
2026-07-02,daily,DK,biltorvet.dk,mobility_cars,private,,listings,1487,listings,0,,vend-scraper-v2/daily_filtered
2026-07-02,daily,SE,blocket.se,mobility_cars,dealer,,listings,123273,listings,0,,vend-scraper-v2/daily_filtered
2026-07-02,daily,SE,blocket.se,mobility_cars,dealer,,new_listings,5435,listings,0,,vend-scraper-v2/daily_filtered
2026-07-02,daily,SE,blocket.se,mobility_cars,private,,listings,23909,listings,0,,vend-scraper-v2/daily_filtered
2026-07-02,daily,SE,blocket.se,mobility_cars,private,,new_listings,1101,listings,0,,vend-scraper-v2/daily_filtered
2026-07-02,daily,SE,blocket.se,mobility_other,dealer,,listings,64771,listings,0,,vend-scraper-v2/daily_filtered
2026-07-02,daily,SE,blocket.se,mobility_other,dealer,,new_listings,1776,listings,0,,vend-scraper-v2/daily_filtered
2026-07-02,daily,SE,blocket.se,mobility_other,private,,listings,24273,listings,0,,vend-scraper-v2/daily_filtered
2026-07-02,daily,SE,blocket.se,mobility_other,private,,new_listings,1074,listings,0,,vend-scraper-v2/daily_filtered
2026-07-02,daily,FI,etuovi.com,real_estate_homes,,,listings,54373,listings,0,,vend-scraper-v2/daily_filtered
2026-07-02,daily,FI,etuovi.com,real_estate_homes,,,new_listings,467,listings,0,,vend-scraper-v2/daily_filtered
2026-07-02,daily,NO,finn.no,jobs_listings,,,listings,14840,listings,0,,vend-scraper-v2/daily_filtered
2026-07-02,daily,NO,finn.no,jobs_listings,,,new_listings,928,listings,0,,vend-scraper-v2/daily_filtered
2026-07-02,daily,NO,finn.no,jobs_positions,,,listings,29525,listings,0,,vend-scraper-v2/daily_filtered
2026-07-02,daily,NO,finn.no,jobs_positions,,,new_listings,1631,listings,0,,vend-scraper-v2/daily_filtered
2026-07-02,daily,NO,finn.no,mobility_cars,dealer,,listings,55003,listings,0,,vend-scraper-v2/daily_filtered
2026-07-02,daily,NO,finn.no,mobility_cars,dealer,,new_listings,1991,listings,0,,vend-scraper-v2/daily_filtered
2026-07-02,daily,NO,finn.no,mobility_cars,private,,listings,16285,listings,0,,vend-scraper-v2/daily_filtered
2026-07-02,daily,NO,finn.no,mobility_cars,private,,new_listings,736,listings,0,,vend-scraper-v2/daily_filtered
2026-07-02,daily,NO,finn.no,mobility_other,dealer,,listings,27182,listings,0,,vend-scraper-v2/daily_filtered
2026-07-02,daily,NO,finn.no,mobility_other,dealer,,new_listings,643,listings,0,,vend-scraper-v2/daily_filtered
2026-07-02,daily,NO,finn.no,mobility_other,private,,listings,17396,listings,0,,vend-scraper-v2/daily_filtered
2026-07-02,daily,NO,finn.no,mobility_other,private,,new_listings,819,listings,0,,vend-scraper-v2/daily_filtered
2026-07-02,daily,NO,finn.no,real_estate_homes,,,listings,20728,listings,0,,vend-scraper-v2/daily_filtered
2026-07-02,daily,NO,finn.no,real_estate_homes,,,new_listings,228,listings,0,,vend-scraper-v2/daily_filtered
2026-07-02,daily,NO,finn.no,real_estate_other,,,listings,28121,listings,0,,vend-scraper-v2/daily_filtered
2026-07-02,daily,NO,finn.no,real_estate_other,,,new_listings,731,listings,0,,vend-scraper-v2/daily_filtered
2026-07-02,daily,SE,hemnet.se,real_estate_homes,,,listings,32329,listings,0,,vend-scraper-v2/daily_filtered
2026-07-02,daily,SE,hemnet.se,real_estate_homes,,,new_listings,1205,listings,0,,vend-scraper-v2/daily_filtered
2026-07-02,daily,SE,hemnet.se,real_estate_homes_upcoming,,,listings,6992,listings,0,,vend-scraper-v2/daily_filtered
2026-07-02,daily,NO,hjem.no,real_estate_homes,,,listings,7657,listings,0,,vend-scraper-v2/daily_filtered
2026-07-02,daily,FI,oikotie.fi,real_estate_homes,,,listings,50317,listings,0,,vend-scraper-v2/daily_filtered
2026-07-02,daily,FI,oikotie.fi,real_estate_homes,,,new_listings,858,listings,0,,vend-scraper-v2/daily_filtered
2026-07-02,daily,SE,tradera.com,mobility_cars,dealer,,listings,46566,listings,0,,vend-scraper-v2/daily_filtered
2026-07-02,daily,SE,tradera.com,mobility_cars,private,,listings,2257,listings,0,,vend-scraper-v2/daily_filtered
2026-07-02,daily,SE,wayke.se,mobility_cars,dealer,,listings,51926,listings,0,,vend-scraper-v2/daily_filtered
2026-07-03,daily,DK,bilbasen.dk,mobility_cars,private,,listings,3407,listings,0,,vend-scraper-v2/daily_filtered
2026-07-03,daily,DK,bilhandel.dk,mobility_cars,dealer,,listings,25387,listings,0,,vend-scraper-v2/daily_filtered
2026-07-03,daily,DK,bilhandel.dk,mobility_cars,private,,listings,2007,listings,0,,vend-scraper-v2/daily_filtered
2026-07-03,daily,DK,biltorvet.dk,mobility_cars,dealer,,listings,42472,listings,0,,vend-scraper-v2/daily_filtered
2026-07-03,daily,DK,biltorvet.dk,mobility_cars,private,,listings,1491,listings,0,,vend-scraper-v2/daily_filtered
2026-07-03,daily,SE,blocket.se,mobility_cars,dealer,,listings,123295,listings,0,,vend-scraper-v2/daily_filtered
2026-07-03,daily,SE,blocket.se,mobility_cars,dealer,,new_listings,5177,listings,0,,vend-scraper-v2/daily_filtered
2026-07-03,daily,SE,blocket.se,mobility_cars,private,,listings,23745,listings,0,,vend-scraper-v2/daily_filtered
2026-07-03,daily,SE,blocket.se,mobility_cars,private,,new_listings,1033,listings,0,,vend-scraper-v2/daily_filtered
2026-07-03,daily,SE,blocket.se,mobility_other,dealer,,listings,64731,listings,0,,vend-scraper-v2/daily_filtered
2026-07-03,daily,SE,blocket.se,mobility_other,dealer,,new_listings,1610,listings,0,,vend-scraper-v2/daily_filtered
2026-07-03,daily,SE,blocket.se,mobility_other,private,,listings,24121,listings,0,,vend-scraper-v2/daily_filtered
2026-07-03,daily,SE,blocket.se,mobility_other,private,,new_listings,929,listings,0,,vend-scraper-v2/daily_filtered
2026-07-03,daily,FI,etuovi.com,real_estate_homes,,,listings,54415,listings,0,,vend-scraper-v2/daily_filtered
2026-07-03,daily,FI,etuovi.com,real_estate_homes,,,new_listings,472,listings,0,,vend-scraper-v2/daily_filtered
2026-07-03,daily,NO,finn.no,jobs_listings,,,listings,15603,listings,0,,vend-scraper-v2/daily_filtered
2026-07-03,daily,NO,finn.no,jobs_listings,,,new_listings,1175,listings,0,,vend-scraper-v2/daily_filtered
2026-07-03,daily,NO,finn.no,jobs_positions,,,listings,30661,listings,0,,vend-scraper-v2/daily_filtered
2026-07-03,daily,NO,finn.no,jobs_positions,,,new_listings,1979,listings,0,,vend-scraper-v2/daily_filtered
2026-07-03,daily,NO,finn.no,mobility_cars,dealer,,listings,55077,listings,0,,vend-scraper-v2/daily_filtered
2026-07-03,daily,NO,finn.no,mobility_cars,dealer,,new_listings,1903,listings,0,,vend-scraper-v2/daily_filtered
2026-07-03,daily,NO,finn.no,mobility_cars,private,,listings,16095,listings,0,,vend-scraper-v2/daily_filtered
2026-07-03,daily,NO,finn.no,mobility_cars,private,,new_listings,695,listings,0,,vend-scraper-v2/daily_filtered
2026-07-03,daily,NO,finn.no,mobility_other,dealer,,listings,27369,listings,0,,vend-scraper-v2/daily_filtered
2026-07-03,daily,NO,finn.no,mobility_other,dealer,,new_listings,613,listings,0,,vend-scraper-v2/daily_filtered
2026-07-03,daily,NO,finn.no,mobility_other,private,,listings,17264,listings,0,,vend-scraper-v2/daily_filtered
2026-07-03,daily,NO,finn.no,mobility_other,private,,new_listings,802,listings,0,,vend-scraper-v2/daily_filtered
2026-07-03,daily,NO,finn.no,real_estate_homes,,,listings,20126,listings,0,,vend-scraper-v2/daily_filtered
2026-07-03,daily,NO,finn.no,real_estate_homes,,,new_listings,334,listings,0,,vend-scraper-v2/daily_filtered
2026-07-03,daily,NO,finn.no,real_estate_other,,,listings,28165,listings,0,,vend-scraper-v2/daily_filtered
2026-07-03,daily,NO,finn.no,real_estate_other,,,new_listings,651,listings,0,,vend-scraper-v2/daily_filtered
2026-07-03,daily,SE,hemnet.se,real_estate_homes,,,listings,31988,listings,0,,vend-scraper-v2/daily_filtered
2026-07-03,daily,SE,hemnet.se,real_estate_homes,,,new_listings,1488,listings,0,,vend-scraper-v2/daily_filtered
2026-07-03,daily,SE,hemnet.se,real_estate_homes_upcoming,,,listings,7150,listings,0,,vend-scraper-v2/daily_filtered
2026-07-03,daily,NO,hjem.no,real_estate_homes,,,listings,7414,listings,0,,vend-scraper-v2/daily_filtered
2026-07-03,daily,FI,oikotie.fi,real_estate_homes,,,listings,50355,listings,0,,vend-scraper-v2/daily_filtered
2026-07-03,daily,FI,oikotie.fi,real_estate_homes,,,new_listings,822,listings,0,,vend-scraper-v2/daily_filtered
2026-07-03,daily,SE,tradera.com,mobility_cars,dealer,,listings,46762,listings,0,,vend-scraper-v2/daily_filtered
2026-07-03,daily,SE,tradera.com,mobility_cars,private,,listings,2254,listings,0,,vend-scraper-v2/daily_filtered
2026-07-03,daily,SE,wayke.se,mobility_cars,dealer,,listings,52083,listings,0,,vend-scraper-v2/daily_filtered
2026-07-04,daily,DK,bilbasen.dk,mobility_cars,private,,listings,3423,listings,0,,vend-scraper-v2/daily_filtered
2026-07-04,daily,DK,bilhandel.dk,mobility_cars,dealer,,listings,25329,listings,0,,vend-scraper-v2/daily_filtered
2026-07-04,daily,DK,bilhandel.dk,mobility_cars,private,,listings,2006,listings,0,,vend-scraper-v2/daily_filtered
2026-07-04,daily,DK,biltorvet.dk,mobility_cars,dealer,,listings,42413,listings,0,,vend-scraper-v2/daily_filtered
2026-07-04,daily,DK,biltorvet.dk,mobility_cars,private,,listings,1495,listings,0,,vend-scraper-v2/daily_filtered
2026-07-04,daily,SE,blocket.se,mobility_cars,dealer,,listings,122672,listings,0,,vend-scraper-v2/daily_filtered
2026-07-04,daily,SE,blocket.se,mobility_cars,dealer,,new_listings,2502,listings,0,,vend-scraper-v2/daily_filtered
2026-07-04,daily,SE,blocket.se,mobility_cars,private,,listings,23699,listings,0,,vend-scraper-v2/daily_filtered
2026-07-04,daily,SE,blocket.se,mobility_cars,private,,new_listings,1048,listings,0,,vend-scraper-v2/daily_filtered
2026-07-04,daily,SE,blocket.se,mobility_other,dealer,,listings,64654,listings,0,,vend-scraper-v2/daily_filtered
2026-07-04,daily,SE,blocket.se,mobility_other,dealer,,new_listings,447,listings,0,,vend-scraper-v2/daily_filtered
2026-07-04,daily,SE,blocket.se,mobility_other,private,,listings,23987,listings,0,,vend-scraper-v2/daily_filtered
2026-07-04,daily,SE,blocket.se,mobility_other,private,,new_listings,973,listings,0,,vend-scraper-v2/daily_filtered
2026-07-04,daily,FI,etuovi.com,real_estate_homes,,,listings,54377,listings,0,,vend-scraper-v2/daily_filtered
2026-07-04,daily,FI,etuovi.com,real_estate_homes,,,new_listings,206,listings,0,,vend-scraper-v2/daily_filtered
2026-07-04,daily,NO,finn.no,jobs_listings,,,listings,15267,listings,0,,vend-scraper-v2/daily_filtered
2026-07-04,daily,NO,finn.no,jobs_listings,,,new_listings,88,listings,0,,vend-scraper-v2/daily_filtered
2026-07-04,daily,NO,finn.no,jobs_positions,,,listings,29951,listings,0,,vend-scraper-v2/daily_filtered
2026-07-04,daily,NO,finn.no,jobs_positions,,,new_listings,149,listings,0,,vend-scraper-v2/daily_filtered
2026-07-04,daily,NO,finn.no,mobility_cars,dealer,,listings,54470,listings,0,,vend-scraper-v2/daily_filtered
2026-07-04,daily,NO,finn.no,mobility_cars,dealer,,new_listings,612,listings,0,,vend-scraper-v2/daily_filtered
2026-07-04,daily,NO,finn.no,mobility_cars,private,,listings,16009,listings,0,,vend-scraper-v2/daily_filtered
2026-07-04,daily,NO,finn.no,mobility_cars,private,,new_listings,681,listings,0,,vend-scraper-v2/daily_filtered
2026-07-04,daily,NO,finn.no,mobility_other,dealer,,listings,27299,listings,0,,vend-scraper-v2/daily_filtered
2026-07-04,daily,NO,finn.no,mobility_other,dealer,,new_listings,168,listings,0,,vend-scraper-v2/daily_filtered
2026-07-04,daily,NO,finn.no,mobility_other,private,,listings,17120,listings,0,,vend-scraper-v2/daily_filtered
2026-07-04,daily,NO,finn.no,mobility_other,private,,new_listings,773,listings,0,,vend-scraper-v2/daily_filtered
2026-07-04,daily,NO,finn.no,real_estate_homes,,,listings,19831,listings,0,,vend-scraper-v2/daily_filtered
2026-07-04,daily,NO,finn.no,real_estate_homes,,,new_listings,87,listings,0,,vend-scraper-v2/daily_filtered
2026-07-04,daily,NO,finn.no,real_estate_other,,,listings,28036,listings,0,,vend-scraper-v2/daily_filtered
2026-07-04,daily,NO,finn.no,real_estate_other,,,new_listings,345,listings,0,,vend-scraper-v2/daily_filtered
2026-07-04,daily,SE,hemnet.se,real_estate_homes,,,listings,31936,listings,0,,vend-scraper-v2/daily_filtered
2026-07-04,daily,SE,hemnet.se,real_estate_homes,,,new_listings,1151,listings,0,,vend-scraper-v2/daily_filtered
2026-07-04,daily,SE,hemnet.se,real_estate_homes_upcoming,,,listings,7180,listings,0,,vend-scraper-v2/daily_filtered
2026-07-04,daily,NO,hjem.no,real_estate_homes,,,listings,7300,listings,0,,vend-scraper-v2/daily_filtered
2026-07-04,daily,FI,oikotie.fi,real_estate_homes,,,listings,50324,listings,0,,vend-scraper-v2/daily_filtered
2026-07-04,daily,FI,oikotie.fi,real_estate_homes,,,new_listings,586,listings,0,,vend-scraper-v2/daily_filtered
2026-07-04,daily,SE,tradera.com,mobility_cars,dealer,,listings,46419,listings,0,,vend-scraper-v2/daily_filtered
2026-07-04,daily,SE,tradera.com,mobility_cars,private,,listings,2243,listings,0,,vend-scraper-v2/daily_filtered
2026-07-04,daily,SE,wayke.se,mobility_cars,dealer,,listings,51796,listings,0,,vend-scraper-v2/daily_filtered
2026-07-05,daily,DK,bilbasen.dk,mobility_cars,private,,listings,3418,listings,0,,vend-scraper-v2/daily_filtered
2026-07-05,daily,DK,bilhandel.dk,mobility_cars,dealer,,listings,25042,listings,0,,vend-scraper-v2/daily_filtered
2026-07-05,daily,DK,bilhandel.dk,mobility_cars,private,,listings,2014,listings,0,,vend-scraper-v2/daily_filtered
2026-07-05,daily,DK,biltorvet.dk,mobility_cars,dealer,,listings,42029,listings,0,,vend-scraper-v2/daily_filtered
2026-07-05,daily,DK,biltorvet.dk,mobility_cars,private,,listings,1496,listings,0,,vend-scraper-v2/daily_filtered
2026-07-05,daily,SE,blocket.se,mobility_cars,dealer,,listings,122491,listings,0,,vend-scraper-v2/daily_filtered
2026-07-05,daily,SE,blocket.se,mobility_cars,dealer,,new_listings,2043,listings,0,,vend-scraper-v2/daily_filtered
2026-07-05,daily,SE,blocket.se,mobility_cars,private,,listings,23687,listings,0,,vend-scraper-v2/daily_filtered
2026-07-05,daily,SE,blocket.se,mobility_cars,private,,new_listings,1213,listings,0,,vend-scraper-v2/daily_filtered
2026-07-05,daily,SE,blocket.se,mobility_other,dealer,,listings,64476,listings,0,,vend-scraper-v2/daily_filtered
2026-07-05,daily,SE,blocket.se,mobility_other,dealer,,new_listings,485,listings,0,,vend-scraper-v2/daily_filtered
2026-07-05,daily,SE,blocket.se,mobility_other,private,,listings,23958,listings,0,,vend-scraper-v2/daily_filtered
2026-07-05,daily,SE,blocket.se,mobility_other,private,,new_listings,1207,listings,0,,vend-scraper-v2/daily_filtered
2026-07-05,daily,FI,etuovi.com,real_estate_homes,,,listings,54254,listings,0,,vend-scraper-v2/daily_filtered
2026-07-05,daily,FI,etuovi.com,real_estate_homes,,,new_listings,140,listings,0,,vend-scraper-v2/daily_filtered
2026-07-05,daily,NO,finn.no,jobs_listings,,,listings,15236,listings,0,,vend-scraper-v2/daily_filtered
2026-07-05,daily,NO,finn.no,jobs_listings,,,new_listings,76,listings,0,,vend-scraper-v2/daily_filtered
2026-07-05,daily,NO,finn.no,jobs_positions,,,listings,29812,listings,0,,vend-scraper-v2/daily_filtered
2026-07-05,daily,NO,finn.no,jobs_positions,,,new_listings,92,listings,0,,vend-scraper-v2/daily_filtered
2026-07-05,daily,NO,finn.no,mobility_cars,dealer,,listings,53669,listings,0,,vend-scraper-v2/daily_filtered
2026-07-05,daily,NO,finn.no,mobility_cars,dealer,,new_listings,419,listings,0,,vend-scraper-v2/daily_filtered
2026-07-05,daily,NO,finn.no,mobility_cars,private,,listings,15996,listings,0,,vend-scraper-v2/daily_filtered
2026-07-05,daily,NO,finn.no,mobility_cars,private,,new_listings,734,listings,0,,vend-scraper-v2/daily_filtered
2026-07-05,daily,NO,finn.no,mobility_other,dealer,,listings,27148,listings,0,,vend-scraper-v2/daily_filtered
2026-07-05,daily,NO,finn.no,mobility_other,dealer,,new_listings,185,listings,0,,vend-scraper-v2/daily_filtered
2026-07-05,daily,NO,finn.no,mobility_other,private,,listings,17196,listings,0,,vend-scraper-v2/daily_filtered
2026-07-05,daily,NO,finn.no,mobility_other,private,,new_listings,976,listings,0,,vend-scraper-v2/daily_filtered
2026-07-05,daily,NO,finn.no,real_estate_homes,,,listings,19477,listings,0,,vend-scraper-v2/daily_filtered
2026-07-05,daily,NO,finn.no,real_estate_homes,,,new_listings,45,listings,0,,vend-scraper-v2/daily_filtered
2026-07-05,weekly,NO,finn.no,real_estate_homes,,large,package_count,12257,listings,0,,finn-bolig-packages/packages_history
2026-07-05,weekly,NO,finn.no,real_estate_homes,,large,package_share,62.9,pct,0,,finn-bolig-packages/packages_history
2026-07-05,weekly,NO,finn.no,real_estate_homes,,medium,package_count,6564,listings,0,,finn-bolig-packages/packages_history
2026-07-05,weekly,NO,finn.no,real_estate_homes,,medium,package_share,33.7,pct,0,,finn-bolig-packages/packages_history
2026-07-05,weekly,NO,finn.no,real_estate_homes,,small,package_count,655,listings,0,,finn-bolig-packages/packages_history
2026-07-05,weekly,NO,finn.no,real_estate_homes,,small,package_share,3.4,pct,0,,finn-bolig-packages/packages_history
2026-07-05,daily,NO,finn.no,real_estate_other,,,listings,28012,listings,0,,vend-scraper-v2/daily_filtered
2026-07-05,daily,NO,finn.no,real_estate_other,,,new_listings,395,listings,0,,vend-scraper-v2/daily_filtered
2026-07-05,daily,SE,hemnet.se,real_estate_homes,,,listings,31867,listings,0,,vend-scraper-v2/daily_filtered
2026-07-05,daily,SE,hemnet.se,real_estate_homes,,,new_listings,548,listings,0,,vend-scraper-v2/daily_filtered
2026-07-05,daily,SE,hemnet.se,real_estate_homes_upcoming,,,listings,7197,listings,0,,vend-scraper-v2/daily_filtered
2026-07-05,daily,NO,hjem.no,real_estate_homes,,,listings,7161,listings,0,,vend-scraper-v2/daily_filtered
2026-07-05,daily,FI,oikotie.fi,real_estate_homes,,,listings,50264,listings,0,,vend-scraper-v2/daily_filtered
2026-07-05,daily,FI,oikotie.fi,real_estate_homes,,,new_listings,310,listings,0,,vend-scraper-v2/daily_filtered
2026-07-05,daily,SE,tradera.com,mobility_cars,dealer,,listings,46214,listings,0,,vend-scraper-v2/daily_filtered
2026-07-05,daily,SE,tradera.com,mobility_cars,private,,listings,2243,listings,0,,vend-scraper-v2/daily_filtered
2026-07-05,daily,SE,wayke.se,mobility_cars,dealer,,listings,51580,listings,0,,vend-scraper-v2/daily_filtered
2026-07-06,daily,DK,bilbasen.dk,mobility_cars,private,,listings,3394,listings,0,,vend-scraper-v2/daily_filtered
2026-07-06,daily,DK,bilhandel.dk,mobility_cars,dealer,,listings,25063,listings,0,,vend-scraper-v2/daily_filtered
2026-07-06,daily,DK,bilhandel.dk,mobility_cars,private,,listings,2011,listings,0,,vend-scraper-v2/daily_filtered
2026-07-06,daily,DK,biltorvet.dk,mobility_cars,dealer,,listings,41999,listings,0,,vend-scraper-v2/daily_filtered
2026-07-06,daily,DK,biltorvet.dk,mobility_cars,private,,listings,1497,listings,0,,vend-scraper-v2/daily_filtered
2026-07-06,daily,SE,blocket.se,mobility_cars,dealer,,listings,122047,listings,0,,vend-scraper-v2/daily_filtered
2026-07-06,daily,SE,blocket.se,mobility_cars,dealer,,new_listings,4521,listings,0,,vend-scraper-v2/daily_filtered
2026-07-06,weekly,SE,blocket.se,mobility_cars,dealer,basis,package_sample_count,3905,sampled_listings,1,,finn-mobility-packages/weekly_package_mix
2026-07-06,weekly,SE,blocket.se,mobility_cars,dealer,basis,package_share,64.1,pct,1,,finn-mobility-packages/weekly_package_mix
2026-07-06,weekly,SE,blocket.se,mobility_cars,dealer,pluss,package_sample_count,246,sampled_listings,1,,finn-mobility-packages/weekly_package_mix
2026-07-06,weekly,SE,blocket.se,mobility_cars,dealer,pluss,package_share,4,pct,1,,finn-mobility-packages/weekly_package_mix
2026-07-06,weekly,SE,blocket.se,mobility_cars,dealer,premium,package_sample_count,1945,sampled_listings,1,,finn-mobility-packages/weekly_package_mix
2026-07-06,weekly,SE,blocket.se,mobility_cars,dealer,premium,package_share,31.9,pct,1,,finn-mobility-packages/weekly_package_mix
2026-07-06,daily,SE,blocket.se,mobility_cars,private,,listings,23873,listings,0,,vend-scraper-v2/daily_filtered
2026-07-06,daily,SE,blocket.se,mobility_cars,private,,new_listings,1283,listings,0,,vend-scraper-v2/daily_filtered
2026-07-06,daily,SE,blocket.se,mobility_other,dealer,,listings,64362,listings,0,,vend-scraper-v2/daily_filtered
2026-07-06,daily,SE,blocket.se,mobility_other,dealer,,new_listings,1392,listings,0,,vend-scraper-v2/daily_filtered
2026-07-06,daily,SE,blocket.se,mobility_other,private,,listings,23979,listings,0,,vend-scraper-v2/daily_filtered
2026-07-06,daily,SE,blocket.se,mobility_other,private,,new_listings,1136,listings,0,,vend-scraper-v2/daily_filtered
2026-07-06,daily,FI,etuovi.com,real_estate_homes,,,listings,54244,listings,0,,vend-scraper-v2/daily_filtered
2026-07-06,daily,FI,etuovi.com,real_estate_homes,,,new_listings,385,listings,0,,vend-scraper-v2/daily_filtered
2026-07-06,daily,NO,finn.no,jobs_listings,,,listings,15429,listings,0,,vend-scraper-v2/daily_filtered
2026-07-06,daily,NO,finn.no,jobs_listings,,,new_listings,743,listings,0,,vend-scraper-v2/daily_filtered
2026-07-06,daily,NO,finn.no,jobs_positions,,,listings,30118,listings,0,,vend-scraper-v2/daily_filtered
2026-07-06,daily,NO,finn.no,jobs_positions,,,new_listings,1270,listings,0,,vend-scraper-v2/daily_filtered
2026-07-06,daily,NO,finn.no,mobility_cars,dealer,,listings,53467,listings,0,,vend-scraper-v2/daily_filtered
2026-07-06,daily,NO,finn.no,mobility_cars,dealer,,new_listings,1486,listings,0,,vend-scraper-v2/daily_filtered
2026-07-06,weekly,NO,finn.no,mobility_cars,dealer,basis,package_sample_count,747,sampled_listings,1,,finn-mobility-packages/weekly_package_mix
2026-07-06,weekly,NO,finn.no,mobility_cars,dealer,basis,package_share,27.7,pct,1,,finn-mobility-packages/weekly_package_mix
2026-07-06,weekly,NO,finn.no,mobility_cars,dealer,pluss,package_sample_count,845,sampled_listings,1,,finn-mobility-packages/weekly_package_mix
2026-07-06,weekly,NO,finn.no,mobility_cars,dealer,pluss,package_share,31.3,pct,1,,finn-mobility-packages/weekly_package_mix
2026-07-06,weekly,NO,finn.no,mobility_cars,dealer,premium,package_sample_count,1109,sampled_listings,1,,finn-mobility-packages/weekly_package_mix
2026-07-06,weekly,NO,finn.no,mobility_cars,dealer,premium,package_share,41.1,pct,1,,finn-mobility-packages/weekly_package_mix
2026-07-06,daily,NO,finn.no,mobility_cars,private,,listings,15909,listings,0,,vend-scraper-v2/daily_filtered
2026-07-06,daily,NO,finn.no,mobility_cars,private,,new_listings,753,listings,0,,vend-scraper-v2/daily_filtered
2026-07-06,daily,NO,finn.no,mobility_other,dealer,,listings,26890,listings,0,,vend-scraper-v2/daily_filtered
2026-07-06,daily,NO,finn.no,mobility_other,dealer,,new_listings,445,listings,0,,vend-scraper-v2/daily_filtered
2026-07-06,daily,NO,finn.no,mobility_other,private,,listings,17114,listings,0,,vend-scraper-v2/daily_filtered
2026-07-06,daily,NO,finn.no,mobility_other,private,,new_listings,862,listings,0,,vend-scraper-v2/daily_filtered
2026-07-06,daily,NO,finn.no,real_estate_homes,,,listings,18978,listings,0,,vend-scraper-v2/daily_filtered
2026-07-06,daily,NO,finn.no,real_estate_homes,,,new_listings,159,listings,0,,vend-scraper-v2/daily_filtered
2026-07-06,daily,NO,finn.no,real_estate_other,,,listings,27992,listings,0,,vend-scraper-v2/daily_filtered
2026-07-06,daily,NO,finn.no,real_estate_other,,,new_listings,547,listings,0,,vend-scraper-v2/daily_filtered
2026-07-06,daily,SE,hemnet.se,real_estate_homes,,,listings,31573,listings,0,,vend-scraper-v2/daily_filtered
2026-07-06,daily,SE,hemnet.se,real_estate_homes,,,new_listings,994,listings,0,,vend-scraper-v2/daily_filtered
2026-07-06,daily,SE,hemnet.se,real_estate_homes_upcoming,,,listings,7300,listings,0,,vend-scraper-v2/daily_filtered
2026-07-06,daily,NO,hjem.no,real_estate_homes,,,listings,6951,listings,0,,vend-scraper-v2/daily_filtered
2026-07-06,daily,FI,oikotie.fi,real_estate_homes,,,listings,50189,listings,0,,vend-scraper-v2/daily_filtered
2026-07-06,daily,FI,oikotie.fi,real_estate_homes,,,new_listings,470,listings,0,,vend-scraper-v2/daily_filtered
2026-07-06,daily,SE,tradera.com,mobility_cars,dealer,,listings,46209,listings,0,,vend-scraper-v2/daily_filtered
2026-07-06,daily,SE,tradera.com,mobility_cars,private,,listings,2255,listings,0,,vend-scraper-v2/daily_filtered
2026-07-06,daily,SE,wayke.se,mobility_cars,dealer,,listings,51365,listings,0,,vend-scraper-v2/daily_filtered
2026-07-07,daily,DK,bilbasen.dk,mobility_cars,private,,listings,3371,listings,0,,vend-scraper-v2/daily_filtered
2026-07-07,daily,DK,bilhandel.dk,mobility_cars,dealer,,listings,25138,listings,0,,vend-scraper-v2/daily_filtered
2026-07-07,daily,DK,bilhandel.dk,mobility_cars,private,,listings,2016,listings,0,,vend-scraper-v2/daily_filtered
2026-07-07,daily,DK,biltorvet.dk,mobility_cars,dealer,,listings,42106,listings,0,,vend-scraper-v2/daily_filtered
2026-07-07,daily,DK,biltorvet.dk,mobility_cars,private,,listings,1513,listings,0,,vend-scraper-v2/daily_filtered
2026-07-07,daily,SE,blocket.se,mobility_cars,dealer,,listings,121610,listings,0,,vend-scraper-v2/daily_filtered
2026-07-07,daily,SE,blocket.se,mobility_cars,dealer,,new_listings,5214,listings,0,,vend-scraper-v2/daily_filtered
2026-07-07,daily,SE,blocket.se,mobility_cars,private,,listings,23953,listings,0,,vend-scraper-v2/daily_filtered
2026-07-07,daily,SE,blocket.se,mobility_cars,private,,new_listings,1201,listings,0,,vend-scraper-v2/daily_filtered
2026-07-07,daily,SE,blocket.se,mobility_other,dealer,,listings,64160,listings,0,,vend-scraper-v2/daily_filtered
2026-07-07,daily,SE,blocket.se,mobility_other,dealer,,new_listings,1391,listings,0,,vend-scraper-v2/daily_filtered
2026-07-07,daily,SE,blocket.se,mobility_other,private,,listings,23981,listings,0,,vend-scraper-v2/daily_filtered
2026-07-07,daily,SE,blocket.se,mobility_other,private,,new_listings,1077,listings,0,,vend-scraper-v2/daily_filtered
2026-07-07,daily,FI,etuovi.com,real_estate_homes,,,listings,54186,listings,0,,vend-scraper-v2/daily_filtered
2026-07-07,daily,FI,etuovi.com,real_estate_homes,,,new_listings,387,listings,0,,vend-scraper-v2/daily_filtered
2026-07-07,daily,NO,finn.no,jobs_listings,,,listings,15831,listings,0,,vend-scraper-v2/daily_filtered
2026-07-07,daily,NO,finn.no,jobs_listings,,,new_listings,704,listings,0,,vend-scraper-v2/daily_filtered
2026-07-07,daily,NO,finn.no,jobs_positions,,,listings,30421,listings,0,,vend-scraper-v2/daily_filtered
2026-07-07,daily,NO,finn.no,jobs_positions,,,new_listings,1080,listings,0,,vend-scraper-v2/daily_filtered
2026-07-07,daily,NO,finn.no,mobility_cars,dealer,,listings,53864,listings,0,,vend-scraper-v2/daily_filtered
2026-07-07,daily,NO,finn.no,mobility_cars,dealer,,new_listings,1792,listings,0,,vend-scraper-v2/daily_filtered
2026-07-07,daily,NO,finn.no,mobility_cars,private,,listings,15869,listings,0,,vend-scraper-v2/daily_filtered
2026-07-07,daily,NO,finn.no,mobility_cars,private,,new_listings,871,listings,0,,vend-scraper-v2/daily_filtered
2026-07-07,daily,NO,finn.no,mobility_other,dealer,,listings,26918,listings,0,,vend-scraper-v2/daily_filtered
2026-07-07,daily,NO,finn.no,mobility_other,dealer,,new_listings,534,listings,0,,vend-scraper-v2/daily_filtered
2026-07-07,daily,NO,finn.no,mobility_other,private,,listings,17088,listings,0,,vend-scraper-v2/daily_filtered
2026-07-07,daily,NO,finn.no,mobility_other,private,,new_listings,972,listings,0,,vend-scraper-v2/daily_filtered
2026-07-07,daily,NO,finn.no,real_estate_homes,,,listings,18901,listings,0,,vend-scraper-v2/daily_filtered
2026-07-07,daily,NO,finn.no,real_estate_homes,,,new_listings,138,listings,0,,vend-scraper-v2/daily_filtered
2026-07-07,daily,NO,finn.no,real_estate_other,,,listings,28104,listings,0,,vend-scraper-v2/daily_filtered
2026-07-07,daily,NO,finn.no,real_estate_other,,,new_listings,625,listings,0,,vend-scraper-v2/daily_filtered
2026-07-07,daily,SE,hemnet.se,real_estate_homes,,,listings,31257,listings,0,,vend-scraper-v2/daily_filtered
2026-07-07,daily,SE,hemnet.se,real_estate_homes,,,new_listings,1235,listings,0,,vend-scraper-v2/daily_filtered
2026-07-07,daily,SE,hemnet.se,real_estate_homes_upcoming,,,listings,7422,listings,0,,vend-scraper-v2/daily_filtered
2026-07-07,daily,NO,hjem.no,real_estate_homes,,,listings,6933,listings,0,,vend-scraper-v2/daily_filtered
2026-07-07,daily,FI,oikotie.fi,real_estate_homes,,,listings,50128,listings,0,,vend-scraper-v2/daily_filtered
2026-07-07,daily,FI,oikotie.fi,real_estate_homes,,,new_listings,644,listings,0,,vend-scraper-v2/daily_filtered
2026-07-07,daily,SE,tradera.com,mobility_cars,dealer,,listings,46142,listings,0,,vend-scraper-v2/daily_filtered
2026-07-07,daily,SE,tradera.com,mobility_cars,private,,listings,2267,listings,0,,vend-scraper-v2/daily_filtered
2026-07-07,daily,SE,wayke.se,mobility_cars,dealer,,listings,51492,listings,0,,vend-scraper-v2/daily_filtered
2026-07-08,daily,DK,bilbasen.dk,mobility_cars,private,,listings,3341,listings,0,,vend-scraper-v2/daily_filtered
2026-07-08,daily,DK,bilhandel.dk,mobility_cars,dealer,,listings,25238,listings,0,,vend-scraper-v2/daily_filtered
2026-07-08,daily,DK,bilhandel.dk,mobility_cars,private,,listings,2027,listings,0,,vend-scraper-v2/daily_filtered
2026-07-08,daily,DK,biltorvet.dk,mobility_cars,dealer,,listings,42656,listings,0,,vend-scraper-v2/daily_filtered
2026-07-08,daily,DK,biltorvet.dk,mobility_cars,private,,listings,1510,listings,0,,vend-scraper-v2/daily_filtered
2026-07-08,daily,SE,blocket.se,mobility_cars,dealer,,listings,121616,listings,0,,vend-scraper-v2/daily_filtered
2026-07-08,daily,SE,blocket.se,mobility_cars,dealer,,new_listings,5079,listings,0,,vend-scraper-v2/daily_filtered
2026-07-08,daily,SE,blocket.se,mobility_cars,private,,listings,23844,listings,0,,vend-scraper-v2/daily_filtered
2026-07-08,daily,SE,blocket.se,mobility_cars,private,,new_listings,1086,listings,0,,vend-scraper-v2/daily_filtered
2026-07-08,daily,SE,blocket.se,mobility_other,dealer,,listings,63973,listings,0,,vend-scraper-v2/daily_filtered
2026-07-08,daily,SE,blocket.se,mobility_other,dealer,,new_listings,1518,listings,0,,vend-scraper-v2/daily_filtered
2026-07-08,daily,SE,blocket.se,mobility_other,private,,listings,23748,listings,0,,vend-scraper-v2/daily_filtered
2026-07-08,daily,SE,blocket.se,mobility_other,private,,new_listings,946,listings,0,,vend-scraper-v2/daily_filtered
2026-07-08,daily,FI,etuovi.com,real_estate_homes,,,listings,54104,listings,0,,vend-scraper-v2/daily_filtered
2026-07-08,daily,FI,etuovi.com,real_estate_homes,,,new_listings,411,listings,0,,vend-scraper-v2/daily_filtered
2026-07-08,daily,NO,finn.no,jobs_listings,,,listings,16111,listings,0,,vend-scraper-v2/daily_filtered
2026-07-08,daily,NO,finn.no,jobs_listings,,,new_listings,637,listings,0,,vend-scraper-v2/daily_filtered
2026-07-08,daily,NO,finn.no,jobs_positions,,,listings,30624,listings,0,,vend-scraper-v2/daily_filtered
2026-07-08,daily,NO,finn.no,jobs_positions,,,new_listings,1087,listings,0,,vend-scraper-v2/daily_filtered
2026-07-08,daily,NO,finn.no,mobility_cars,dealer,,listings,54722,listings,0,,vend-scraper-v2/daily_filtered
2026-07-08,daily,NO,finn.no,mobility_cars,dealer,,new_listings,1861,listings,0,,vend-scraper-v2/daily_filtered
2026-07-08,daily,NO,finn.no,mobility_cars,private,,listings,15738,listings,0,,vend-scraper-v2/daily_filtered
2026-07-08,daily,NO,finn.no,mobility_cars,private,,new_listings,817,listings,0,,vend-scraper-v2/daily_filtered
2026-07-08,daily,NO,finn.no,mobility_other,dealer,,listings,26963,listings,0,,vend-scraper-v2/daily_filtered
2026-07-08,daily,NO,finn.no,mobility_other,dealer,,new_listings,581,listings,0,,vend-scraper-v2/daily_filtered
2026-07-08,daily,NO,finn.no,mobility_other,private,,listings,16933,listings,0,,vend-scraper-v2/daily_filtered
2026-07-08,daily,NO,finn.no,mobility_other,private,,new_listings,885,listings,0,,vend-scraper-v2/daily_filtered
2026-07-08,daily,NO,finn.no,real_estate_homes,,,listings,18809,listings,0,,vend-scraper-v2/daily_filtered
2026-07-08,daily,NO,finn.no,real_estate_homes,,,new_listings,117,listings,0,,vend-scraper-v2/daily_filtered
2026-07-08,daily,NO,finn.no,real_estate_other,,,listings,28125,listings,0,,vend-scraper-v2/daily_filtered
2026-07-08,daily,NO,finn.no,real_estate_other,,,new_listings,585,listings,0,,vend-scraper-v2/daily_filtered
2026-07-08,daily,SE,hemnet.se,real_estate_homes,,,listings,30986,listings,0,,vend-scraper-v2/daily_filtered
2026-07-08,daily,SE,hemnet.se,real_estate_homes,,,new_listings,1088,listings,0,,vend-scraper-v2/daily_filtered
2026-07-08,daily,SE,hemnet.se,real_estate_homes_upcoming,,,listings,7542,listings,0,,vend-scraper-v2/daily_filtered
2026-07-08,daily,NO,hjem.no,real_estate_homes,,,listings,6898,listings,0,,vend-scraper-v2/daily_filtered
2026-07-08,daily,FI,oikotie.fi,real_estate_homes,,,listings,50123,listings,0,,vend-scraper-v2/daily_filtered
2026-07-08,daily,FI,oikotie.fi,real_estate_homes,,,new_listings,677,listings,0,,vend-scraper-v2/daily_filtered
2026-07-08,daily,SE,tradera.com,mobility_cars,dealer,,listings,46185,listings,0,,vend-scraper-v2/daily_filtered
2026-07-08,daily,SE,tradera.com,mobility_cars,private,,listings,2276,listings,0,,vend-scraper-v2/daily_filtered
2026-07-08,daily,SE,wayke.se,mobility_cars,dealer,,listings,51372,listings,0,,vend-scraper-v2/daily_filtered
2026-07-09,daily,DK,bilbasen.dk,mobility_cars,private,,listings,3298,listings,0,,vend-scraper-v2/daily_filtered
2026-07-09,daily,DK,bilhandel.dk,mobility_cars,dealer,,listings,25257,listings,0,,vend-scraper-v2/daily_filtered
2026-07-09,daily,DK,bilhandel.dk,mobility_cars,private,,listings,2027,listings,0,,vend-scraper-v2/daily_filtered
2026-07-09,daily,DK,biltorvet.dk,mobility_cars,dealer,,listings,42785,listings,0,,vend-scraper-v2/daily_filtered
2026-07-09,daily,DK,biltorvet.dk,mobility_cars,private,,listings,1500,listings,0,,vend-scraper-v2/daily_filtered
2026-07-09,daily,SE,blocket.se,mobility_cars,dealer,,listings,121772,listings,0,,vend-scraper-v2/daily_filtered
2026-07-09,daily,SE,blocket.se,mobility_cars,dealer,,new_listings,5011,listings,0,,vend-scraper-v2/daily_filtered
2026-07-09,daily,SE,blocket.se,mobility_cars,private,,listings,23734,listings,0,,vend-scraper-v2/daily_filtered
2026-07-09,daily,SE,blocket.se,mobility_cars,private,,new_listings,1062,listings,0,,vend-scraper-v2/daily_filtered
2026-07-09,daily,SE,blocket.se,mobility_other,dealer,,listings,63969,listings,0,,vend-scraper-v2/daily_filtered
2026-07-09,daily,SE,blocket.se,mobility_other,dealer,,new_listings,1268,listings,0,,vend-scraper-v2/daily_filtered
2026-07-09,daily,SE,blocket.se,mobility_other,private,,listings,23568,listings,0,,vend-scraper-v2/daily_filtered
2026-07-09,daily,SE,blocket.se,mobility_other,private,,new_listings,969,listings,0,,vend-scraper-v2/daily_filtered
2026-07-09,daily,FI,etuovi.com,real_estate_homes,,,listings,54137,listings,0,,vend-scraper-v2/daily_filtered
2026-07-09,daily,FI,etuovi.com,real_estate_homes,,,new_listings,440,listings,0,,vend-scraper-v2/daily_filtered
2026-07-09,daily,NO,finn.no,jobs_listings,,,listings,16350,listings,0,,vend-scraper-v2/daily_filtered
2026-07-09,daily,NO,finn.no,jobs_listings,,,new_listings,674,listings,0,,vend-scraper-v2/daily_filtered
2026-07-09,daily,NO,finn.no,jobs_positions,,,listings,30967,listings,0,,vend-scraper-v2/daily_filtered
2026-07-09,daily,NO,finn.no,jobs_positions,,,new_listings,1231,listings,0,,vend-scraper-v2/daily_filtered
2026-07-09,daily,NO,finn.no,mobility_cars,dealer,,listings,54745,listings,0,,vend-scraper-v2/daily_filtered
2026-07-09,daily,NO,finn.no,mobility_cars,dealer,,new_listings,1626,listings,0,,vend-scraper-v2/daily_filtered
2026-07-09,daily,NO,finn.no,mobility_cars,private,,listings,15567,listings,0,,vend-scraper-v2/daily_filtered
2026-07-09,daily,NO,finn.no,mobility_cars,private,,new_listings,731,listings,0,,vend-scraper-v2/daily_filtered
2026-07-09,daily,NO,finn.no,mobility_other,dealer,,listings,26875,listings,0,,vend-scraper-v2/daily_filtered
2026-07-09,daily,NO,finn.no,mobility_other,dealer,,new_listings,528,listings,0,,vend-scraper-v2/daily_filtered
2026-07-09,daily,NO,finn.no,mobility_other,private,,listings,16802,listings,0,,vend-scraper-v2/daily_filtered
2026-07-09,daily,NO,finn.no,mobility_other,private,,new_listings,902,listings,0,,vend-scraper-v2/daily_filtered
2026-07-09,daily,NO,finn.no,real_estate_homes,,,listings,18557,listings,0,,vend-scraper-v2/daily_filtered
2026-07-09,daily,NO,finn.no,real_estate_homes,,,new_listings,130,listings,0,,vend-scraper-v2/daily_filtered
2026-07-09,daily,NO,finn.no,real_estate_other,,,listings,27936,listings,0,,vend-scraper-v2/daily_filtered
2026-07-09,daily,NO,finn.no,real_estate_other,,,new_listings,480,listings,0,,vend-scraper-v2/daily_filtered
2026-07-09,daily,SE,hemnet.se,real_estate_homes,,,listings,30792,listings,0,,vend-scraper-v2/daily_filtered
2026-07-09,daily,SE,hemnet.se,real_estate_homes,,,new_listings,1028,listings,0,,vend-scraper-v2/daily_filtered
2026-07-09,daily,SE,hemnet.se,real_estate_homes_upcoming,,,listings,7607,listings,0,,vend-scraper-v2/daily_filtered
2026-07-09,daily,NO,hjem.no,real_estate_homes,,,listings,6816,listings,0,,vend-scraper-v2/daily_filtered
2026-07-09,daily,FI,oikotie.fi,real_estate_homes,,,listings,50089,listings,0,,vend-scraper-v2/daily_filtered
2026-07-09,daily,FI,oikotie.fi,real_estate_homes,,,new_listings,730,listings,0,,vend-scraper-v2/daily_filtered
2026-07-09,daily,SE,tradera.com,mobility_cars,dealer,,listings,46287,listings,0,,vend-scraper-v2/daily_filtered
2026-07-09,daily,SE,tradera.com,mobility_cars,private,,listings,2294,listings,0,,vend-scraper-v2/daily_filtered
2026-07-09,daily,SE,wayke.se,mobility_cars,dealer,,listings,51463,listings,0,,vend-scraper-v2/daily_filtered
2026-07-10,daily,DK,bilbasen.dk,mobility_cars,private,,listings,3299,listings,0,,vend-scraper-v2/daily_filtered
2026-07-10,daily,DK,bilhandel.dk,mobility_cars,dealer,,listings,25434,listings,0,,vend-scraper-v2/daily_filtered
2026-07-10,daily,DK,bilhandel.dk,mobility_cars,private,,listings,1877,listings,0,,vend-scraper-v2/daily_filtered
2026-07-10,daily,DK,biltorvet.dk,mobility_cars,dealer,,listings,43021,listings,0,,vend-scraper-v2/daily_filtered
2026-07-10,daily,DK,biltorvet.dk,mobility_cars,private,,listings,1489,listings,0,,vend-scraper-v2/daily_filtered
2026-07-10,daily,SE,blocket.se,mobility_cars,dealer,,listings,122097,listings,0,,vend-scraper-v2/daily_filtered
2026-07-10,daily,SE,blocket.se,mobility_cars,dealer,,new_listings,5258,listings,0,,vend-scraper-v2/daily_filtered
2026-07-10,daily,SE,blocket.se,mobility_cars,private,,listings,23693,listings,0,,vend-scraper-v2/daily_filtered
2026-07-10,daily,SE,blocket.se,mobility_cars,private,,new_listings,1015,listings,0,,vend-scraper-v2/daily_filtered
2026-07-10,daily,SE,blocket.se,mobility_other,dealer,,listings,64090,listings,0,,vend-scraper-v2/daily_filtered
2026-07-10,daily,SE,blocket.se,mobility_other,dealer,,new_listings,1311,listings,0,,vend-scraper-v2/daily_filtered
2026-07-10,daily,SE,blocket.se,mobility_other,private,,listings,23351,listings,0,,vend-scraper-v2/daily_filtered
2026-07-10,daily,SE,blocket.se,mobility_other,private,,new_listings,847,listings,0,,vend-scraper-v2/daily_filtered
2026-07-10,daily,FI,etuovi.com,real_estate_homes,,,listings,54084,listings,0,,vend-scraper-v2/daily_filtered
2026-07-10,daily,FI,etuovi.com,real_estate_homes,,,new_listings,374,listings,0,,vend-scraper-v2/daily_filtered
2026-07-10,daily,NO,finn.no,jobs_listings,,,listings,16613,listings,0,,vend-scraper-v2/daily_filtered
2026-07-10,daily,NO,finn.no,jobs_listings,,,new_listings,650,listings,0,,vend-scraper-v2/daily_filtered
2026-07-10,daily,NO,finn.no,jobs_positions,,,listings,31125,listings,0,,vend-scraper-v2/daily_filtered
2026-07-10,daily,NO,finn.no,jobs_positions,,,new_listings,1043,listings,0,,vend-scraper-v2/daily_filtered
2026-07-10,daily,NO,finn.no,mobility_cars,dealer,,listings,54598,listings,0,,vend-scraper-v2/daily_filtered
2026-07-10,daily,NO,finn.no,mobility_cars,dealer,,new_listings,1510,listings,0,,vend-scraper-v2/daily_filtered
2026-07-10,daily,NO,finn.no,mobility_cars,private,,listings,15432,listings,0,,vend-scraper-v2/daily_filtered
2026-07-10,daily,NO,finn.no,mobility_cars,private,,new_listings,715,listings,0,,vend-scraper-v2/daily_filtered
2026-07-10,daily,NO,finn.no,mobility_other,dealer,,listings,26937,listings,0,,vend-scraper-v2/daily_filtered
2026-07-10,daily,NO,finn.no,mobility_other,dealer,,new_listings,515,listings,0,,vend-scraper-v2/daily_filtered
2026-07-10,daily,NO,finn.no,mobility_other,private,,listings,16697,listings,0,,vend-scraper-v2/daily_filtered
2026-07-10,daily,NO,finn.no,mobility_other,private,,new_listings,801,listings,0,,vend-scraper-v2/daily_filtered
2026-07-10,daily,NO,finn.no,real_estate_homes,,,listings,18266,listings,0,,vend-scraper-v2/daily_filtered
2026-07-10,daily,NO,finn.no,real_estate_homes,,,new_listings,217,listings,0,,vend-scraper-v2/daily_filtered
2026-07-10,daily,NO,finn.no,real_estate_other,,,listings,27883,listings,0,,vend-scraper-v2/daily_filtered
2026-07-10,daily,NO,finn.no,real_estate_other,,,new_listings,457,listings,0,,vend-scraper-v2/daily_filtered
2026-07-10,daily,SE,hemnet.se,real_estate_homes,,,listings,30746,listings,0,,vend-scraper-v2/daily_filtered
2026-07-10,daily,SE,hemnet.se,real_estate_homes,,,new_listings,1381,listings,0,,vend-scraper-v2/daily_filtered
2026-07-10,daily,SE,hemnet.se,real_estate_homes_upcoming,,,listings,7668,listings,0,,vend-scraper-v2/daily_filtered
2026-07-10,daily,NO,hjem.no,real_estate_homes,,,listings,6714,listings,0,,vend-scraper-v2/daily_filtered
2026-07-10,daily,FI,oikotie.fi,real_estate_homes,,,listings,50069,listings,0,,vend-scraper-v2/daily_filtered
2026-07-10,daily,FI,oikotie.fi,real_estate_homes,,,new_listings,691,listings,0,,vend-scraper-v2/daily_filtered
2026-07-10,daily,SE,tradera.com,mobility_cars,dealer,,listings,47107,listings,0,,vend-scraper-v2/daily_filtered
2026-07-10,daily,SE,tradera.com,mobility_cars,private,,listings,2294,listings,0,,vend-scraper-v2/daily_filtered
2026-07-10,daily,SE,wayke.se,mobility_cars,dealer,,listings,51583,listings,0,,vend-scraper-v2/daily_filtered
2026-07-11,daily,DK,bilbasen.dk,mobility_cars,private,,listings,3281,listings,0,,vend-scraper-v2/daily_filtered
2026-07-11,daily,DK,bilhandel.dk,mobility_cars,dealer,,listings,25409,listings,0,,vend-scraper-v2/daily_filtered
2026-07-11,daily,DK,bilhandel.dk,mobility_cars,private,,listings,1878,listings,0,,vend-scraper-v2/daily_filtered
2026-07-11,daily,DK,biltorvet.dk,mobility_cars,dealer,,listings,42944,listings,0,,vend-scraper-v2/daily_filtered
2026-07-11,daily,DK,biltorvet.dk,mobility_cars,private,,listings,1476,listings,0,,vend-scraper-v2/daily_filtered
2026-07-11,daily,SE,blocket.se,mobility_cars,dealer,,listings,121706,listings,0,,vend-scraper-v2/daily_filtered
2026-07-11,daily,SE,blocket.se,mobility_cars,dealer,,new_listings,2518,listings,0,,vend-scraper-v2/daily_filtered
2026-07-11,daily,SE,blocket.se,mobility_cars,private,,listings,23695,listings,0,,vend-scraper-v2/daily_filtered
2026-07-11,daily,SE,blocket.se,mobility_cars,private,,new_listings,921,listings,0,,vend-scraper-v2/daily_filtered
2026-07-11,daily,SE,blocket.se,mobility_other,dealer,,listings,64023,listings,0,,vend-scraper-v2/daily_filtered
2026-07-11,daily,SE,blocket.se,mobility_other,dealer,,new_listings,525,listings,0,,vend-scraper-v2/daily_filtered
2026-07-11,daily,SE,blocket.se,mobility_other,private,,listings,23276,listings,0,,vend-scraper-v2/daily_filtered
2026-07-11,daily,SE,blocket.se,mobility_other,private,,new_listings,909,listings,0,,vend-scraper-v2/daily_filtered
2026-07-11,daily,FI,etuovi.com,real_estate_homes,,,listings,54094,listings,0,,vend-scraper-v2/daily_filtered
2026-07-11,daily,FI,etuovi.com,real_estate_homes,,,new_listings,174,listings,0,,vend-scraper-v2/daily_filtered
2026-07-11,daily,NO,finn.no,jobs_listings,,,listings,16277,listings,0,,vend-scraper-v2/daily_filtered
2026-07-11,daily,NO,finn.no,jobs_listings,,,new_listings,60,listings,0,,vend-scraper-v2/daily_filtered
2026-07-11,daily,NO,finn.no,jobs_positions,,,listings,30547,listings,0,,vend-scraper-v2/daily_filtered
2026-07-11,daily,NO,finn.no,jobs_positions,,,new_listings,85,listings,0,,vend-scraper-v2/daily_filtered
2026-07-11,daily,NO,finn.no,mobility_cars,dealer,,listings,53849,listings,0,,vend-scraper-v2/daily_filtered
2026-07-11,daily,NO,finn.no,mobility_cars,dealer,,new_listings,551,listings,0,,vend-scraper-v2/daily_filtered
2026-07-11,daily,NO,finn.no,mobility_cars,private,,listings,15256,listings,0,,vend-scraper-v2/daily_filtered
2026-07-11,daily,NO,finn.no,mobility_cars,private,,new_listings,535,listings,0,,vend-scraper-v2/daily_filtered
2026-07-11,daily,NO,finn.no,mobility_other,dealer,,listings,26819,listings,0,,vend-scraper-v2/daily_filtered
2026-07-11,daily,NO,finn.no,mobility_other,dealer,,new_listings,209,listings,0,,vend-scraper-v2/daily_filtered
2026-07-11,daily,NO,finn.no,mobility_other,private,,listings,16543,listings,0,,vend-scraper-v2/daily_filtered
2026-07-11,daily,NO,finn.no,mobility_other,private,,new_listings,710,listings,0,,vend-scraper-v2/daily_filtered
2026-07-11,daily,NO,finn.no,real_estate_homes,,,listings,17978,listings,0,,vend-scraper-v2/daily_filtered
2026-07-11,daily,NO,finn.no,real_estate_homes,,,new_listings,55,listings,0,,vend-scraper-v2/daily_filtered
2026-07-11,daily,NO,finn.no,real_estate_other,,,listings,27707,listings,0,,vend-scraper-v2/daily_filtered
2026-07-11,daily,NO,finn.no,real_estate_other,,,new_listings,274,listings,0,,vend-scraper-v2/daily_filtered
2026-07-11,daily,SE,hemnet.se,real_estate_homes,,,listings,30744,listings,0,,vend-scraper-v2/daily_filtered
2026-07-11,daily,SE,hemnet.se,real_estate_homes,,,new_listings,1247,listings,0,,vend-scraper-v2/daily_filtered
2026-07-11,daily,SE,hemnet.se,real_estate_homes_upcoming,,,listings,7691,listings,0,,vend-scraper-v2/daily_filtered
2026-07-11,daily,NO,hjem.no,real_estate_homes,,,listings,6611,listings,0,,vend-scraper-v2/daily_filtered
2026-07-11,daily,FI,oikotie.fi,real_estate_homes,,,listings,50076,listings,0,,vend-scraper-v2/daily_filtered
2026-07-11,daily,FI,oikotie.fi,real_estate_homes,,,new_listings,471,listings,0,,vend-scraper-v2/daily_filtered
2026-07-11,daily,SE,tradera.com,mobility_cars,dealer,,listings,46873,listings,0,,vend-scraper-v2/daily_filtered
2026-07-11,daily,SE,tradera.com,mobility_cars,private,,listings,2313,listings,0,,vend-scraper-v2/daily_filtered
2026-07-11,daily,SE,wayke.se,mobility_cars,dealer,,listings,51389,listings,0,,vend-scraper-v2/daily_filtered
2026-07-12,daily,DK,bilbasen.dk,mobility_cars,private,,listings,3269,listings,0,,vend-scraper-v2/daily_filtered
2026-07-12,daily,DK,bilhandel.dk,mobility_cars,dealer,,listings,25235,listings,0,,vend-scraper-v2/daily_filtered
2026-07-12,daily,DK,bilhandel.dk,mobility_cars,private,,listings,1880,listings,0,,vend-scraper-v2/daily_filtered
2026-07-12,daily,DK,biltorvet.dk,mobility_cars,dealer,,listings,42705,listings,0,,vend-scraper-v2/daily_filtered
2026-07-12,daily,DK,biltorvet.dk,mobility_cars,private,,listings,1478,listings,0,,vend-scraper-v2/daily_filtered
2026-07-12,daily,SE,blocket.se,mobility_cars,dealer,,listings,121604,listings,0,,vend-scraper-v2/daily_filtered
2026-07-12,daily,SE,blocket.se,mobility_cars,dealer,,new_listings,1764,listings,0,,vend-scraper-v2/daily_filtered
2026-07-12,daily,SE,blocket.se,mobility_cars,private,,listings,23698,listings,0,,vend-scraper-v2/daily_filtered
2026-07-12,daily,SE,blocket.se,mobility_cars,private,,new_listings,1047,listings,0,,vend-scraper-v2/daily_filtered
2026-07-12,daily,SE,blocket.se,mobility_other,dealer,,listings,63807,listings,0,,vend-scraper-v2/daily_filtered
2026-07-12,daily,SE,blocket.se,mobility_other,dealer,,new_listings,447,listings,0,,vend-scraper-v2/daily_filtered
2026-07-12,daily,SE,blocket.se,mobility_other,private,,listings,23317,listings,0,,vend-scraper-v2/daily_filtered
2026-07-12,daily,SE,blocket.se,mobility_other,private,,new_listings,1034,listings,0,,vend-scraper-v2/daily_filtered
2026-07-12,daily,FI,etuovi.com,real_estate_homes,,,listings,54009,listings,0,,vend-scraper-v2/daily_filtered
2026-07-12,daily,FI,etuovi.com,real_estate_homes,,,new_listings,126,listings,0,,vend-scraper-v2/daily_filtered
2026-07-12,daily,NO,finn.no,jobs_listings,,,listings,16264,listings,0,,vend-scraper-v2/daily_filtered
2026-07-12,daily,NO,finn.no,jobs_listings,,,new_listings,61,listings,0,,vend-scraper-v2/daily_filtered
2026-07-12,daily,NO,finn.no,jobs_positions,,,listings,30497,listings,0,,vend-scraper-v2/daily_filtered
2026-07-12,daily,NO,finn.no,jobs_positions,,,new_listings,92,listings,0,,vend-scraper-v2/daily_filtered
2026-07-12,daily,NO,finn.no,mobility_cars,dealer,,listings,52984,listings,0,,vend-scraper-v2/daily_filtered
2026-07-12,daily,NO,finn.no,mobility_cars,dealer,,new_listings,363,listings,0,,vend-scraper-v2/daily_filtered
2026-07-12,daily,NO,finn.no,mobility_cars,private,,listings,15266,listings,0,,vend-scraper-v2/daily_filtered
2026-07-12,daily,NO,finn.no,mobility_cars,private,,new_listings,688,listings,0,,vend-scraper-v2/daily_filtered
2026-07-12,daily,NO,finn.no,mobility_other,dealer,,listings,26474,listings,0,,vend-scraper-v2/daily_filtered
2026-07-12,daily,NO,finn.no,mobility_other,dealer,,new_listings,153,listings,0,,vend-scraper-v2/daily_filtered
2026-07-12,daily,NO,finn.no,mobility_other,private,,listings,16513,listings,0,,vend-scraper-v2/daily_filtered
2026-07-12,daily,NO,finn.no,mobility_other,private,,new_listings,856,listings,0,,vend-scraper-v2/daily_filtered
2026-07-12,daily,NO,finn.no,real_estate_homes,,,listings,17690,listings,0,,vend-scraper-v2/daily_filtered
2026-07-12,daily,NO,finn.no,real_estate_homes,,,new_listings,43,listings,0,,vend-scraper-v2/daily_filtered
2026-07-12,weekly,NO,finn.no,real_estate_homes,,large,package_count,11214,listings,0,,finn-bolig-packages/packages_history
2026-07-12,weekly,NO,finn.no,real_estate_homes,,large,package_share,63.4,pct,0,,finn-bolig-packages/packages_history
2026-07-12,weekly,NO,finn.no,real_estate_homes,,medium,package_count,5825,listings,0,,finn-bolig-packages/packages_history
2026-07-12,weekly,NO,finn.no,real_estate_homes,,medium,package_share,32.9,pct,0,,finn-bolig-packages/packages_history
2026-07-12,weekly,NO,finn.no,real_estate_homes,,small,package_count,649,listings,0,,finn-bolig-packages/packages_history
2026-07-12,weekly,NO,finn.no,real_estate_homes,,small,package_share,3.7,pct,0,,finn-bolig-packages/packages_history
2026-07-12,daily,NO,finn.no,real_estate_other,,,listings,27663,listings,0,,vend-scraper-v2/daily_filtered
2026-07-12,daily,NO,finn.no,real_estate_other,,,new_listings,365,listings,0,,vend-scraper-v2/daily_filtered
2026-07-12,daily,SE,hemnet.se,real_estate_homes,,,listings,30719,listings,0,,vend-scraper-v2/daily_filtered
2026-07-12,daily,SE,hemnet.se,real_estate_homes,,,new_listings,625,listings,0,,vend-scraper-v2/daily_filtered
2026-07-12,daily,SE,hemnet.se,real_estate_homes_upcoming,,,listings,7687,listings,0,,vend-scraper-v2/daily_filtered
2026-07-12,daily,NO,hjem.no,real_estate_homes,,,listings,6502,listings,0,,vend-scraper-v2/daily_filtered
2026-07-12,daily,FI,oikotie.fi,real_estate_homes,,,listings,50003,listings,0,,vend-scraper-v2/daily_filtered
2026-07-12,daily,FI,oikotie.fi,real_estate_homes,,,new_listings,272,listings,0,,vend-scraper-v2/daily_filtered
2026-07-12,daily,SE,tradera.com,mobility_cars,dealer,,listings,46755,listings,0,,vend-scraper-v2/daily_filtered
2026-07-12,daily,SE,tradera.com,mobility_cars,private,,listings,2314,listings,0,,vend-scraper-v2/daily_filtered
2026-07-12,daily,SE,wayke.se,mobility_cars,dealer,,listings,51250,listings,0,,vend-scraper-v2/daily_filtered
2026-07-13,daily,DK,bilbasen.dk,mobility_cars,private,,listings,3260,listings,0,,vend-scraper-v2/daily_filtered
2026-07-13,daily,DK,bilhandel.dk,mobility_cars,dealer,,listings,25369,listings,0,,vend-scraper-v2/daily_filtered
2026-07-13,daily,DK,bilhandel.dk,mobility_cars,private,,listings,1881,listings,0,,vend-scraper-v2/daily_filtered
2026-07-13,weekly,DK,bilinfo.dk,mobility_cars,,,avg_days_to_sell,56,days,0,,vend-scraper-v2/bilinfo_weekly
2026-07-13,weekly,DK,bilinfo.dk,mobility_cars,,,supply_cars,49500,listings,0,,vend-scraper-v2/bilinfo_weekly
2026-07-13,weekly,DK,bilinfo.dk,mobility_cars,,,visits,422000,visitors,0,,vend-scraper-v2/bilinfo_weekly
2026-07-13,daily,DK,biltorvet.dk,mobility_cars,dealer,,listings,42601,listings,0,,vend-scraper-v2/daily_filtered
2026-07-13,daily,DK,biltorvet.dk,mobility_cars,private,,listings,1474,listings,0,,vend-scraper-v2/daily_filtered
2026-07-13,daily,SE,blocket.se,mobility_cars,dealer,,listings,121339,listings,0,,vend-scraper-v2/daily_filtered
2026-07-13,daily,SE,blocket.se,mobility_cars,dealer,,new_listings,4238,listings,0,,vend-scraper-v2/daily_filtered
2026-07-13,weekly,SE,blocket.se,mobility_cars,dealer,basis,package_sample_count,3808,sampled_listings,1,,finn-mobility-packages/weekly_package_mix
2026-07-13,weekly,SE,blocket.se,mobility_cars,dealer,basis,package_share,62.5,pct,1,,finn-mobility-packages/weekly_package_mix
2026-07-13,weekly,SE,blocket.se,mobility_cars,dealer,pluss,package_sample_count,345,sampled_listings,1,,finn-mobility-packages/weekly_package_mix
2026-07-13,weekly,SE,blocket.se,mobility_cars,dealer,pluss,package_share,5.7,pct,1,,finn-mobility-packages/weekly_package_mix
2026-07-13,weekly,SE,blocket.se,mobility_cars,dealer,premium,package_sample_count,1944,sampled_listings,1,,finn-mobility-packages/weekly_package_mix
2026-07-13,weekly,SE,blocket.se,mobility_cars,dealer,premium,package_share,31.9,pct,1,,finn-mobility-packages/weekly_package_mix
2026-07-13,daily,SE,blocket.se,mobility_cars,private,,listings,23692,listings,0,,vend-scraper-v2/daily_filtered
2026-07-13,daily,SE,blocket.se,mobility_cars,private,,new_listings,1105,listings,0,,vend-scraper-v2/daily_filtered
2026-07-13,daily,SE,blocket.se,mobility_other,dealer,,listings,63518,listings,0,,vend-scraper-v2/daily_filtered
2026-07-13,daily,SE,blocket.se,mobility_other,dealer,,new_listings,1221,listings,0,,vend-scraper-v2/daily_filtered
2026-07-13,daily,SE,blocket.se,mobility_other,private,,listings,23340,listings,0,,vend-scraper-v2/daily_filtered
2026-07-13,daily,SE,blocket.se,mobility_other,private,,new_listings,1196,listings,0,,vend-scraper-v2/daily_filtered
2026-07-13,daily,FI,etuovi.com,real_estate_homes,,,listings,53928,listings,0,,vend-scraper-v2/daily_filtered
2026-07-13,daily,FI,etuovi.com,real_estate_homes,,,new_listings,294,listings,0,,vend-scraper-v2/daily_filtered
2026-07-13,daily,NO,finn.no,jobs_listings,,,listings,16268,listings,0,,vend-scraper-v2/daily_filtered
2026-07-13,daily,NO,finn.no,jobs_listings,,,new_listings,531,listings,0,,vend-scraper-v2/daily_filtered
2026-07-13,daily,NO,finn.no,jobs_positions,,,listings,30392,listings,0,,vend-scraper-v2/daily_filtered
2026-07-13,daily,NO,finn.no,jobs_positions,,,new_listings,922,listings,0,,vend-scraper-v2/daily_filtered
2026-07-13,daily,NO,finn.no,mobility_cars,dealer,,listings,52934,listings,0,,vend-scraper-v2/daily_filtered
2026-07-13,daily,NO,finn.no,mobility_cars,dealer,,new_listings,1564,listings,0,,vend-scraper-v2/daily_filtered
2026-07-13,weekly,NO,finn.no,mobility_cars,dealer,basis,package_sample_count,752,sampled_listings,1,,finn-mobility-packages/weekly_package_mix
2026-07-13,weekly,NO,finn.no,mobility_cars,dealer,basis,package_share,28.1,pct,1,,finn-mobility-packages/weekly_package_mix
2026-07-13,weekly,NO,finn.no,mobility_cars,dealer,pluss,package_sample_count,741,sampled_listings,1,,finn-mobility-packages/weekly_package_mix
2026-07-13,weekly,NO,finn.no,mobility_cars,dealer,pluss,package_share,27.7,pct,1,,finn-mobility-packages/weekly_package_mix
2026-07-13,weekly,NO,finn.no,mobility_cars,dealer,premium,package_sample_count,1182,sampled_listings,1,,finn-mobility-packages/weekly_package_mix
2026-07-13,weekly,NO,finn.no,mobility_cars,dealer,premium,package_share,44.2,pct,1,,finn-mobility-packages/weekly_package_mix
2026-07-13,daily,NO,finn.no,mobility_cars,private,,listings,15205,listings,0,,vend-scraper-v2/daily_filtered
2026-07-13,daily,NO,finn.no,mobility_cars,private,,new_listings,782,listings,0,,vend-scraper-v2/daily_filtered
2026-07-13,daily,NO,finn.no,mobility_other,dealer,,listings,26348,listings,0,,vend-scraper-v2/daily_filtered
2026-07-13,daily,NO,finn.no,mobility_other,dealer,,new_listings,376,listings,0,,vend-scraper-v2/daily_filtered
2026-07-13,daily,NO,finn.no,mobility_other,private,,listings,16523,listings,0,,vend-scraper-v2/daily_filtered
2026-07-13,daily,NO,finn.no,mobility_other,private,,new_listings,963,listings,0,,vend-scraper-v2/daily_filtered
2026-07-13,daily,NO,finn.no,real_estate_homes,,,listings,17327,listings,0,,vend-scraper-v2/daily_filtered
2026-07-13,daily,NO,finn.no,real_estate_homes,,,new_listings,116,listings,0,,vend-scraper-v2/daily_filtered
2026-07-13,daily,NO,finn.no,real_estate_other,,,listings,27646,listings,0,,vend-scraper-v2/daily_filtered
2026-07-13,daily,NO,finn.no,real_estate_other,,,new_listings,550,listings,0,,vend-scraper-v2/daily_filtered
2026-07-13,daily,SE,hemnet.se,real_estate_homes,,,listings,30606,listings,0,,vend-scraper-v2/daily_filtered
2026-07-13,daily,SE,hemnet.se,real_estate_homes,,,new_listings,1018,listings,0,,vend-scraper-v2/daily_filtered
2026-07-13,daily,SE,hemnet.se,real_estate_homes_upcoming,,,listings,7715,listings,0,,vend-scraper-v2/daily_filtered
2026-07-13,daily,NO,hjem.no,real_estate_homes,,,listings,6387,listings,0,,vend-scraper-v2/daily_filtered
2026-07-13,daily,FI,oikotie.fi,real_estate_homes,,,listings,49918,listings,0,,vend-scraper-v2/daily_filtered
2026-07-13,daily,FI,oikotie.fi,real_estate_homes,,,new_listings,393,listings,0,,vend-scraper-v2/daily_filtered
2026-07-13,daily,SE,tradera.com,mobility_cars,dealer,,listings,46879,listings,0,,vend-scraper-v2/daily_filtered
2026-07-13,daily,SE,tradera.com,mobility_cars,private,,listings,2340,listings,0,,vend-scraper-v2/daily_filtered
2026-07-13,daily,SE,wayke.se,mobility_cars,dealer,,listings,51148,listings,0,,vend-scraper-v2/daily_filtered
2026-07-14,daily,DK,bilbasen.dk,mobility_cars,private,,listings,3270,listings,0,,vend-scraper-v2/daily_filtered
2026-07-14,daily,DK,bilhandel.dk,mobility_cars,dealer,,listings,25433,listings,0,,vend-scraper-v2/daily_filtered
2026-07-14,daily,DK,bilhandel.dk,mobility_cars,private,,listings,1880,listings,0,,vend-scraper-v2/daily_filtered
2026-07-14,daily,DK,biltorvet.dk,mobility_cars,dealer,,listings,42661,listings,0,,vend-scraper-v2/daily_filtered
2026-07-14,daily,DK,biltorvet.dk,mobility_cars,private,,listings,1480,listings,0,,vend-scraper-v2/daily_filtered
2026-07-14,daily,SE,blocket.se,mobility_cars,dealer,,listings,121358,listings,0,,vend-scraper-v2/daily_filtered
2026-07-14,daily,SE,blocket.se,mobility_cars,dealer,,new_listings,4961,listings,0,,vend-scraper-v2/daily_filtered
2026-07-14,daily,SE,blocket.se,mobility_cars,private,,listings,23791,listings,0,,vend-scraper-v2/daily_filtered
2026-07-14,daily,SE,blocket.se,mobility_cars,private,,new_listings,1180,listings,0,,vend-scraper-v2/daily_filtered
2026-07-14,daily,SE,blocket.se,mobility_other,dealer,,listings,62675,listings,0,,vend-scraper-v2/daily_filtered
2026-07-14,daily,SE,blocket.se,mobility_other,dealer,,new_listings,1186,listings,0,,vend-scraper-v2/daily_filtered
2026-07-14,daily,SE,blocket.se,mobility_other,private,,listings,23364,listings,0,,vend-scraper-v2/daily_filtered
2026-07-14,daily,SE,blocket.se,mobility_other,private,,new_listings,1111,listings,0,,vend-scraper-v2/daily_filtered
2026-07-14,daily,FI,etuovi.com,real_estate_homes,,,listings,53893,listings,0,,vend-scraper-v2/daily_filtered
2026-07-14,daily,FI,etuovi.com,real_estate_homes,,,new_listings,334,listings,0,,vend-scraper-v2/daily_filtered
2026-07-14,daily,NO,finn.no,jobs_listings,,,listings,16288,listings,0,,vend-scraper-v2/daily_filtered
2026-07-14,daily,NO,finn.no,jobs_listings,,,new_listings,411,listings,0,,vend-scraper-v2/daily_filtered
2026-07-14,daily,NO,finn.no,jobs_positions,,,listings,30431,listings,0,,vend-scraper-v2/daily_filtered
2026-07-14,daily,NO,finn.no,jobs_positions,,,new_listings,796,listings,0,,vend-scraper-v2/daily_filtered
2026-07-14,daily,NO,finn.no,mobility_cars,dealer,,listings,53410,listings,0,,vend-scraper-v2/daily_filtered
2026-07-14,daily,NO,finn.no,mobility_cars,dealer,,new_listings,1531,listings,0,,vend-scraper-v2/daily_filtered
2026-07-14,daily,NO,finn.no,mobility_cars,private,,listings,15063,listings,0,,vend-scraper-v2/daily_filtered
2026-07-14,daily,NO,finn.no,mobility_cars,private,,new_listings,699,listings,0,,vend-scraper-v2/daily_filtered
2026-07-14,daily,NO,finn.no,mobility_other,dealer,,listings,26200,listings,0,,vend-scraper-v2/daily_filtered
2026-07-14,daily,NO,finn.no,mobility_other,dealer,,new_listings,373,listings,0,,vend-scraper-v2/daily_filtered
2026-07-14,daily,NO,finn.no,mobility_other,private,,listings,16423,listings,0,,vend-scraper-v2/daily_filtered
2026-07-14,daily,NO,finn.no,mobility_other,private,,new_listings,911,listings,0,,vend-scraper-v2/daily_filtered
2026-07-14,daily,NO,finn.no,real_estate_homes,,,listings,17261,listings,0,,vend-scraper-v2/daily_filtered
2026-07-14,daily,NO,finn.no,real_estate_homes,,,new_listings,103,listings,0,,vend-scraper-v2/daily_filtered
2026-07-14,daily,NO,finn.no,real_estate_other,,,listings,27684,listings,0,,vend-scraper-v2/daily_filtered
2026-07-14,daily,NO,finn.no,real_estate_other,,,new_listings,528,listings,0,,vend-scraper-v2/daily_filtered
2026-07-14,daily,SE,hemnet.se,real_estate_homes,,,listings,30430,listings,0,,vend-scraper-v2/daily_filtered
2026-07-14,daily,SE,hemnet.se,real_estate_homes,,,new_listings,1110,listings,0,,vend-scraper-v2/daily_filtered
2026-07-14,daily,SE,hemnet.se,real_estate_homes_upcoming,,,listings,7775,listings,0,,vend-scraper-v2/daily_filtered
2026-07-14,daily,NO,hjem.no,real_estate_homes,,,listings,6372,listings,0,,vend-scraper-v2/daily_filtered
2026-07-14,daily,FI,oikotie.fi,real_estate_homes,,,listings,49883,listings,0,,vend-scraper-v2/daily_filtered
2026-07-14,daily,FI,oikotie.fi,real_estate_homes,,,new_listings,561,listings,0,,vend-scraper-v2/daily_filtered
2026-07-14,daily,SE,tradera.com,mobility_cars,dealer,,listings,47036,listings,0,,vend-scraper-v2/daily_filtered
2026-07-14,daily,SE,tradera.com,mobility_cars,private,,listings,2349,listings,0,,vend-scraper-v2/daily_filtered
2026-07-14,daily,SE,wayke.se,mobility_cars,dealer,,listings,51419,listings,0,,vend-scraper-v2/daily_filtered
2026-07-15,daily,DK,bilbasen.dk,mobility_cars,private,,listings,3276,listings,0,,vend-scraper-v2/daily_filtered
2026-07-15,daily,DK,bilhandel.dk,mobility_cars,dealer,,listings,25693,listings,0,,vend-scraper-v2/daily_filtered
2026-07-15,daily,DK,bilhandel.dk,mobility_cars,private,,listings,1877,listings,0,,vend-scraper-v2/daily_filtered
2026-07-15,daily,DK,biltorvet.dk,mobility_cars,dealer,,listings,42787,listings,0,,vend-scraper-v2/daily_filtered
2026-07-15,daily,DK,biltorvet.dk,mobility_cars,private,,listings,1510,listings,0,,vend-scraper-v2/daily_filtered
2026-07-15,daily,SE,blocket.se,mobility_cars,dealer,,listings,121485,listings,0,,vend-scraper-v2/daily_filtered
2026-07-15,daily,SE,blocket.se,mobility_cars,dealer,,new_listings,4548,listings,0,,vend-scraper-v2/daily_filtered
2026-07-15,daily,SE,blocket.se,mobility_cars,private,,listings,23716,listings,0,,vend-scraper-v2/daily_filtered
2026-07-15,daily,SE,blocket.se,mobility_cars,private,,new_listings,1002,listings,0,,vend-scraper-v2/daily_filtered
2026-07-15,daily,SE,blocket.se,mobility_other,dealer,,listings,62554,listings,0,,vend-scraper-v2/daily_filtered
2026-07-15,daily,SE,blocket.se,mobility_other,dealer,,new_listings,1138,listings,0,,vend-scraper-v2/daily_filtered
2026-07-15,daily,SE,blocket.se,mobility_other,private,,listings,23281,listings,0,,vend-scraper-v2/daily_filtered
2026-07-15,daily,SE,blocket.se,mobility_other,private,,new_listings,1021,listings,0,,vend-scraper-v2/daily_filtered
2026-07-15,daily,FI,etuovi.com,real_estate_homes,,,listings,53889,listings,0,,vend-scraper-v2/daily_filtered
2026-07-15,daily,FI,etuovi.com,real_estate_homes,,,new_listings,358,listings,0,,vend-scraper-v2/daily_filtered
2026-07-15,daily,NO,finn.no,jobs_listings,,,listings,16445,listings,0,,vend-scraper-v2/daily_filtered
2026-07-15,daily,NO,finn.no,jobs_listings,,,new_listings,507,listings,0,,vend-scraper-v2/daily_filtered
2026-07-15,daily,NO,finn.no,jobs_positions,,,listings,30668,listings,0,,vend-scraper-v2/daily_filtered
2026-07-15,daily,NO,finn.no,jobs_positions,,,new_listings,982,listings,0,,vend-scraper-v2/daily_filtered
2026-07-15,daily,NO,finn.no,mobility_cars,dealer,,listings,54135,listings,0,,vend-scraper-v2/daily_filtered
2026-07-15,daily,NO,finn.no,mobility_cars,dealer,,new_listings,1773,listings,0,,vend-scraper-v2/daily_filtered
2026-07-15,daily,NO,finn.no,mobility_cars,private,,listings,14900,listings,0,,vend-scraper-v2/daily_filtered
2026-07-15,daily,NO,finn.no,mobility_cars,private,,new_listings,733,listings,0,,vend-scraper-v2/daily_filtered
2026-07-15,daily,NO,finn.no,mobility_other,dealer,,listings,26166,listings,0,,vend-scraper-v2/daily_filtered
2026-07-15,daily,NO,finn.no,mobility_other,dealer,,new_listings,383,listings,0,,vend-scraper-v2/daily_filtered
2026-07-15,daily,NO,finn.no,mobility_other,private,,listings,16346,listings,0,,vend-scraper-v2/daily_filtered
2026-07-15,daily,NO,finn.no,mobility_other,private,,new_listings,936,listings,0,,vend-scraper-v2/daily_filtered
2026-07-15,daily,NO,finn.no,real_estate_homes,,,listings,17246,listings,0,,vend-scraper-v2/daily_filtered
2026-07-15,daily,NO,finn.no,real_estate_homes,,,new_listings,133,listings,0,,vend-scraper-v2/daily_filtered
2026-07-15,daily,NO,finn.no,real_estate_other,,,listings,27744,listings,0,,vend-scraper-v2/daily_filtered
2026-07-15,daily,NO,finn.no,real_estate_other,,,new_listings,544,listings,0,,vend-scraper-v2/daily_filtered
2026-07-15,daily,SE,hemnet.se,real_estate_homes,,,listings,30255,listings,0,,vend-scraper-v2/daily_filtered
2026-07-15,daily,SE,hemnet.se,real_estate_homes,,,new_listings,821,listings,0,,vend-scraper-v2/daily_filtered
2026-07-15,daily,SE,hemnet.se,real_estate_homes_upcoming,,,listings,7807,listings,0,,vend-scraper-v2/daily_filtered
2026-07-15,daily,NO,hjem.no,real_estate_homes,,,listings,6357,listings,0,,vend-scraper-v2/daily_filtered
2026-07-15,daily,FI,oikotie.fi,real_estate_homes,,,listings,49867,listings,0,,vend-scraper-v2/daily_filtered
2026-07-15,daily,FI,oikotie.fi,real_estate_homes,,,new_listings,619,listings,0,,vend-scraper-v2/daily_filtered
2026-07-15,daily,SE,tradera.com,mobility_cars,dealer,,listings,47217,listings,0,,vend-scraper-v2/daily_filtered
2026-07-15,daily,SE,tradera.com,mobility_cars,private,,listings,2349,listings,0,,vend-scraper-v2/daily_filtered
2026-07-15,daily,SE,wayke.se,mobility_cars,dealer,,listings,51552,listings,0,,vend-scraper-v2/daily_filtered
2026-07-16,daily,DK,bilbasen.dk,mobility_cars,private,,listings,3260,listings,0,,vend-scraper-v2/daily_filtered
2026-07-16,daily,DK,bilhandel.dk,mobility_cars,dealer,,listings,25723,listings,0,,vend-scraper-v2/daily_filtered
2026-07-16,daily,DK,bilhandel.dk,mobility_cars,private,,listings,1877,listings,0,,vend-scraper-v2/daily_filtered
2026-07-16,daily,DK,biltorvet.dk,mobility_cars,dealer,,listings,42902,listings,0,,vend-scraper-v2/daily_filtered
2026-07-16,daily,DK,biltorvet.dk,mobility_cars,private,,listings,1539,listings,0,,vend-scraper-v2/daily_filtered
2026-07-16,daily,SE,blocket.se,mobility_cars,dealer,,listings,121787,listings,0,,vend-scraper-v2/daily_filtered
2026-07-16,daily,SE,blocket.se,mobility_cars,dealer,,new_listings,4906,listings,0,,vend-scraper-v2/daily_filtered
2026-07-16,daily,SE,blocket.se,mobility_cars,private,,listings,23677,listings,0,,vend-scraper-v2/daily_filtered
2026-07-16,daily,SE,blocket.se,mobility_cars,private,,new_listings,1014,listings,0,,vend-scraper-v2/daily_filtered
2026-07-16,daily,SE,blocket.se,mobility_other,dealer,,listings,62381,listings,0,,vend-scraper-v2/daily_filtered
2026-07-16,daily,SE,blocket.se,mobility_other,dealer,,new_listings,974,listings,0,,vend-scraper-v2/daily_filtered
2026-07-16,daily,SE,blocket.se,mobility_other,private,,listings,23180,listings,0,,vend-scraper-v2/daily_filtered
2026-07-16,daily,SE,blocket.se,mobility_other,private,,new_listings,1011,listings,0,,vend-scraper-v2/daily_filtered
2026-07-16,daily,FI,etuovi.com,real_estate_homes,,,listings,53876,listings,0,,vend-scraper-v2/daily_filtered
2026-07-16,daily,FI,etuovi.com,real_estate_homes,,,new_listings,389,listings,0,,vend-scraper-v2/daily_filtered
2026-07-16,daily,NO,finn.no,jobs_listings,,,listings,16248,listings,0,,vend-scraper-v2/daily_filtered
2026-07-16,daily,NO,finn.no,jobs_listings,,,new_listings,363,listings,0,,vend-scraper-v2/daily_filtered
2026-07-16,daily,NO,finn.no,jobs_positions,,,listings,30176,listings,0,,vend-scraper-v2/daily_filtered
2026-07-16,daily,NO,finn.no,jobs_positions,,,new_listings,663,listings,0,,vend-scraper-v2/daily_filtered
2026-07-16,daily,NO,finn.no,mobility_cars,dealer,,listings,54020,listings,0,,vend-scraper-v2/daily_filtered
2026-07-16,daily,NO,finn.no,mobility_cars,dealer,,new_listings,1545,listings,0,,vend-scraper-v2/daily_filtered
2026-07-16,daily,NO,finn.no,mobility_cars,private,,listings,14828,listings,0,,vend-scraper-v2/daily_filtered
2026-07-16,daily,NO,finn.no,mobility_cars,private,,new_listings,733,listings,0,,vend-scraper-v2/daily_filtered
2026-07-16,daily,NO,finn.no,mobility_other,dealer,,listings,26089,listings,0,,vend-scraper-v2/daily_filtered
2026-07-16,daily,NO,finn.no,mobility_other,dealer,,new_listings,540,listings,0,,vend-scraper-v2/daily_filtered
2026-07-16,daily,NO,finn.no,mobility_other,private,,listings,16262,listings,0,,vend-scraper-v2/daily_filtered
2026-07-16,daily,NO,finn.no,mobility_other,private,,new_listings,930,listings,0,,vend-scraper-v2/daily_filtered
2026-07-16,daily,NO,finn.no,real_estate_homes,,,listings,17103,listings,0,,vend-scraper-v2/daily_filtered
2026-07-16,daily,NO,finn.no,real_estate_homes,,,new_listings,125,listings,0,,vend-scraper-v2/daily_filtered
2026-07-16,daily,NO,finn.no,real_estate_other,,,listings,27629,listings,0,,vend-scraper-v2/daily_filtered
2026-07-16,daily,NO,finn.no,real_estate_other,,,new_listings,471,listings,0,,vend-scraper-v2/daily_filtered
2026-07-16,daily,SE,hemnet.se,real_estate_homes,,,listings,30065,listings,0,,vend-scraper-v2/daily_filtered
2026-07-16,daily,SE,hemnet.se,real_estate_homes,,,new_listings,815,listings,0,,vend-scraper-v2/daily_filtered
2026-07-16,daily,SE,hemnet.se,real_estate_homes_upcoming,,,listings,7867,listings,0,,vend-scraper-v2/daily_filtered
2026-07-16,daily,NO,hjem.no,real_estate_homes,,,listings,6285,listings,0,,vend-scraper-v2/daily_filtered
2026-07-16,daily,FI,oikotie.fi,real_estate_homes,,,listings,49869,listings,0,,vend-scraper-v2/daily_filtered
2026-07-16,daily,FI,oikotie.fi,real_estate_homes,,,new_listings,634,listings,0,,vend-scraper-v2/daily_filtered
2026-07-16,daily,SE,tradera.com,mobility_cars,dealer,,listings,47304,listings,0,,vend-scraper-v2/daily_filtered
2026-07-16,daily,SE,tradera.com,mobility_cars,private,,listings,2368,listings,0,,vend-scraper-v2/daily_filtered
2026-07-16,daily,SE,wayke.se,mobility_cars,dealer,,listings,51744,listings,0,,vend-scraper-v2/daily_filtered
2026-07-17,daily,DK,bilbasen.dk,mobility_cars,private,,listings,3240,listings,0,,vend-scraper-v2/daily_filtered
2026-07-17,daily,DK,bilhandel.dk,mobility_cars,dealer,,listings,25790,listings,0,,vend-scraper-v2/daily_filtered
2026-07-17,daily,DK,bilhandel.dk,mobility_cars,private,,listings,1872,listings,0,,vend-scraper-v2/daily_filtered
2026-07-17,daily,DK,biltorvet.dk,mobility_cars,dealer,,listings,43066,listings,0,,vend-scraper-v2/daily_filtered
2026-07-17,daily,DK,biltorvet.dk,mobility_cars,private,,listings,1512,listings,0,,vend-scraper-v2/daily_filtered
2026-07-17,daily,SE,blocket.se,mobility_cars,dealer,,listings,122109,listings,0,,vend-scraper-v2/daily_filtered
2026-07-17,daily,SE,blocket.se,mobility_cars,dealer,,new_listings,4934,listings,0,,vend-scraper-v2/daily_filtered
2026-07-17,daily,SE,blocket.se,mobility_cars,private,,listings,23740,listings,0,,vend-scraper-v2/daily_filtered
2026-07-17,daily,SE,blocket.se,mobility_cars,private,,new_listings,1069,listings,0,,vend-scraper-v2/daily_filtered
2026-07-17,daily,SE,blocket.se,mobility_other,dealer,,listings,62211,listings,0,,vend-scraper-v2/daily_filtered
2026-07-17,daily,SE,blocket.se,mobility_other,dealer,,new_listings,1006,listings,0,,vend-scraper-v2/daily_filtered
2026-07-17,daily,SE,blocket.se,mobility_other,private,,listings,23177,listings,0,,vend-scraper-v2/daily_filtered
2026-07-17,daily,SE,blocket.se,mobility_other,private,,new_listings,956,listings,0,,vend-scraper-v2/daily_filtered
2026-07-17,daily,FI,etuovi.com,real_estate_homes,,,listings,53874,listings,0,,vend-scraper-v2/daily_filtered
2026-07-17,daily,FI,etuovi.com,real_estate_homes,,,new_listings,383,listings,0,,vend-scraper-v2/daily_filtered
2026-07-17,daily,NO,finn.no,jobs_listings,,,listings,16279,listings,0,,vend-scraper-v2/daily_filtered
2026-07-17,daily,NO,finn.no,jobs_listings,,,new_listings,381,listings,0,,vend-scraper-v2/daily_filtered
2026-07-17,daily,NO,finn.no,jobs_positions,,,listings,30063,listings,0,,vend-scraper-v2/daily_filtered
2026-07-17,daily,NO,finn.no,jobs_positions,,,new_listings,723,listings,0,,vend-scraper-v2/daily_filtered
2026-07-17,daily,NO,finn.no,mobility_cars,dealer,,listings,53824,listings,0,,vend-scraper-v2/daily_filtered
2026-07-17,daily,NO,finn.no,mobility_cars,dealer,,new_listings,1339,listings,0,,vend-scraper-v2/daily_filtered
2026-07-17,daily,NO,finn.no,mobility_cars,private,,listings,14719,listings,0,,vend-scraper-v2/daily_filtered
2026-07-17,daily,NO,finn.no,mobility_cars,private,,new_listings,676,listings,0,,vend-scraper-v2/daily_filtered
2026-07-17,daily,NO,finn.no,mobility_other,dealer,,listings,26193,listings,0,,vend-scraper-v2/daily_filtered
2026-07-17,daily,NO,finn.no,mobility_other,dealer,,new_listings,478,listings,0,,vend-scraper-v2/daily_filtered
2026-07-17,daily,NO,finn.no,mobility_other,private,,listings,16214,listings,0,,vend-scraper-v2/daily_filtered
2026-07-17,daily,NO,finn.no,mobility_other,private,,new_listings,848,listings,0,,vend-scraper-v2/daily_filtered
2026-07-17,daily,NO,finn.no,real_estate_homes,,,listings,16932,listings,0,,vend-scraper-v2/daily_filtered
2026-07-17,daily,NO,finn.no,real_estate_homes,,,new_listings,162,listings,0,,vend-scraper-v2/daily_filtered
2026-07-17,daily,NO,finn.no,real_estate_other,,,listings,27649,listings,0,,vend-scraper-v2/daily_filtered
2026-07-17,daily,NO,finn.no,real_estate_other,,,new_listings,600,listings,0,,vend-scraper-v2/daily_filtered
2026-07-17,daily,SE,hemnet.se,real_estate_homes,,,listings,29991,listings,0,,vend-scraper-v2/daily_filtered
2026-07-17,daily,SE,hemnet.se,real_estate_homes,,,new_listings,1054,listings,0,,vend-scraper-v2/daily_filtered
2026-07-17,daily,SE,hemnet.se,real_estate_homes_upcoming,,,listings,7925,listings,0,,vend-scraper-v2/daily_filtered
2026-07-17,daily,NO,hjem.no,real_estate_homes,,,listings,6247,listings,0,,vend-scraper-v2/daily_filtered
2026-07-17,daily,FI,oikotie.fi,real_estate_homes,,,listings,49840,listings,0,,vend-scraper-v2/daily_filtered
2026-07-17,daily,FI,oikotie.fi,real_estate_homes,,,new_listings,656,listings,0,,vend-scraper-v2/daily_filtered
2026-07-17,daily,SE,tradera.com,mobility_cars,dealer,,listings,47377,listings,0,,vend-scraper-v2/daily_filtered
2026-07-17,daily,SE,tradera.com,mobility_cars,private,,listings,2315,listings,0,,vend-scraper-v2/daily_filtered
2026-07-17,daily,SE,wayke.se,mobility_cars,dealer,,listings,51950,listings,0,,vend-scraper-v2/daily_filtered
2026-07-18,daily,DK,bilbasen.dk,mobility_cars,private,,listings,3246,listings,0,,vend-scraper-v2/daily_filtered
2026-07-18,daily,DK,bilhandel.dk,mobility_cars,dealer,,listings,25746,listings,0,,vend-scraper-v2/daily_filtered
2026-07-18,daily,DK,bilhandel.dk,mobility_cars,private,,listings,1868,listings,0,,vend-scraper-v2/daily_filtered
2026-07-18,daily,DK,biltorvet.dk,mobility_cars,dealer,,listings,43027,listings,0,,vend-scraper-v2/daily_filtered
2026-07-18,daily,DK,biltorvet.dk,mobility_cars,private,,listings,1500,listings,0,,vend-scraper-v2/daily_filtered
2026-07-18,daily,SE,blocket.se,mobility_cars,dealer,,listings,121670,listings,0,,vend-scraper-v2/daily_filtered
2026-07-18,daily,SE,blocket.se,mobility_cars,dealer,,new_listings,2665,listings,0,,vend-scraper-v2/daily_filtered
2026-07-18,daily,SE,blocket.se,mobility_cars,private,,listings,23692,listings,0,,vend-scraper-v2/daily_filtered
2026-07-18,daily,SE,blocket.se,mobility_cars,private,,new_listings,959,listings,0,,vend-scraper-v2/daily_filtered
2026-07-18,daily,SE,blocket.se,mobility_other,dealer,,listings,62149,listings,0,,vend-scraper-v2/daily_filtered
2026-07-18,daily,SE,blocket.se,mobility_other,dealer,,new_listings,393,listings,0,,vend-scraper-v2/daily_filtered
2026-07-18,daily,SE,blocket.se,mobility_other,private,,listings,23212,listings,0,,vend-scraper-v2/daily_filtered
2026-07-18,daily,SE,blocket.se,mobility_other,private,,new_listings,989,listings,0,,vend-scraper-v2/daily_filtered
2026-07-18,daily,FI,etuovi.com,real_estate_homes,,,listings,53866,listings,0,,vend-scraper-v2/daily_filtered
2026-07-18,daily,FI,etuovi.com,real_estate_homes,,,new_listings,175,listings,0,,vend-scraper-v2/daily_filtered
2026-07-18,daily,NO,finn.no,jobs_listings,,,listings,15987,listings,0,,vend-scraper-v2/daily_filtered
2026-07-18,daily,NO,finn.no,jobs_listings,,,new_listings,61,listings,0,,vend-scraper-v2/daily_filtered
2026-07-18,daily,NO,finn.no,jobs_positions,,,listings,29464,listings,0,,vend-scraper-v2/daily_filtered
2026-07-18,daily,NO,finn.no,jobs_positions,,,new_listings,87,listings,0,,vend-scraper-v2/daily_filtered
2026-07-18,daily,NO,finn.no,mobility_cars,dealer,,listings,53325,listings,0,,vend-scraper-v2/daily_filtered
2026-07-18,daily,NO,finn.no,mobility_cars,dealer,,new_listings,586,listings,0,,vend-scraper-v2/daily_filtered
2026-07-18,daily,NO,finn.no,mobility_cars,private,,listings,14565,listings,0,,vend-scraper-v2/daily_filtered
2026-07-18,daily,NO,finn.no,mobility_cars,private,,new_listings,606,listings,0,,vend-scraper-v2/daily_filtered
2026-07-18,daily,NO,finn.no,mobility_other,dealer,,listings,26063,listings,0,,vend-scraper-v2/daily_filtered
2026-07-18,daily,NO,finn.no,mobility_other,dealer,,new_listings,214,listings,0,,vend-scraper-v2/daily_filtered
2026-07-18,daily,NO,finn.no,mobility_other,private,,listings,16210,listings,0,,vend-scraper-v2/daily_filtered
2026-07-18,daily,NO,finn.no,mobility_other,private,,new_listings,779,listings,0,,vend-scraper-v2/daily_filtered
2026-07-18,daily,NO,finn.no,real_estate_homes,,,listings,16795,listings,0,,vend-scraper-v2/daily_filtered
2026-07-18,daily,NO,finn.no,real_estate_homes,,,new_listings,83,listings,0,,vend-scraper-v2/daily_filtered
2026-07-18,daily,NO,finn.no,real_estate_other,,,listings,27648,listings,0,,vend-scraper-v2/daily_filtered
2026-07-18,daily,NO,finn.no,real_estate_other,,,new_listings,501,listings,0,,vend-scraper-v2/daily_filtered
2026-07-18,daily,SE,hemnet.se,real_estate_homes,,,listings,29925,listings,0,,vend-scraper-v2/daily_filtered
2026-07-18,daily,SE,hemnet.se,real_estate_homes,,,new_listings,936,listings,0,,vend-scraper-v2/daily_filtered
2026-07-18,daily,SE,hemnet.se,real_estate_homes_upcoming,,,listings,7956,listings,0,,vend-scraper-v2/daily_filtered
2026-07-18,daily,NO,hjem.no,real_estate_homes,,,listings,6195,listings,0,,vend-scraper-v2/daily_filtered
2026-07-18,daily,FI,oikotie.fi,real_estate_homes,,,listings,49849,listings,0,,vend-scraper-v2/daily_filtered
2026-07-18,daily,FI,oikotie.fi,real_estate_homes,,,new_listings,491,listings,0,,vend-scraper-v2/daily_filtered
2026-07-18,daily,SE,tradera.com,mobility_cars,dealer,,listings,48669,listings,0,,vend-scraper-v2/daily_filtered
2026-07-18,daily,SE,tradera.com,mobility_cars,private,,listings,2322,listings,0,,vend-scraper-v2/daily_filtered
2026-07-18,daily,SE,wayke.se,mobility_cars,dealer,,listings,51769,listings,0,,vend-scraper-v2/daily_filtered
2026-07-19,daily,DK,bilbasen.dk,mobility_cars,private,,listings,3256,listings,0,,vend-scraper-v2/daily_filtered
2026-07-19,daily,DK,bilhandel.dk,mobility_cars,dealer,,listings,25520,listings,0,,vend-scraper-v2/daily_filtered
2026-07-19,daily,DK,bilhandel.dk,mobility_cars,private,,listings,1866,listings,0,,vend-scraper-v2/daily_filtered
2026-07-19,daily,DK,biltorvet.dk,mobility_cars,dealer,,listings,42709,listings,0,,vend-scraper-v2/daily_filtered
2026-07-19,daily,DK,biltorvet.dk,mobility_cars,private,,listings,1509,listings,0,,vend-scraper-v2/daily_filtered
2026-07-19,daily,SE,blocket.se,mobility_cars,dealer,,listings,121591,listings,0,,vend-scraper-v2/daily_filtered
2026-07-19,daily,SE,blocket.se,mobility_cars,dealer,,new_listings,1910,listings,0,,vend-scraper-v2/daily_filtered
2026-07-19,daily,SE,blocket.se,mobility_cars,private,,listings,23646,listings,0,,vend-scraper-v2/daily_filtered
2026-07-19,daily,SE,blocket.se,mobility_cars,private,,new_listings,1004,listings,0,,vend-scraper-v2/daily_filtered
2026-07-19,daily,SE,blocket.se,mobility_other,dealer,,listings,61902,listings,0,,vend-scraper-v2/daily_filtered
2026-07-19,daily,SE,blocket.se,mobility_other,dealer,,new_listings,366,listings,0,,vend-scraper-v2/daily_filtered
2026-07-19,daily,SE,blocket.se,mobility_other,private,,listings,23231,listings,0,,vend-scraper-v2/daily_filtered
2026-07-19,daily,SE,blocket.se,mobility_other,private,,new_listings,1067,listings,0,,vend-scraper-v2/daily_filtered
2026-07-19,daily,FI,etuovi.com,real_estate_homes,,,listings,53837,listings,0,,vend-scraper-v2/daily_filtered
2026-07-19,daily,FI,etuovi.com,real_estate_homes,,,new_listings,158,listings,0,,vend-scraper-v2/daily_filtered
2026-07-19,daily,NO,finn.no,jobs_listings,,,listings,15934,listings,0,,vend-scraper-v2/daily_filtered
2026-07-19,daily,NO,finn.no,jobs_listings,,,new_listings,83,listings,0,,vend-scraper-v2/daily_filtered
2026-07-19,daily,NO,finn.no,jobs_positions,,,listings,29369,listings,0,,vend-scraper-v2/daily_filtered
2026-07-19,daily,NO,finn.no,jobs_positions,,,new_listings,277,listings,0,,vend-scraper-v2/daily_filtered
2026-07-19,daily,NO,finn.no,mobility_cars,dealer,,listings,52576,listings,0,,vend-scraper-v2/daily_filtered
2026-07-19,daily,NO,finn.no,mobility_cars,dealer,,new_listings,369,listings,0,,vend-scraper-v2/daily_filtered
2026-07-19,daily,NO,finn.no,mobility_cars,private,,listings,14577,listings,0,,vend-scraper-v2/daily_filtered
2026-07-19,daily,NO,finn.no,mobility_cars,private,,new_listings,693,listings,0,,vend-scraper-v2/daily_filtered
2026-07-19,daily,NO,finn.no,mobility_other,dealer,,listings,25755,listings,0,,vend-scraper-v2/daily_filtered
2026-07-19,daily,NO,finn.no,mobility_other,dealer,,new_listings,202,listings,0,,vend-scraper-v2/daily_filtered
2026-07-19,daily,NO,finn.no,mobility_other,private,,listings,16328,listings,0,,vend-scraper-v2/daily_filtered
2026-07-19,daily,NO,finn.no,mobility_other,private,,new_listings,974,listings,0,,vend-scraper-v2/daily_filtered
2026-07-19,daily,NO,finn.no,real_estate_homes,,,listings,16720,listings,0,,vend-scraper-v2/daily_filtered
2026-07-19,daily,NO,finn.no,real_estate_homes,,,new_listings,111,listings,0,,vend-scraper-v2/daily_filtered
2026-07-19,weekly,NO,finn.no,real_estate_homes,,large,package_count,10534,listings,0,,finn-bolig-packages/packages_history
2026-07-19,weekly,NO,finn.no,real_estate_homes,,large,package_share,63,pct,0,,finn-bolig-packages/packages_history
2026-07-19,weekly,NO,finn.no,real_estate_homes,,medium,package_count,5537,listings,0,,finn-bolig-packages/packages_history
2026-07-19,weekly,NO,finn.no,real_estate_homes,,medium,package_share,33.1,pct,0,,finn-bolig-packages/packages_history
2026-07-19,weekly,NO,finn.no,real_estate_homes,,small,package_count,648,listings,0,,finn-bolig-packages/packages_history
2026-07-19,weekly,NO,finn.no,real_estate_homes,,small,package_share,3.9,pct,0,,finn-bolig-packages/packages_history
2026-07-19,daily,NO,finn.no,real_estate_other,,,listings,27659,listings,0,,vend-scraper-v2/daily_filtered
2026-07-19,daily,NO,finn.no,real_estate_other,,,new_listings,488,listings,0,,vend-scraper-v2/daily_filtered
2026-07-19,daily,SE,hemnet.se,real_estate_homes,,,listings,29894,listings,0,,vend-scraper-v2/daily_filtered
2026-07-19,daily,SE,hemnet.se,real_estate_homes,,,new_listings,532,listings,0,,vend-scraper-v2/daily_filtered
2026-07-19,daily,SE,hemnet.se,real_estate_homes_upcoming,,,listings,7958,listings,0,,vend-scraper-v2/daily_filtered
2026-07-19,daily,NO,hjem.no,real_estate_homes,,,listings,6194,listings,0,,vend-scraper-v2/daily_filtered
2026-07-19,daily,FI,oikotie.fi,real_estate_homes,,,listings,49845,listings,0,,vend-scraper-v2/daily_filtered
2026-07-19,daily,FI,oikotie.fi,real_estate_homes,,,new_listings,305,listings,0,,vend-scraper-v2/daily_filtered
2026-07-19,daily,SE,tradera.com,mobility_cars,dealer,,listings,47265,listings,0,,vend-scraper-v2/daily_filtered
2026-07-19,daily,SE,tradera.com,mobility_cars,private,,listings,2349,listings,0,,vend-scraper-v2/daily_filtered
2026-07-19,daily,SE,wayke.se,mobility_cars,dealer,,listings,51624,listings,0,,vend-scraper-v2/daily_filtered
2026-07-20,daily,DK,bilbasen.dk,mobility_cars,private,,listings,3286,listings,0,,vend-scraper-v2/daily_filtered
2026-07-20,daily,DK,bilhandel.dk,mobility_cars,dealer,,listings,25418,listings,0,,vend-scraper-v2/daily_filtered
2026-07-20,daily,DK,bilhandel.dk,mobility_cars,private,,listings,1866,listings,0,,vend-scraper-v2/daily_filtered
2026-07-20,weekly,DK,bilinfo.dk,mobility_cars,,,avg_days_to_sell,56,days,0,,vend-scraper-v2/bilinfo_weekly
2026-07-20,weekly,DK,bilinfo.dk,mobility_cars,,,supply_cars,49500,listings,0,,vend-scraper-v2/bilinfo_weekly
2026-07-20,weekly,DK,bilinfo.dk,mobility_cars,,,visits,407000,visitors,0,,vend-scraper-v2/bilinfo_weekly
2026-07-20,daily,DK,biltorvet.dk,mobility_cars,dealer,,listings,42523,listings,0,,vend-scraper-v2/daily_filtered
2026-07-20,daily,DK,biltorvet.dk,mobility_cars,private,,listings,1504,listings,0,,vend-scraper-v2/daily_filtered
2026-07-20,daily,SE,blocket.se,mobility_cars,dealer,,listings,120960,listings,0,,vend-scraper-v2/daily_filtered
2026-07-20,daily,SE,blocket.se,mobility_cars,dealer,,new_listings,4382,listings,0,,vend-scraper-v2/daily_filtered
2026-07-20,weekly,SE,blocket.se,mobility_cars,dealer,basis,package_sample_count,7677,sampled_listings,1,,finn-mobility-packages/weekly_package_mix
2026-07-20,weekly,SE,blocket.se,mobility_cars,dealer,basis,package_share,64.1,pct,1,,finn-mobility-packages/weekly_package_mix
2026-07-20,weekly,SE,blocket.se,mobility_cars,dealer,pluss,package_sample_count,544,sampled_listings,1,,finn-mobility-packages/weekly_package_mix
2026-07-20,weekly,SE,blocket.se,mobility_cars,dealer,pluss,package_share,4.5,pct,1,,finn-mobility-packages/weekly_package_mix
2026-07-20,weekly,SE,blocket.se,mobility_cars,dealer,premium,package_sample_count,3760,sampled_listings,1,,finn-mobility-packages/weekly_package_mix
2026-07-20,weekly,SE,blocket.se,mobility_cars,dealer,premium,package_share,31.4,pct,1,,finn-mobility-packages/weekly_package_mix
2026-07-20,daily,SE,blocket.se,mobility_cars,private,,listings,23675,listings,0,,vend-scraper-v2/daily_filtered
2026-07-20,daily,SE,blocket.se,mobility_cars,private,,new_listings,1156,listings,0,,vend-scraper-v2/daily_filtered
2026-07-20,daily,SE,blocket.se,mobility_other,dealer,,listings,61731,listings,0,,vend-scraper-v2/daily_filtered
2026-07-20,daily,SE,blocket.se,mobility_other,dealer,,new_listings,1132,listings,0,,vend-scraper-v2/daily_filtered
2026-07-20,daily,SE,blocket.se,mobility_other,private,,listings,23282,listings,0,,vend-scraper-v2/daily_filtered
2026-07-20,daily,SE,blocket.se,mobility_other,private,,new_listings,1096,listings,0,,vend-scraper-v2/daily_filtered
2026-07-20,daily,FI,etuovi.com,real_estate_homes,,,listings,53808,listings,0,,vend-scraper-v2/daily_filtered
2026-07-20,daily,FI,etuovi.com,real_estate_homes,,,new_listings,327,listings,0,,vend-scraper-v2/daily_filtered
2026-07-20,daily,NO,finn.no,jobs_listings,,,listings,16032,listings,0,,vend-scraper-v2/daily_filtered
2026-07-20,daily,NO,finn.no,jobs_listings,,,new_listings,642,listings,0,,vend-scraper-v2/daily_filtered
2026-07-20,daily,NO,finn.no,jobs_positions,,,listings,29780,listings,0,,vend-scraper-v2/daily_filtered
2026-07-20,daily,NO,finn.no,jobs_positions,,,new_listings,1413,listings,0,,vend-scraper-v2/daily_filtered
2026-07-20,daily,NO,finn.no,mobility_cars,dealer,,listings,52426,listings,0,,vend-scraper-v2/daily_filtered
2026-07-20,daily,NO,finn.no,mobility_cars,dealer,,new_listings,1471,listings,0,,vend-scraper-v2/daily_filtered
2026-07-20,weekly,NO,finn.no,mobility_cars,dealer,basis,package_sample_count,1546,sampled_listings,1,,finn-mobility-packages/weekly_package_mix
2026-07-20,weekly,NO,finn.no,mobility_cars,dealer,basis,package_share,29.8,pct,1,,finn-mobility-packages/weekly_package_mix
2026-07-20,weekly,NO,finn.no,mobility_cars,dealer,pluss,package_sample_count,1409,sampled_listings,1,,finn-mobility-packages/weekly_package_mix
2026-07-20,weekly,NO,finn.no,mobility_cars,dealer,pluss,package_share,27.2,pct,1,,finn-mobility-packages/weekly_package_mix
2026-07-20,weekly,NO,finn.no,mobility_cars,dealer,premium,package_sample_count,2226,sampled_listings,1,,finn-mobility-packages/weekly_package_mix
2026-07-20,weekly,NO,finn.no,mobility_cars,dealer,premium,package_share,43,pct,1,,finn-mobility-packages/weekly_package_mix
2026-07-20,daily,NO,finn.no,mobility_cars,private,,listings,14636,listings,0,,vend-scraper-v2/daily_filtered
2026-07-20,daily,NO,finn.no,mobility_cars,private,,new_listings,787,listings,0,,vend-scraper-v2/daily_filtered
2026-07-20,daily,NO,finn.no,mobility_other,dealer,,listings,25605,listings,0,,vend-scraper-v2/daily_filtered
2026-07-20,daily,NO,finn.no,mobility_other,dealer,,new_listings,378,listings,0,,vend-scraper-v2/daily_filtered
2026-07-20,daily,NO,finn.no,mobility_other,private,,listings,16390,listings,0,,vend-scraper-v2/daily_filtered
2026-07-20,daily,NO,finn.no,mobility_other,private,,new_listings,959,listings,0,,vend-scraper-v2/daily_filtered
2026-07-20,daily,NO,finn.no,real_estate_homes,,,listings,16698,listings,0,,vend-scraper-v2/daily_filtered
2026-07-20,daily,NO,finn.no,real_estate_homes,,,new_listings,291,listings,0,,vend-scraper-v2/daily_filtered
2026-07-20,daily,NO,finn.no,real_estate_other,,,listings,27826,listings,0,,vend-scraper-v2/daily_filtered
2026-07-20,daily,NO,finn.no,real_estate_other,,,new_listings,707,listings,0,,vend-scraper-v2/daily_filtered
2026-07-20,daily,SE,hemnet.se,real_estate_homes,,,listings,29817,listings,0,,vend-scraper-v2/daily_filtered
2026-07-20,daily,SE,hemnet.se,real_estate_homes,,,new_listings,934,listings,0,,vend-scraper-v2/daily_filtered
2026-07-20,daily,SE,hemnet.se,real_estate_homes_upcoming,,,listings,7985,listings,0,,vend-scraper-v2/daily_filtered
2026-07-20,daily,NO,hjem.no,real_estate_homes,,,listings,6203,listings,0,,vend-scraper-v2/daily_filtered
2026-07-20,daily,FI,oikotie.fi,real_estate_homes,,,listings,49823,listings,0,,vend-scraper-v2/daily_filtered
2026-07-20,daily,FI,oikotie.fi,real_estate_homes,,,new_listings,456,listings,0,,vend-scraper-v2/daily_filtered
2026-07-20,daily,SE,tradera.com,mobility_cars,dealer,,listings,47754,listings,0,,vend-scraper-v2/daily_filtered
2026-07-20,daily,SE,tradera.com,mobility_cars,private,,listings,2359,listings,0,,vend-scraper-v2/daily_filtered
2026-07-20,daily,SE,wayke.se,mobility_cars,dealer,,listings,51139,listings,0,,vend-scraper-v2/daily_filtered
2026-07-21,daily,DK,bilbasen.dk,mobility_cars,private,,listings,3305,listings,0,,vend-scraper-v2/daily_filtered
2026-07-21,daily,DK,bilhandel.dk,mobility_cars,dealer,,listings,25492,listings,0,,vend-scraper-v2/daily_filtered
2026-07-21,daily,DK,bilhandel.dk,mobility_cars,private,,listings,1861,listings,0,,vend-scraper-v2/daily_filtered
2026-07-21,daily,DK,biltorvet.dk,mobility_cars,dealer,,listings,42579,listings,0,,vend-scraper-v2/daily_filtered
2026-07-21,daily,DK,biltorvet.dk,mobility_cars,private,,listings,1513,listings,0,,vend-scraper-v2/daily_filtered
2026-07-21,daily,SE,blocket.se,mobility_cars,dealer,,listings,120785,listings,0,,vend-scraper-v2/daily_filtered
2026-07-21,daily,SE,blocket.se,mobility_cars,dealer,,new_listings,4295,listings,0,,vend-scraper-v2/daily_filtered
2026-07-21,daily,SE,blocket.se,mobility_cars,private,,listings,23777,listings,0,,vend-scraper-v2/daily_filtered
2026-07-21,daily,SE,blocket.se,mobility_cars,private,,new_listings,1151,listings,0,,vend-scraper-v2/daily_filtered
2026-07-21,daily,SE,blocket.se,mobility_other,dealer,,listings,61471,listings,0,,vend-scraper-v2/daily_filtered
2026-07-21,daily,SE,blocket.se,mobility_other,dealer,,new_listings,1081,listings,0,,vend-scraper-v2/daily_filtered
2026-07-21,daily,SE,blocket.se,mobility_other,private,,listings,23387,listings,0,,vend-scraper-v2/daily_filtered
2026-07-21,daily,SE,blocket.se,mobility_other,private,,new_listings,1136,listings,0,,vend-scraper-v2/daily_filtered
2026-07-21,daily,FI,etuovi.com,real_estate_homes,,,listings,53777,listings,0,,vend-scraper-v2/daily_filtered
2026-07-21,daily,FI,etuovi.com,real_estate_homes,,,new_listings,370,listings,0,,vend-scraper-v2/daily_filtered
2026-07-21,daily,NO,finn.no,jobs_listings,,,listings,16015,listings,0,,vend-scraper-v2/daily_filtered
2026-07-21,daily,NO,finn.no,jobs_listings,,,new_listings,464,listings,0,,vend-scraper-v2/daily_filtered
2026-07-21,daily,NO,finn.no,jobs_positions,,,listings,29394,listings,0,,vend-scraper-v2/daily_filtered
2026-07-21,daily,NO,finn.no,jobs_positions,,,new_listings,796,listings,0,,vend-scraper-v2/daily_filtered
2026-07-21,daily,NO,finn.no,mobility_cars,dealer,,listings,52682,listings,0,,vend-scraper-v2/daily_filtered
2026-07-21,daily,NO,finn.no,mobility_cars,dealer,,new_listings,1538,listings,0,,vend-scraper-v2/daily_filtered
2026-07-21,daily,NO,finn.no,mobility_cars,private,,listings,14657,listings,0,,vend-scraper-v2/daily_filtered
2026-07-21,daily,NO,finn.no,mobility_cars,private,,new_listings,885,listings,0,,vend-scraper-v2/daily_filtered
2026-07-21,daily,NO,finn.no,mobility_other,dealer,,listings,25568,listings,0,,vend-scraper-v2/daily_filtered
2026-07-21,daily,NO,finn.no,mobility_other,dealer,,new_listings,449,listings,0,,vend-scraper-v2/daily_filtered
2026-07-21,daily,NO,finn.no,mobility_other,private,,listings,16336,listings,0,,vend-scraper-v2/daily_filtered
2026-07-21,daily,NO,finn.no,mobility_other,private,,new_listings,897,listings,0,,vend-scraper-v2/daily_filtered
2026-07-21,daily,NO,finn.no,real_estate_homes,,,listings,16799,listings,0,,vend-scraper-v2/daily_filtered
2026-07-21,daily,NO,finn.no,real_estate_homes,,,new_listings,224,listings,0,,vend-scraper-v2/daily_filtered
2026-07-21,daily,NO,finn.no,real_estate_other,,,listings,27948,listings,0,,vend-scraper-v2/daily_filtered
2026-07-21,daily,NO,finn.no,real_estate_other,,,new_listings,727,listings,0,,vend-scraper-v2/daily_filtered
2026-07-21,daily,SE,hemnet.se,real_estate_homes,,,listings,29674,listings,0,,vend-scraper-v2/daily_filtered
2026-07-21,daily,SE,hemnet.se,real_estate_homes,,,new_listings,1079,listings,0,,vend-scraper-v2/daily_filtered
2026-07-21,daily,SE,hemnet.se,real_estate_homes_upcoming,,,listings,8020,listings,0,,vend-scraper-v2/daily_filtered
2026-07-21,daily,NO,hjem.no,real_estate_homes,,,listings,6233,listings,0,,vend-scraper-v2/daily_filtered
2026-07-21,daily,FI,oikotie.fi,real_estate_homes,,,listings,49771,listings,0,,vend-scraper-v2/daily_filtered
2026-07-21,daily,FI,oikotie.fi,real_estate_homes,,,new_listings,602,listings,0,,vend-scraper-v2/daily_filtered
2026-07-21,daily,SE,tradera.com,mobility_cars,dealer,,listings,46708,listings,0,,vend-scraper-v2/daily_filtered
2026-07-21,daily,SE,tradera.com,mobility_cars,private,,listings,2384,listings,0,,vend-scraper-v2/daily_filtered
2026-07-21,daily,SE,wayke.se,mobility_cars,dealer,,listings,51123,listings,0,,vend-scraper-v2/daily_filtered
2026-07-22,daily,DK,bilbasen.dk,mobility_cars,private,,listings,3327,listings,0,,vend-scraper-v2/daily_filtered
2026-07-22,daily,DK,bilhandel.dk,mobility_cars,dealer,,listings,25511,listings,0,,vend-scraper-v2/daily_filtered
2026-07-22,daily,DK,bilhandel.dk,mobility_cars,private,,listings,1853,listings,0,,vend-scraper-v2/daily_filtered
2026-07-22,daily,DK,biltorvet.dk,mobility_cars,dealer,,listings,42586,listings,0,,vend-scraper-v2/daily_filtered
2026-07-22,daily,DK,biltorvet.dk,mobility_cars,private,,listings,1517,listings,0,,vend-scraper-v2/daily_filtered
2026-07-22,daily,SE,blocket.se,mobility_cars,dealer,,listings,120379,listings,0,,vend-scraper-v2/daily_filtered
2026-07-22,daily,SE,blocket.se,mobility_cars,dealer,,new_listings,4346,listings,0,,vend-scraper-v2/daily_filtered
2026-07-22,daily,SE,blocket.se,mobility_cars,private,,listings,23698,listings,0,,vend-scraper-v2/daily_filtered
2026-07-22,daily,SE,blocket.se,mobility_cars,private,,new_listings,1006,listings,0,,vend-scraper-v2/daily_filtered
2026-07-22,daily,SE,blocket.se,mobility_other,dealer,,listings,61347,listings,0,,vend-scraper-v2/daily_filtered
2026-07-22,daily,SE,blocket.se,mobility_other,dealer,,new_listings,1167,listings,0,,vend-scraper-v2/daily_filtered
2026-07-22,daily,SE,blocket.se,mobility_other,private,,listings,23390,listings,0,,vend-scraper-v2/daily_filtered
2026-07-22,daily,SE,blocket.se,mobility_other,private,,new_listings,1044,listings,0,,vend-scraper-v2/daily_filtered
2026-07-22,daily,FI,etuovi.com,real_estate_homes,,,listings,53705,listings,0,,vend-scraper-v2/daily_filtered
2026-07-22,daily,FI,etuovi.com,real_estate_homes,,,new_listings,372,listings,0,,vend-scraper-v2/daily_filtered
2026-07-22,daily,NO,finn.no,jobs_listings,,,listings,16088,listings,0,,vend-scraper-v2/daily_filtered
2026-07-22,daily,NO,finn.no,jobs_listings,,,new_listings,331,listings,0,,vend-scraper-v2/daily_filtered
2026-07-22,daily,NO,finn.no,jobs_positions,,,listings,29473,listings,0,,vend-scraper-v2/daily_filtered
2026-07-22,daily,NO,finn.no,jobs_positions,,,new_listings,707,listings,0,,vend-scraper-v2/daily_filtered
2026-07-22,daily,NO,finn.no,mobility_cars,dealer,,listings,53421,listings,0,,vend-scraper-v2/daily_filtered
2026-07-22,daily,NO,finn.no,mobility_cars,dealer,,new_listings,1550,listings,0,,vend-scraper-v2/daily_filtered
2026-07-22,daily,NO,finn.no,mobility_cars,private,,listings,14555,listings,0,,vend-scraper-v2/daily_filtered
2026-07-22,daily,NO,finn.no,mobility_cars,private,,new_listings,827,listings,0,,vend-scraper-v2/daily_filtered
2026-07-22,daily,NO,finn.no,mobility_other,dealer,,listings,25625,listings,0,,vend-scraper-v2/daily_filtered
2026-07-22,daily,NO,finn.no,mobility_other,dealer,,new_listings,415,listings,0,,vend-scraper-v2/daily_filtered
2026-07-22,daily,NO,finn.no,mobility_other,private,,listings,16464,listings,0,,vend-scraper-v2/daily_filtered
2026-07-22,daily,NO,finn.no,mobility_other,private,,new_listings,976,listings,0,,vend-scraper-v2/daily_filtered
2026-07-22,daily,NO,finn.no,real_estate_homes,,,listings,16828,listings,0,,vend-scraper-v2/daily_filtered
2026-07-22,daily,NO,finn.no,real_estate_homes,,,new_listings,145,listings,0,,vend-scraper-v2/daily_filtered
2026-07-22,daily,NO,finn.no,real_estate_other,,,listings,27965,listings,0,,vend-scraper-v2/daily_filtered
2026-07-22,daily,NO,finn.no,real_estate_other,,,new_listings,620,listings,0,,vend-scraper-v2/daily_filtered
2026-07-22,daily,SE,hemnet.se,real_estate_homes,,,listings,29554,listings,0,,vend-scraper-v2/daily_filtered
2026-07-22,daily,SE,hemnet.se,real_estate_homes,,,new_listings,920,listings,0,,vend-scraper-v2/daily_filtered
2026-07-22,daily,SE,hemnet.se,real_estate_homes_upcoming,,,listings,8052,listings,0,,vend-scraper-v2/daily_filtered
2026-07-22,daily,NO,hjem.no,real_estate_homes,,,listings,6246,listings,0,,vend-scraper-v2/daily_filtered
2026-07-22,daily,FI,oikotie.fi,real_estate_homes,,,listings,49719,listings,0,,vend-scraper-v2/daily_filtered
2026-07-22,daily,FI,oikotie.fi,real_estate_homes,,,new_listings,624,listings,0,,vend-scraper-v2/daily_filtered
2026-07-22,daily,SE,tradera.com,mobility_cars,dealer,,listings,46554,listings,0,,vend-scraper-v2/daily_filtered
2026-07-22,daily,SE,tradera.com,mobility_cars,private,,listings,2381,listings,0,,vend-scraper-v2/daily_filtered
2026-07-22,daily,SE,wayke.se,mobility_cars,dealer,,listings,51076,listings,0,,vend-scraper-v2/daily_filtered
2026-07-23,daily,DK,bilbasen.dk,mobility_cars,private,,listings,3342,listings,0,,vend-scraper-v2/daily_filtered
2026-07-23,daily,DK,bilhandel.dk,mobility_cars,dealer,,listings,25563,listings,0,,vend-scraper-v2/daily_filtered
2026-07-23,daily,DK,bilhandel.dk,mobility_cars,private,,listings,1858,listings,0,,vend-scraper-v2/daily_filtered
2026-07-23,daily,DK,biltorvet.dk,mobility_cars,dealer,,listings,42777,listings,0,,vend-scraper-v2/daily_filtered
2026-07-23,daily,DK,biltorvet.dk,mobility_cars,private,,listings,1502,listings,0,,vend-scraper-v2/daily_filtered
2026-07-23,daily,SE,blocket.se,mobility_cars,dealer,,listings,120263,listings,0,,vend-scraper-v2/daily_filtered
2026-07-23,daily,SE,blocket.se,mobility_cars,dealer,,new_listings,4565,listings,0,,vend-scraper-v2/daily_filtered
2026-07-23,daily,SE,blocket.se,mobility_cars,private,,listings,23706,listings,0,,vend-scraper-v2/daily_filtered
2026-07-23,daily,SE,blocket.se,mobility_cars,private,,new_listings,1102,listings,0,,vend-scraper-v2/daily_filtered
2026-07-23,daily,SE,blocket.se,mobility_other,dealer,,listings,61321,listings,0,,vend-scraper-v2/daily_filtered
2026-07-23,daily,SE,blocket.se,mobility_other,dealer,,new_listings,1169,listings,0,,vend-scraper-v2/daily_filtered
2026-07-23,daily,SE,blocket.se,mobility_other,private,,listings,23327,listings,0,,vend-scraper-v2/daily_filtered
2026-07-23,daily,SE,blocket.se,mobility_other,private,,new_listings,1033,listings,0,,vend-scraper-v2/daily_filtered
2026-07-23,daily,FI,etuovi.com,real_estate_homes,,,listings,53659,listings,0,,vend-scraper-v2/daily_filtered
2026-07-23,daily,FI,etuovi.com,real_estate_homes,,,new_listings,361,listings,0,,vend-scraper-v2/daily_filtered
2026-07-23,daily,NO,finn.no,jobs_listings,,,listings,16135,listings,0,,vend-scraper-v2/daily_filtered
2026-07-23,daily,NO,finn.no,jobs_listings,,,new_listings,326,listings,0,,vend-scraper-v2/daily_filtered
2026-07-23,daily,NO,finn.no,jobs_positions,,,listings,29792,listings,0,,vend-scraper-v2/daily_filtered
2026-07-23,daily,NO,finn.no,jobs_positions,,,new_listings,868,listings,0,,vend-scraper-v2/daily_filtered
2026-07-23,daily,NO,finn.no,mobility_cars,dealer,,listings,53305,listings,0,,vend-scraper-v2/daily_filtered
2026-07-23,daily,NO,finn.no,mobility_cars,dealer,,new_listings,1418,listings,0,,vend-scraper-v2/daily_filtered
2026-07-23,daily,NO,finn.no,mobility_cars,private,,listings,14570,listings,0,,vend-scraper-v2/daily_filtered
2026-07-23,daily,NO,finn.no,mobility_cars,private,,new_listings,778,listings,0,,vend-scraper-v2/daily_filtered
2026-07-23,daily,NO,finn.no,mobility_other,dealer,,listings,25516,listings,0,,vend-scraper-v2/daily_filtered
2026-07-23,daily,NO,finn.no,mobility_other,dealer,,new_listings,427,listings,0,,vend-scraper-v2/daily_filtered
2026-07-23,daily,NO,finn.no,mobility_other,private,,listings,16488,listings,0,,vend-scraper-v2/daily_filtered
2026-07-23,daily,NO,finn.no,mobility_other,private,,new_listings,916,listings,0,,vend-scraper-v2/daily_filtered
2026-07-23,daily,NO,finn.no,real_estate_homes,,,listings,16786,listings,0,,vend-scraper-v2/daily_filtered
2026-07-23,daily,NO,finn.no,real_estate_homes,,,new_listings,161,listings,0,,vend-scraper-v2/daily_filtered
2026-07-23,daily,NO,finn.no,real_estate_other,,,listings,27989,listings,0,,vend-scraper-v2/daily_filtered
2026-07-23,daily,NO,finn.no,real_estate_other,,,new_listings,659,listings,0,,vend-scraper-v2/daily_filtered
2026-07-23,daily,SE,hemnet.se,real_estate_homes,,,listings,29488,listings,0,,vend-scraper-v2/daily_filtered
2026-07-23,daily,SE,hemnet.se,real_estate_homes,,,new_listings,1005,listings,0,,vend-scraper-v2/daily_filtered
2026-07-23,daily,SE,hemnet.se,real_estate_homes_upcoming,,,listings,8056,listings,0,,vend-scraper-v2/daily_filtered
2026-07-23,daily,NO,hjem.no,real_estate_homes,,,listings,6228,listings,0,,vend-scraper-v2/daily_filtered
2026-07-23,daily,FI,oikotie.fi,real_estate_homes,,,listings,49653,listings,0,,vend-scraper-v2/daily_filtered
2026-07-23,daily,FI,oikotie.fi,real_estate_homes,,,new_listings,633,listings,0,,vend-scraper-v2/daily_filtered
2026-07-23,daily,SE,tradera.com,mobility_cars,dealer,,listings,46843,listings,0,,vend-scraper-v2/daily_filtered
2026-07-23,daily,SE,tradera.com,mobility_cars,private,,listings,2382,listings,0,,vend-scraper-v2/daily_filtered
2026-07-23,daily,SE,wayke.se,mobility_cars,dealer,,listings,50977,listings,0,,vend-scraper-v2/daily_filtered
2026-07-24,daily,DK,bilbasen.dk,mobility_cars,private,,listings,3362,listings,0,,vend-scraper-v2/daily_filtered
2026-07-24,daily,DK,bilhandel.dk,mobility_cars,dealer,,listings,25583,listings,0,,vend-scraper-v2/daily_filtered
2026-07-24,daily,DK,bilhandel.dk,mobility_cars,private,,listings,1856,listings,0,,vend-scraper-v2/daily_filtered
2026-07-24,daily,DK,biltorvet.dk,mobility_cars,dealer,,listings,42823,listings,0,,vend-scraper-v2/daily_filtered
2026-07-24,daily,DK,biltorvet.dk,mobility_cars,private,,listings,1515,listings,0,,vend-scraper-v2/daily_filtered
2026-07-24,daily,SE,blocket.se,mobility_cars,dealer,,listings,120253,listings,0,,vend-scraper-v2/daily_filtered
2026-07-24,daily,SE,blocket.se,mobility_cars,dealer,,new_listings,4936,listings,0,,vend-scraper-v2/daily_filtered
2026-07-24,daily,SE,blocket.se,mobility_cars,private,,listings,23727,listings,0,,vend-scraper-v2/daily_filtered
2026-07-24,daily,SE,blocket.se,mobility_cars,private,,new_listings,1335,listings,0,,vend-scraper-v2/daily_filtered
2026-07-24,daily,SE,blocket.se,mobility_other,dealer,,listings,61429,listings,0,,vend-scraper-v2/daily_filtered
2026-07-24,daily,SE,blocket.se,mobility_other,dealer,,new_listings,1161,listings,0,,vend-scraper-v2/daily_filtered
2026-07-24,daily,SE,blocket.se,mobility_other,private,,listings,23329,listings,0,,vend-scraper-v2/daily_filtered
2026-07-24,daily,SE,blocket.se,mobility_other,private,,new_listings,1111,listings,0,,vend-scraper-v2/daily_filtered
2026-07-24,daily,FI,etuovi.com,real_estate_homes,,,listings,53621,listings,0,,vend-scraper-v2/daily_filtered
2026-07-24,daily,FI,etuovi.com,real_estate_homes,,,new_listings,369,listings,0,,vend-scraper-v2/daily_filtered
2026-07-24,daily,NO,finn.no,jobs_listings,,,listings,16255,listings,0,,vend-scraper-v2/daily_filtered
2026-07-24,daily,NO,finn.no,jobs_listings,,,new_listings,390,listings,0,,vend-scraper-v2/daily_filtered
2026-07-24,daily,NO,finn.no,jobs_positions,,,listings,29846,listings,0,,vend-scraper-v2/daily_filtered
2026-07-24,daily,NO,finn.no,jobs_positions,,,new_listings,751,listings,0,,vend-scraper-v2/daily_filtered
2026-07-24,daily,NO,finn.no,mobility_cars,dealer,,listings,53097,listings,0,,vend-scraper-v2/daily_filtered
2026-07-24,daily,NO,finn.no,mobility_cars,dealer,,new_listings,1468,listings,0,,vend-scraper-v2/daily_filtered
2026-07-24,daily,NO,finn.no,mobility_cars,private,,listings,14453,listings,0,,vend-scraper-v2/daily_filtered
2026-07-24,daily,NO,finn.no,mobility_cars,private,,new_listings,716,listings,0,,vend-scraper-v2/daily_filtered
2026-07-24,daily,NO,finn.no,mobility_other,dealer,,listings,25603,listings,0,,vend-scraper-v2/daily_filtered
2026-07-24,daily,NO,finn.no,mobility_other,dealer,,new_listings,491,listings,0,,vend-scraper-v2/daily_filtered
2026-07-24,daily,NO,finn.no,mobility_other,private,,listings,16424,listings,0,,vend-scraper-v2/daily_filtered
2026-07-24,daily,NO,finn.no,mobility_other,private,,new_listings,819,listings,0,,vend-scraper-v2/daily_filtered
2026-07-24,daily,NO,finn.no,real_estate_homes,,,listings,16862,listings,0,,vend-scraper-v2/daily_filtered
2026-07-24,daily,NO,finn.no,real_estate_homes,,,new_listings,341,listings,0,,vend-scraper-v2/daily_filtered
2026-07-24,daily,NO,finn.no,real_estate_other,,,listings,27998,listings,0,,vend-scraper-v2/daily_filtered
2026-07-24,daily,NO,finn.no,real_estate_other,,,new_listings,610,listings,0,,vend-scraper-v2/daily_filtered
2026-07-24,daily,SE,hemnet.se,real_estate_homes,,,listings,29579,listings,0,,vend-scraper-v2/daily_filtered
2026-07-24,daily,SE,hemnet.se,real_estate_homes,,,new_listings,1202,listings,0,,vend-scraper-v2/daily_filtered
2026-07-24,daily,SE,hemnet.se,real_estate_homes_upcoming,,,listings,8013,listings,0,,vend-scraper-v2/daily_filtered
2026-07-24,daily,NO,hjem.no,real_estate_homes,,,listings,6271,listings,0,,vend-scraper-v2/daily_filtered
2026-07-24,daily,FI,oikotie.fi,real_estate_homes,,,listings,49640,listings,0,,vend-scraper-v2/daily_filtered
2026-07-24,daily,FI,oikotie.fi,real_estate_homes,,,new_listings,628,listings,0,,vend-scraper-v2/daily_filtered
2026-07-24,daily,SE,tradera.com,mobility_cars,dealer,,listings,46799,listings,0,,vend-scraper-v2/daily_filtered
2026-07-24,daily,SE,tradera.com,mobility_cars,private,,listings,2409,listings,0,,vend-scraper-v2/daily_filtered
2026-07-24,daily,SE,wayke.se,mobility_cars,dealer,,listings,50913,listings,0,,vend-scraper-v2/daily_filtered
2026-07-25,daily,DK,bilbasen.dk,mobility_cars,private,,listings,3363,listings,0,,vend-scraper-v2/daily_filtered
2026-07-25,daily,DK,bilhandel.dk,mobility_cars,dealer,,listings,25561,listings,0,,vend-scraper-v2/daily_filtered
2026-07-25,daily,DK,bilhandel.dk,mobility_cars,private,,listings,1858,listings,0,,vend-scraper-v2/daily_filtered
2026-07-25,daily,DK,biltorvet.dk,mobility_cars,dealer,,listings,42832,listings,0,,vend-scraper-v2/daily_filtered
2026-07-25,daily,DK,biltorvet.dk,mobility_cars,private,,listings,1507,listings,0,,vend-scraper-v2/daily_filtered
2026-07-25,daily,SE,blocket.se,mobility_cars,dealer,,listings,119837,listings,0,,vend-scraper-v2/daily_filtered
2026-07-25,daily,SE,blocket.se,mobility_cars,dealer,,new_listings,2424,listings,0,,vend-scraper-v2/daily_filtered
2026-07-25,daily,SE,blocket.se,mobility_cars,private,,listings,23742,listings,0,,vend-scraper-v2/daily_filtered
2026-07-25,daily,SE,blocket.se,mobility_cars,private,,new_listings,1117,listings,0,,vend-scraper-v2/daily_filtered
2026-07-25,daily,SE,blocket.se,mobility_other,dealer,,listings,61381,listings,0,,vend-scraper-v2/daily_filtered
2026-07-25,daily,SE,blocket.se,mobility_other,dealer,,new_listings,468,listings,0,,vend-scraper-v2/daily_filtered
2026-07-25,daily,SE,blocket.se,mobility_other,private,,listings,23317,listings,0,,vend-scraper-v2/daily_filtered
2026-07-25,daily,SE,blocket.se,mobility_other,private,,new_listings,1002,listings,0,,vend-scraper-v2/daily_filtered
2026-07-25,daily,FI,etuovi.com,real_estate_homes,,,listings,53571,listings,0,,vend-scraper-v2/daily_filtered
2026-07-25,daily,FI,etuovi.com,real_estate_homes,,,new_listings,157,listings,0,,vend-scraper-v2/daily_filtered
2026-07-25,daily,NO,finn.no,jobs_listings,,,listings,15995,listings,0,,vend-scraper-v2/daily_filtered
2026-07-25,daily,NO,finn.no,jobs_listings,,,new_listings,74,listings,0,,vend-scraper-v2/daily_filtered
2026-07-25,daily,NO,finn.no,jobs_positions,,,listings,29437,listings,0,,vend-scraper-v2/daily_filtered
2026-07-25,daily,NO,finn.no,jobs_positions,,,new_listings,115,listings,0,,vend-scraper-v2/daily_filtered
2026-07-25,daily,NO,finn.no,mobility_cars,dealer,,listings,52482,listings,0,,vend-scraper-v2/daily_filtered
2026-07-25,daily,NO,finn.no,mobility_cars,dealer,,new_listings,563,listings,0,,vend-scraper-v2/daily_filtered
2026-07-25,daily,NO,finn.no,mobility_cars,private,,listings,14357,listings,0,,vend-scraper-v2/daily_filtered
2026-07-25,daily,NO,finn.no,mobility_cars,private,,new_listings,640,listings,0,,vend-scraper-v2/daily_filtered
2026-07-25,daily,NO,finn.no,mobility_other,dealer,,listings,25435,listings,0,,vend-scraper-v2/daily_filtered
2026-07-25,daily,NO,finn.no,mobility_other,dealer,,new_listings,179,listings,0,,vend-scraper-v2/daily_filtered
2026-07-25,daily,NO,finn.no,mobility_other,private,,listings,16411,listings,0,,vend-scraper-v2/daily_filtered
2026-07-25,daily,NO,finn.no,mobility_other,private,,new_listings,771,listings,0,,vend-scraper-v2/daily_filtered
2026-07-25,daily,NO,finn.no,real_estate_homes,,,listings,16833,listings,0,,vend-scraper-v2/daily_filtered
2026-07-25,daily,NO,finn.no,real_estate_homes,,,new_listings,154,listings,0,,vend-scraper-v2/daily_filtered
2026-07-25,daily,NO,finn.no,real_estate_other,,,listings,27923,listings,0,,vend-scraper-v2/daily_filtered
2026-07-25,daily,NO,finn.no,real_estate_other,,,new_listings,374,listings,0,,vend-scraper-v2/daily_filtered
2026-07-25,daily,SE,hemnet.se,real_estate_homes,,,listings,29619,listings,0,,vend-scraper-v2/daily_filtered
2026-07-25,daily,SE,hemnet.se,real_estate_homes,,,new_listings,1049,listings,0,,vend-scraper-v2/daily_filtered
2026-07-25,daily,SE,hemnet.se,real_estate_homes_upcoming,,,listings,7990,listings,0,,vend-scraper-v2/daily_filtered
2026-07-25,daily,NO,hjem.no,real_estate_homes,,,listings,6263,listings,0,,vend-scraper-v2/daily_filtered
2026-07-25,daily,FI,oikotie.fi,real_estate_homes,,,listings,49613,listings,0,,vend-scraper-v2/daily_filtered
2026-07-25,daily,FI,oikotie.fi,real_estate_homes,,,new_listings,460,listings,0,,vend-scraper-v2/daily_filtered
2026-07-25,daily,SE,tradera.com,mobility_cars,dealer,,listings,46503,listings,0,,vend-scraper-v2/daily_filtered
2026-07-25,daily,SE,tradera.com,mobility_cars,private,,listings,2410,listings,0,,vend-scraper-v2/daily_filtered
2026-07-25,daily,SE,wayke.se,mobility_cars,dealer,,listings,50744,listings,0,,vend-scraper-v2/daily_filtered
2026-07-26,daily,DK,bilbasen.dk,mobility_cars,private,,listings,3385,listings,0,,vend-scraper-v2/daily_filtered
2026-07-26,daily,DK,bilhandel.dk,mobility_cars,dealer,,listings,25368,listings,0,,vend-scraper-v2/daily_filtered
2026-07-26,daily,DK,bilhandel.dk,mobility_cars,private,,listings,1855,listings,0,,vend-scraper-v2/daily_filtered
2026-07-26,daily,DK,biltorvet.dk,mobility_cars,dealer,,listings,42615,listings,0,,vend-scraper-v2/daily_filtered
2026-07-26,daily,DK,biltorvet.dk,mobility_cars,private,,listings,1511,listings,0,,vend-scraper-v2/daily_filtered
2026-07-26,daily,SE,blocket.se,mobility_cars,dealer,,listings,119701,listings,0,,vend-scraper-v2/daily_filtered
2026-07-26,daily,SE,blocket.se,mobility_cars,dealer,,new_listings,1877,listings,0,,vend-scraper-v2/daily_filtered
2026-07-26,daily,SE,blocket.se,mobility_cars,private,,listings,23762,listings,0,,vend-scraper-v2/daily_filtered
2026-07-26,daily,SE,blocket.se,mobility_cars,private,,new_listings,1183,listings,0,,vend-scraper-v2/daily_filtered
2026-07-26,daily,SE,blocket.se,mobility_other,dealer,,listings,61220,listings,0,,vend-scraper-v2/daily_filtered
2026-07-26,daily,SE,blocket.se,mobility_other,dealer,,new_listings,487,listings,0,,vend-scraper-v2/daily_filtered
2026-07-26,daily,SE,blocket.se,mobility_other,private,,listings,23433,listings,0,,vend-scraper-v2/daily_filtered
2026-07-26,daily,SE,blocket.se,mobility_other,private,,new_listings,1197,listings,0,,vend-scraper-v2/daily_filtered
2026-07-26,daily,FI,etuovi.com,real_estate_homes,,,listings,53464,listings,0,,vend-scraper-v2/daily_filtered
2026-07-26,daily,FI,etuovi.com,real_estate_homes,,,new_listings,141,listings,0,,vend-scraper-v2/daily_filtered
2026-07-26,daily,NO,finn.no,jobs_listings,,,listings,15968,listings,0,,vend-scraper-v2/daily_filtered
2026-07-26,daily,NO,finn.no,jobs_listings,,,new_listings,102,listings,0,,vend-scraper-v2/daily_filtered
2026-07-26,daily,NO,finn.no,jobs_positions,,,listings,29356,listings,0,,vend-scraper-v2/daily_filtered
2026-07-26,daily,NO,finn.no,jobs_positions,,,new_listings,148,listings,0,,vend-scraper-v2/daily_filtered
2026-07-26,daily,NO,finn.no,mobility_cars,dealer,,listings,51787,listings,0,,vend-scraper-v2/daily_filtered
2026-07-26,daily,NO,finn.no,mobility_cars,dealer,,new_listings,359,listings,0,,vend-scraper-v2/daily_filtered
2026-07-26,daily,NO,finn.no,mobility_cars,private,,listings,14548,listings,0,,vend-scraper-v2/daily_filtered
2026-07-26,daily,NO,finn.no,mobility_cars,private,,new_listings,867,listings,0,,vend-scraper-v2/daily_filtered
2026-07-26,daily,NO,finn.no,mobility_other,dealer,,listings,25148,listings,0,,vend-scraper-v2/daily_filtered
2026-07-26,daily,NO,finn.no,mobility_other,dealer,,new_listings,162,listings,0,,vend-scraper-v2/daily_filtered
2026-07-26,daily,NO,finn.no,mobility_other,private,,listings,16733,listings,0,,vend-scraper-v2/daily_filtered
2026-07-26,daily,NO,finn.no,mobility_other,private,,new_listings,1086,listings,0,,vend-scraper-v2/daily_filtered
2026-07-26,daily,NO,finn.no,real_estate_homes,,,listings,16791,listings,0,,vend-scraper-v2/daily_filtered
2026-07-26,daily,NO,finn.no,real_estate_homes,,,new_listings,185,listings,0,,vend-scraper-v2/daily_filtered
2026-07-26,weekly,NO,finn.no,real_estate_homes,,large,package_count,10488,listings,0,,finn-bolig-packages/packages_history
2026-07-26,weekly,NO,finn.no,real_estate_homes,,large,package_share,62.5,pct,0,,finn-bolig-packages/packages_history
2026-07-26,weekly,NO,finn.no,real_estate_homes,,medium,package_count,5658,listings,0,,finn-bolig-packages/packages_history
2026-07-26,weekly,NO,finn.no,real_estate_homes,,medium,package_share,33.7,pct,0,,finn-bolig-packages/packages_history
2026-07-26,weekly,NO,finn.no,real_estate_homes,,small,package_count,644,listings,0,,finn-bolig-packages/packages_history
2026-07-26,weekly,NO,finn.no,real_estate_homes,,small,package_share,3.8,pct,0,,finn-bolig-packages/packages_history
2026-07-26,daily,NO,finn.no,real_estate_other,,,listings,27938,listings,0,,vend-scraper-v2/daily_filtered
2026-07-26,daily,NO,finn.no,real_estate_other,,,new_listings,529,listings,0,,vend-scraper-v2/daily_filtered
2026-07-26,daily,SE,hemnet.se,real_estate_homes,,,listings,29590,listings,0,,vend-scraper-v2/daily_filtered
2026-07-26,daily,SE,hemnet.se,real_estate_homes,,,new_listings,545,listings,0,,vend-scraper-v2/daily_filtered
2026-07-26,daily,SE,hemnet.se,real_estate_homes_upcoming,,,listings,8000,listings,0,,vend-scraper-v2/daily_filtered
2026-07-26,daily,NO,hjem.no,real_estate_homes,,,listings,6268,listings,0,,vend-scraper-v2/daily_filtered
2026-07-26,daily,FI,oikotie.fi,real_estate_homes,,,listings,49549,listings,0,,vend-scraper-v2/daily_filtered
2026-07-26,daily,FI,oikotie.fi,real_estate_homes,,,new_listings,270,listings,0,,vend-scraper-v2/daily_filtered
2026-07-26,daily,SE,tradera.com,mobility_cars,dealer,,listings,46328,listings,0,,vend-scraper-v2/daily_filtered
2026-07-26,daily,SE,tradera.com,mobility_cars,private,,listings,2419,listings,0,,vend-scraper-v2/daily_filtered
2026-07-26,daily,SE,wayke.se,mobility_cars,dealer,,listings,50575,listings,0,,vend-scraper-v2/daily_filtered
2026-07-27,daily,DK,bilbasen.dk,mobility_cars,private,,listings,3426,listings,0,,vend-scraper-v2/daily_filtered
2026-07-27,daily,DK,bilhandel.dk,mobility_cars,dealer,,listings,25353,listings,0,,vend-scraper-v2/daily_filtered
2026-07-27,daily,DK,bilhandel.dk,mobility_cars,private,,listings,1859,listings,0,,vend-scraper-v2/daily_filtered
2026-07-27,weekly,DK,bilinfo.dk,mobility_cars,,,avg_days_to_sell,56,days,0,,vend-scraper-v2/bilinfo_weekly
2026-07-27,weekly,DK,bilinfo.dk,mobility_cars,,,supply_cars,49500,listings,0,,vend-scraper-v2/bilinfo_weekly
2026-07-27,weekly,DK,bilinfo.dk,mobility_cars,,,visits,419000,visitors,0,,vend-scraper-v2/bilinfo_weekly
2026-07-27,daily,DK,biltorvet.dk,mobility_cars,dealer,,listings,42554,listings,0,,vend-scraper-v2/daily_filtered
2026-07-27,daily,DK,biltorvet.dk,mobility_cars,private,,listings,1499,listings,0,,vend-scraper-v2/daily_filtered
2026-07-27,daily,SE,blocket.se,mobility_cars,dealer,,listings,119237,listings,0,,vend-scraper-v2/daily_filtered
2026-07-27,daily,SE,blocket.se,mobility_cars,dealer,,new_listings,4559,listings,0,,vend-scraper-v2/daily_filtered
2026-07-27,weekly,SE,blocket.se,mobility_cars,dealer,basis,package_sample_count,7658,sampled_listings,1,,finn-mobility-packages/weekly_package_mix
2026-07-27,weekly,SE,blocket.se,mobility_cars,dealer,basis,package_share,64.8,pct,1,,finn-mobility-packages/weekly_package_mix
2026-07-27,weekly,SE,blocket.se,mobility_cars,dealer,pluss,package_sample_count,565,sampled_listings,1,,finn-mobility-packages/weekly_package_mix
2026-07-27,weekly,SE,blocket.se,mobility_cars,dealer,pluss,package_share,4.8,pct,1,,finn-mobility-packages/weekly_package_mix
2026-07-27,weekly,SE,blocket.se,mobility_cars,dealer,premium,package_sample_count,3587,sampled_listings,1,,finn-mobility-packages/weekly_package_mix
2026-07-27,weekly,SE,blocket.se,mobility_cars,dealer,premium,package_share,30.4,pct,1,,finn-mobility-packages/weekly_package_mix
2026-07-27,daily,SE,blocket.se,mobility_cars,private,,listings,23910,listings,0,,vend-scraper-v2/daily_filtered
2026-07-27,daily,SE,blocket.se,mobility_cars,private,,new_listings,1360,listings,0,,vend-scraper-v2/daily_filtered
2026-07-27,daily,SE,blocket.se,mobility_other,dealer,,listings,60981,listings,0,,vend-scraper-v2/daily_filtered
2026-07-27,daily,SE,blocket.se,mobility_other,dealer,,new_listings,1239,listings,0,,vend-scraper-v2/daily_filtered
2026-07-27,daily,SE,blocket.se,mobility_other,private,,listings,23630,listings,0,,vend-scraper-v2/daily_filtered
2026-07-27,daily,SE,blocket.se,mobility_other,private,,new_listings,1272,listings,0,,vend-scraper-v2/daily_filtered
2026-07-27,daily,FI,etuovi.com,real_estate_homes,,,listings,53415,listings,0,,vend-scraper-v2/daily_filtered
2026-07-27,daily,FI,etuovi.com,real_estate_homes,,,new_listings,272,listings,0,,vend-scraper-v2/daily_filtered
2026-07-27,daily,NO,finn.no,jobs_listings,,,listings,16006,listings,0,,vend-scraper-v2/daily_filtered
2026-07-27,daily,NO,finn.no,jobs_listings,,,new_listings,643,listings,0,,vend-scraper-v2/daily_filtered
2026-07-27,daily,NO,finn.no,jobs_positions,,,listings,29558,listings,0,,vend-scraper-v2/daily_filtered
2026-07-27,daily,NO,finn.no,jobs_positions,,,new_listings,1300,listings,0,,vend-scraper-v2/daily_filtered
2026-07-27,daily,NO,finn.no,mobility_cars,dealer,,listings,51626,listings,0,,vend-scraper-v2/daily_filtered
2026-07-27,daily,NO,finn.no,mobility_cars,dealer,,new_listings,1526,listings,0,,vend-scraper-v2/daily_filtered
2026-07-27,weekly,NO,finn.no,mobility_cars,dealer,basis,package_sample_count,1505,sampled_listings,1,,finn-mobility-packages/weekly_package_mix
2026-07-27,weekly,NO,finn.no,mobility_cars,dealer,basis,package_share,29.4,pct,1,,finn-mobility-packages/weekly_package_mix
2026-07-27,weekly,NO,finn.no,mobility_cars,dealer,pluss,package_sample_count,1409,sampled_listings,1,,finn-mobility-packages/weekly_package_mix
2026-07-27,weekly,NO,finn.no,mobility_cars,dealer,pluss,package_share,27.6,pct,1,,finn-mobility-packages/weekly_package_mix
2026-07-27,weekly,NO,finn.no,mobility_cars,dealer,premium,package_sample_count,2198,sampled_listings,1,,finn-mobility-packages/weekly_package_mix
2026-07-27,weekly,NO,finn.no,mobility_cars,dealer,premium,package_share,43,pct,1,,finn-mobility-packages/weekly_package_mix
2026-07-27,daily,NO,finn.no,mobility_cars,private,,listings,14636,listings,0,,vend-scraper-v2/daily_filtered
2026-07-27,daily,NO,finn.no,mobility_cars,private,,new_listings,887,listings,0,,vend-scraper-v2/daily_filtered
2026-07-27,daily,NO,finn.no,mobility_other,dealer,,listings,25028,listings,0,,vend-scraper-v2/daily_filtered
2026-07-27,daily,NO,finn.no,mobility_other,dealer,,new_listings,464,listings,0,,vend-scraper-v2/daily_filtered
2026-07-27,daily,NO,finn.no,mobility_other,private,,listings,16833,listings,0,,vend-scraper-v2/daily_filtered
2026-07-27,daily,NO,finn.no,mobility_other,private,,new_listings,959,listings,0,,vend-scraper-v2/daily_filtered
2026-07-27,daily,NO,finn.no,real_estate_homes,,,listings,16867,listings,0,,vend-scraper-v2/daily_filtered
2026-07-27,daily,NO,finn.no,real_estate_homes,,,new_listings,391,listings,0,,vend-scraper-v2/daily_filtered
2026-07-27,daily,NO,finn.no,real_estate_other,,,listings,28169,listings,0,,vend-scraper-v2/daily_filtered
2026-07-27,daily,NO,finn.no,real_estate_other,,,new_listings,657,listings,0,,vend-scraper-v2/daily_filtered
2026-07-27,daily,SE,hemnet.se,real_estate_homes,,,listings,29577,listings,0,,vend-scraper-v2/daily_filtered
2026-07-27,daily,SE,hemnet.se,real_estate_homes,,,new_listings,898,listings,0,,vend-scraper-v2/daily_filtered
2026-07-27,daily,SE,hemnet.se,real_estate_homes_upcoming,,,listings,7966,listings,0,,vend-scraper-v2/daily_filtered
2026-07-27,daily,NO,hjem.no,real_estate_homes,,,listings,6296,listings,0,,vend-scraper-v2/daily_filtered
2026-07-27,daily,FI,oikotie.fi,real_estate_homes,,,listings,49484,listings,0,,vend-scraper-v2/daily_filtered
2026-07-27,daily,FI,oikotie.fi,real_estate_homes,,,new_listings,375,listings,0,,vend-scraper-v2/daily_filtered
2026-07-27,daily,SE,tradera.com,mobility_cars,dealer,,listings,46169,listings,0,,vend-scraper-v2/daily_filtered
2026-07-27,daily,SE,tradera.com,mobility_cars,private,,listings,2434,listings,0,,vend-scraper-v2/daily_filtered
2026-07-27,daily,SE,wayke.se,mobility_cars,dealer,,listings,50253,listings,0,,vend-scraper-v2/daily_filtered
2026-07-28,daily,DK,bilbasen.dk,mobility_cars,private,,listings,3428,listings,0,,vend-scraper-v2/daily_filtered
2026-07-28,daily,DK,bilhandel.dk,mobility_cars,dealer,,listings,25381,listings,0,,vend-scraper-v2/daily_filtered
2026-07-28,daily,DK,bilhandel.dk,mobility_cars,private,,listings,1862,listings,0,,vend-scraper-v2/daily_filtered
2026-07-28,daily,DK,biltorvet.dk,mobility_cars,dealer,,listings,42526,listings,0,,vend-scraper-v2/daily_filtered
2026-07-28,daily,DK,biltorvet.dk,mobility_cars,private,,listings,1516,listings,0,,vend-scraper-v2/daily_filtered
2026-07-28,daily,SE,blocket.se,mobility_cars,dealer,,listings,119136,listings,0,,vend-scraper-v2/daily_filtered
2026-07-28,daily,SE,blocket.se,mobility_cars,dealer,,new_listings,4347,listings,0,,vend-scraper-v2/daily_filtered
2026-07-28,daily,SE,blocket.se,mobility_cars,private,,listings,24006,listings,0,,vend-scraper-v2/daily_filtered
2026-07-28,daily,SE,blocket.se,mobility_cars,private,,new_listings,1253,listings,0,,vend-scraper-v2/daily_filtered
2026-07-28,daily,SE,blocket.se,mobility_other,dealer,,listings,60947,listings,0,,vend-scraper-v2/daily_filtered
2026-07-28,daily,SE,blocket.se,mobility_other,dealer,,new_listings,1251,listings,0,,vend-scraper-v2/daily_filtered
2026-07-28,daily,SE,blocket.se,mobility_other,private,,listings,23750,listings,0,,vend-scraper-v2/daily_filtered
2026-07-28,daily,SE,blocket.se,mobility_other,private,,new_listings,1177,listings,0,,vend-scraper-v2/daily_filtered
2026-07-28,daily,FI,etuovi.com,real_estate_homes,,,listings,53449,listings,0,,vend-scraper-v2/daily_filtered
2026-07-28,daily,FI,etuovi.com,real_estate_homes,,,new_listings,423,listings,0,,vend-scraper-v2/daily_filtered
2026-07-28,daily,NO,finn.no,jobs_listings,,,listings,16024,listings,0,,vend-scraper-v2/daily_filtered
2026-07-28,daily,NO,finn.no,jobs_listings,,,new_listings,447,listings,0,,vend-scraper-v2/daily_filtered
2026-07-28,daily,NO,finn.no,jobs_positions,,,listings,29526,listings,0,,vend-scraper-v2/daily_filtered
2026-07-28,daily,NO,finn.no,jobs_positions,,,new_listings,864,listings,0,,vend-scraper-v2/daily_filtered
2026-07-28,daily,NO,finn.no,mobility_cars,dealer,,listings,51938,listings,0,,vend-scraper-v2/daily_filtered
2026-07-28,daily,NO,finn.no,mobility_cars,dealer,,new_listings,1481,listings,0,,vend-scraper-v2/daily_filtered
2026-07-28,daily,NO,finn.no,mobility_cars,private,,listings,14630,listings,0,,vend-scraper-v2/daily_filtered
2026-07-28,daily,NO,finn.no,mobility_cars,private,,new_listings,881,listings,0,,vend-scraper-v2/daily_filtered
2026-07-28,daily,NO,finn.no,mobility_other,dealer,,listings,25114,listings,0,,vend-scraper-v2/daily_filtered
2026-07-28,daily,NO,finn.no,mobility_other,dealer,,new_listings,541,listings,0,,vend-scraper-v2/daily_filtered
2026-07-28,daily,NO,finn.no,mobility_other,private,,listings,16911,listings,0,,vend-scraper-v2/daily_filtered
2026-07-28,daily,NO,finn.no,mobility_other,private,,new_listings,957,listings,0,,vend-scraper-v2/daily_filtered
2026-07-28,daily,NO,finn.no,real_estate_homes,,,listings,17036,listings,0,,vend-scraper-v2/daily_filtered
2026-07-28,daily,NO,finn.no,real_estate_homes,,,new_listings,304,listings,0,,vend-scraper-v2/daily_filtered
2026-07-28,daily,NO,finn.no,real_estate_other,,,listings,28229,listings,0,,vend-scraper-v2/daily_filtered
2026-07-28,daily,NO,finn.no,real_estate_other,,,new_listings,640,listings,0,,vend-scraper-v2/daily_filtered
2026-07-28,daily,SE,hemnet.se,real_estate_homes,,,listings,29523,listings,0,,vend-scraper-v2/daily_filtered
2026-07-28,daily,SE,hemnet.se,real_estate_homes,,,new_listings,1203,listings,0,,vend-scraper-v2/daily_filtered
2026-07-28,daily,SE,hemnet.se,real_estate_homes_upcoming,,,listings,7926,listings,0,,vend-scraper-v2/daily_filtered
2026-07-28,daily,NO,hjem.no,real_estate_homes,,,listings,6369,listings,0,,vend-scraper-v2/daily_filtered
2026-07-28,daily,FI,oikotie.fi,real_estate_homes,,,listings,49449,listings,0,,vend-scraper-v2/daily_filtered
2026-07-28,daily,FI,oikotie.fi,real_estate_homes,,,new_listings,537,listings,0,,vend-scraper-v2/daily_filtered
2026-07-28,daily,SE,tradera.com,mobility_cars,dealer,,listings,46070,listings,0,,vend-scraper-v2/daily_filtered
2026-07-28,daily,SE,tradera.com,mobility_cars,private,,listings,2448,listings,0,,vend-scraper-v2/daily_filtered
2026-07-28,daily,SE,wayke.se,mobility_cars,dealer,,listings,50188,listings,0,,vend-scraper-v2/daily_filtered
2026-07-29,daily,DK,bilbasen.dk,mobility_cars,private,,listings,3454,listings,0,,vend-scraper-v2/daily_filtered
2026-07-29,daily,DK,bilhandel.dk,mobility_cars,dealer,,listings,25416,listings,0,,vend-scraper-v2/daily_filtered
2026-07-29,daily,DK,bilhandel.dk,mobility_cars,private,,listings,1862,listings,0,,vend-scraper-v2/daily_filtered
2026-07-29,daily,DK,biltorvet.dk,mobility_cars,dealer,,listings,42503,listings,0,,vend-scraper-v2/daily_filtered
2026-07-29,daily,DK,biltorvet.dk,mobility_cars,private,,listings,1523,listings,0,,vend-scraper-v2/daily_filtered
2026-07-29,daily,SE,blocket.se,mobility_cars,dealer,,listings,118940,listings,0,,vend-scraper-v2/daily_filtered
2026-07-29,daily,SE,blocket.se,mobility_cars,dealer,,new_listings,4115,listings,0,,vend-scraper-v2/daily_filtered
2026-07-29,daily,SE,blocket.se,mobility_cars,private,,listings,24066,listings,0,,vend-scraper-v2/daily_filtered
2026-07-29,daily,SE,blocket.se,mobility_cars,private,,new_listings,1207,listings,0,,vend-scraper-v2/daily_filtered
2026-07-29,daily,SE,blocket.se,mobility_other,dealer,,listings,60810,listings,0,,vend-scraper-v2/daily_filtered
2026-07-29,daily,SE,blocket.se,mobility_other,dealer,,new_listings,1069,listings,0,,vend-scraper-v2/daily_filtered
2026-07-29,daily,SE,blocket.se,mobility_other,private,,listings,23867,listings,0,,vend-scraper-v2/daily_filtered
2026-07-29,daily,SE,blocket.se,mobility_other,private,,new_listings,1094,listings,0,,vend-scraper-v2/daily_filtered
2026-07-29,daily,FI,etuovi.com,real_estate_homes,,,listings,53322,listings,0,,vend-scraper-v2/daily_filtered
2026-07-29,daily,FI,etuovi.com,real_estate_homes,,,new_listings,300,listings,0,,vend-scraper-v2/daily_filtered
2026-07-29,daily,NO,finn.no,jobs_listings,,,listings,16211,listings,0,,vend-scraper-v2/daily_filtered
2026-07-29,daily,NO,finn.no,jobs_listings,,,new_listings,508,listings,0,,vend-scraper-v2/daily_filtered
2026-07-29,daily,NO,finn.no,jobs_positions,,,listings,29850,listings,0,,vend-scraper-v2/daily_filtered
2026-07-29,daily,NO,finn.no,jobs_positions,,,new_listings,939,listings,0,,vend-scraper-v2/daily_filtered
2026-07-29,daily,NO,finn.no,mobility_cars,dealer,,listings,52576,listings,0,,vend-scraper-v2/daily_filtered
2026-07-29,daily,NO,finn.no,mobility_cars,dealer,,new_listings,1503,listings,0,,vend-scraper-v2/daily_filtered
2026-07-29,daily,NO,finn.no,mobility_cars,private,,listings,14604,listings,0,,vend-scraper-v2/daily_filtered
2026-07-29,daily,NO,finn.no,mobility_cars,private,,new_listings,868,listings,0,,vend-scraper-v2/daily_filtered
2026-07-29,daily,NO,finn.no,mobility_other,dealer,,listings,25311,listings,0,,vend-scraper-v2/daily_filtered
2026-07-29,daily,NO,finn.no,mobility_other,dealer,,new_listings,518,listings,0,,vend-scraper-v2/daily_filtered
2026-07-29,daily,NO,finn.no,mobility_other,private,,listings,17019,listings,0,,vend-scraper-v2/daily_filtered
2026-07-29,daily,NO,finn.no,mobility_other,private,,new_listings,953,listings,0,,vend-scraper-v2/daily_filtered
2026-07-29,daily,NO,finn.no,real_estate_homes,,,listings,17191,listings,0,,vend-scraper-v2/daily_filtered
2026-07-29,daily,NO,finn.no,real_estate_homes,,,new_listings,290,listings,0,,vend-scraper-v2/daily_filtered
2026-07-29,daily,NO,finn.no,real_estate_other,,,listings,28299,listings,0,,vend-scraper-v2/daily_filtered
2026-07-29,daily,NO,finn.no,real_estate_other,,,new_listings,733,listings,0,,vend-scraper-v2/daily_filtered
2026-07-29,daily,SE,hemnet.se,real_estate_homes,,,listings,29536,listings,0,,vend-scraper-v2/daily_filtered
2026-07-29,daily,SE,hemnet.se,real_estate_homes,,,new_listings,1192,listings,0,,vend-scraper-v2/daily_filtered
2026-07-29,daily,SE,hemnet.se,real_estate_homes_upcoming,,,listings,7902,listings,0,,vend-scraper-v2/daily_filtered
2026-07-29,daily,NO,hjem.no,real_estate_homes,,,listings,6430,listings,0,,vend-scraper-v2/daily_filtered
2026-07-29,daily,FI,oikotie.fi,real_estate_homes,,,listings,49319,listings,0,,vend-scraper-v2/daily_filtered
2026-07-29,daily,FI,oikotie.fi,real_estate_homes,,,new_listings,538,listings,0,,vend-scraper-v2/daily_filtered
2026-07-29,daily,SE,tradera.com,mobility_cars,dealer,,listings,45923,listings,0,,vend-scraper-v2/daily_filtered
2026-07-29,daily,SE,tradera.com,mobility_cars,private,,listings,2455,listings,0,,vend-scraper-v2/daily_filtered
2026-07-29,daily,SE,wayke.se,mobility_cars,dealer,,listings,50130,listings,0,,vend-scraper-v2/daily_filtered
2026-07-30,daily,DK,bilbasen.dk,mobility_cars,private,,listings,3479,listings,0,,vend-scraper-v2/daily_filtered
2026-07-30,daily,DK,bilhandel.dk,mobility_cars,dealer,,listings,25463,listings,0,,vend-scraper-v2/daily_filtered
2026-07-30,daily,DK,bilhandel.dk,mobility_cars,private,,listings,1861,listings,0,,vend-scraper-v2/daily_filtered
2026-07-30,daily,DK,biltorvet.dk,mobility_cars,dealer,,listings,42529,listings,0,,vend-scraper-v2/daily_filtered
2026-07-30,daily,DK,biltorvet.dk,mobility_cars,private,,listings,1524,listings,0,,vend-scraper-v2/daily_filtered
2026-07-30,daily,SE,blocket.se,mobility_cars,dealer,,listings,118863,listings,0,,vend-scraper-v2/daily_filtered
2026-07-30,daily,SE,blocket.se,mobility_cars,dealer,,new_listings,4390,listings,0,,vend-scraper-v2/daily_filtered
2026-07-30,daily,SE,blocket.se,mobility_cars,private,,listings,24002,listings,0,,vend-scraper-v2/daily_filtered
2026-07-30,daily,SE,blocket.se,mobility_cars,private,,new_listings,1145,listings,0,,vend-scraper-v2/daily_filtered
2026-07-30,daily,SE,blocket.se,mobility_other,dealer,,listings,60870,listings,0,,vend-scraper-v2/daily_filtered
2026-07-30,daily,SE,blocket.se,mobility_other,dealer,,new_listings,1039,listings,0,,vend-scraper-v2/daily_filtered
2026-07-30,daily,SE,blocket.se,mobility_other,private,,listings,23808,listings,0,,vend-scraper-v2/daily_filtered
2026-07-30,daily,SE,blocket.se,mobility_other,private,,new_listings,1054,listings,0,,vend-scraper-v2/daily_filtered
2026-07-30,daily,FI,etuovi.com,real_estate_homes,,,listings,53108,listings,0,,vend-scraper-v2/daily_filtered
2026-07-30,daily,FI,etuovi.com,real_estate_homes,,,new_listings,366,listings,0,,vend-scraper-v2/daily_filtered
2026-07-30,daily,NO,finn.no,jobs_listings,,,listings,16302,listings,0,,vend-scraper-v2/daily_filtered
2026-07-30,daily,NO,finn.no,jobs_listings,,,new_listings,434,listings,0,,vend-scraper-v2/daily_filtered
2026-07-30,daily,NO,finn.no,jobs_positions,,,listings,30018,listings,0,,vend-scraper-v2/daily_filtered
2026-07-30,daily,NO,finn.no,jobs_positions,,,new_listings,881,listings,0,,vend-scraper-v2/daily_filtered
2026-07-30,daily,NO,finn.no,mobility_cars,dealer,,listings,52381,listings,0,,vend-scraper-v2/daily_filtered
2026-07-30,daily,NO,finn.no,mobility_cars,dealer,,new_listings,1359,listings,0,,vend-scraper-v2/daily_filtered
2026-07-30,daily,NO,finn.no,mobility_cars,private,,listings,14534,listings,0,,vend-scraper-v2/daily_filtered
2026-07-30,daily,NO,finn.no,mobility_cars,private,,new_listings,821,listings,0,,vend-scraper-v2/daily_filtered
2026-07-30,daily,NO,finn.no,mobility_other,dealer,,listings,25394,listings,0,,vend-scraper-v2/daily_filtered
2026-07-30,daily,NO,finn.no,mobility_other,dealer,,new_listings,520,listings,0,,vend-scraper-v2/daily_filtered
2026-07-30,daily,NO,finn.no,mobility_other,private,,listings,17043,listings,0,,vend-scraper-v2/daily_filtered
2026-07-30,daily,NO,finn.no,mobility_other,private,,new_listings,893,listings,0,,vend-scraper-v2/daily_filtered
2026-07-30,daily,NO,finn.no,real_estate_homes,,,listings,17265,listings,0,,vend-scraper-v2/daily_filtered
2026-07-30,daily,NO,finn.no,real_estate_homes,,,new_listings,339,listings,0,,vend-scraper-v2/daily_filtered
2026-07-30,daily,NO,finn.no,real_estate_other,,,listings,28222,listings,0,,vend-scraper-v2/daily_filtered
2026-07-30,daily,NO,finn.no,real_estate_other,,,new_listings,685,listings,0,,vend-scraper-v2/daily_filtered
2026-07-30,daily,SE,hemnet.se,real_estate_homes,,,listings,29526,listings,0,,vend-scraper-v2/daily_filtered
2026-07-30,daily,SE,hemnet.se,real_estate_homes,,,new_listings,1200,listings,0,,vend-scraper-v2/daily_filtered
2026-07-30,daily,SE,hemnet.se,real_estate_homes_upcoming,,,listings,7863,listings,0,,vend-scraper-v2/daily_filtered
2026-07-30,daily,NO,hjem.no,real_estate_homes,,,listings,6440,listings,0,,vend-scraper-v2/daily_filtered
2026-07-30,daily,FI,oikotie.fi,real_estate_homes,,,listings,49142,listings,0,,vend-scraper-v2/daily_filtered
2026-07-30,daily,FI,oikotie.fi,real_estate_homes,,,new_listings,555,listings,0,,vend-scraper-v2/daily_filtered
2026-07-30,daily,SE,tradera.com,mobility_cars,dealer,,listings,45678,listings,0,,vend-scraper-v2/daily_filtered
2026-07-30,daily,SE,tradera.com,mobility_cars,private,,listings,2466,listings,0,,vend-scraper-v2/daily_filtered
2026-07-30,daily,SE,wayke.se,mobility_cars,dealer,,listings,49997,listings,0,,vend-scraper-v2/daily_filtered
2026-07-31,daily,DK,bilbasen.dk,mobility_cars,private,,listings,3490,listings,0,,vend-scraper-v2/daily_filtered
2026-07-31,daily,DK,bilhandel.dk,mobility_cars,dealer,,listings,25130,listings,0,,vend-scraper-v2/daily_filtered
2026-07-31,daily,DK,bilhandel.dk,mobility_cars,private,,listings,1863,listings,0,,vend-scraper-v2/daily_filtered
2026-07-31,daily,DK,biltorvet.dk,mobility_cars,dealer,,listings,42472,listings,0,,vend-scraper-v2/daily_filtered
2026-07-31,daily,DK,biltorvet.dk,mobility_cars,private,,listings,1518,listings,0,,vend-scraper-v2/daily_filtered
2026-07-31,daily,SE,blocket.se,mobility_cars,dealer,,listings,118598,listings,0,,vend-scraper-v2/daily_filtered
2026-07-31,daily,SE,blocket.se,mobility_cars,dealer,,new_listings,4372,listings,0,,vend-scraper-v2/daily_filtered
2026-07-31,daily,SE,blocket.se,mobility_cars,private,,listings,23902,listings,0,,vend-scraper-v2/daily_filtered
2026-07-31,daily,SE,blocket.se,mobility_cars,private,,new_listings,1139,listings,0,,vend-scraper-v2/daily_filtered
2026-07-31,daily,SE,blocket.se,mobility_other,dealer,,listings,60961,listings,0,,vend-scraper-v2/daily_filtered
2026-07-31,daily,SE,blocket.se,mobility_other,dealer,,new_listings,1052,listings,0,,vend-scraper-v2/daily_filtered
2026-07-31,daily,SE,blocket.se,mobility_other,private,,listings,23819,listings,0,,vend-scraper-v2/daily_filtered
2026-07-31,daily,SE,blocket.se,mobility_other,private,,new_listings,1051,listings,0,,vend-scraper-v2/daily_filtered
2026-07-31,daily,FI,etuovi.com,real_estate_homes,,,listings,52987,listings,0,,vend-scraper-v2/daily_filtered
2026-07-31,daily,FI,etuovi.com,real_estate_homes,,,new_listings,365,listings,0,,vend-scraper-v2/daily_filtered
2026-07-31,daily,NO,finn.no,jobs_listings,,,listings,16359,listings,0,,vend-scraper-v2/daily_filtered
2026-07-31,daily,NO,finn.no,jobs_listings,,,new_listings,525,listings,0,,vend-scraper-v2/daily_filtered
2026-07-31,daily,NO,finn.no,jobs_positions,,,listings,30213,listings,0,,vend-scraper-v2/daily_filtered
2026-07-31,daily,NO,finn.no,jobs_positions,,,new_listings,1029,listings,0,,vend-scraper-v2/daily_filtered
2026-07-31,daily,NO,finn.no,mobility_cars,dealer,,listings,52085,listings,0,,vend-scraper-v2/daily_filtered
2026-07-31,daily,NO,finn.no,mobility_cars,dealer,,new_listings,1354,listings,0,,vend-scraper-v2/daily_filtered
2026-07-31,daily,NO,finn.no,mobility_cars,private,,listings,14499,listings,0,,vend-scraper-v2/daily_filtered
2026-07-31,daily,NO,finn.no,mobility_cars,private,,new_listings,770,listings,0,,vend-scraper-v2/daily_filtered
2026-07-31,daily,NO,finn.no,mobility_other,dealer,,listings,25535,listings,0,,vend-scraper-v2/daily_filtered
2026-07-31,daily,NO,finn.no,mobility_other,dealer,,new_listings,523,listings,0,,vend-scraper-v2/daily_filtered
2026-07-31,daily,NO,finn.no,mobility_other,private,,listings,16977,listings,0,,vend-scraper-v2/daily_filtered
2026-07-31,daily,NO,finn.no,mobility_other,private,,new_listings,820,listings,0,,vend-scraper-v2/daily_filtered
2026-07-31,daily,NO,finn.no,real_estate_homes,,,listings,17633,listings,0,,vend-scraper-v2/daily_filtered
2026-07-31,daily,NO,finn.no,real_estate_homes,,,new_listings,757,listings,0,,vend-scraper-v2/daily_filtered
2026-07-31,daily,NO,finn.no,real_estate_other,,,listings,28203,listings,0,,vend-scraper-v2/daily_filtered
2026-07-31,daily,NO,finn.no,real_estate_other,,,new_listings,662,listings,0,,vend-scraper-v2/daily_filtered
2026-07-31,daily,SE,hemnet.se,real_estate_homes,,,listings,30070,listings,0,,vend-scraper-v2/daily_filtered
2026-07-31,daily,SE,hemnet.se,real_estate_homes,,,new_listings,1916,listings,0,,vend-scraper-v2/daily_filtered
2026-07-31,daily,SE,hemnet.se,real_estate_homes_upcoming,,,listings,7630,listings,0,,vend-scraper-v2/daily_filtered
2026-07-31,daily,NO,hjem.no,real_estate_homes,,,listings,6532,listings,0,,vend-scraper-v2/daily_filtered
2026-07-31,daily,FI,oikotie.fi,real_estate_homes,,,listings,49070,listings,0,,vend-scraper-v2/daily_filtered
2026-07-31,daily,FI,oikotie.fi,real_estate_homes,,,new_listings,636,listings,0,,vend-scraper-v2/daily_filtered
2026-07-31,daily,SE,tradera.com,mobility_cars,dealer,,listings,45195,listings,0,,vend-scraper-v2/daily_filtered
2026-07-31,daily,SE,tradera.com,mobility_cars,private,,listings,2456,listings,0,,vend-scraper-v2/daily_filtered
2026-07-31,daily,SE,wayke.se,mobility_cars,dealer,,listings,49792,listings,0,,vend-scraper-v2/daily_filtered
2026-08-01,daily,DK,bilbasen.dk,mobility_cars,private,,listings,3542,listings,0,,vend-scraper-v2/daily_filtered
2026-08-01,daily,DK,bilhandel.dk,mobility_cars,dealer,,listings,25111,listings,0,,vend-scraper-v2/daily_filtered
2026-08-01,daily,DK,bilhandel.dk,mobility_cars,private,,listings,1865,listings,0,,vend-scraper-v2/daily_filtered
2026-08-01,daily,DK,biltorvet.dk,mobility_cars,dealer,,listings,42405,listings,0,,vend-scraper-v2/daily_filtered
2026-08-01,daily,DK,biltorvet.dk,mobility_cars,private,,listings,1520,listings,0,,vend-scraper-v2/daily_filtered
2026-08-01,daily,SE,blocket.se,mobility_cars,dealer,,listings,118143,listings,0,,vend-scraper-v2/daily_filtered
2026-08-01,daily,SE,blocket.se,mobility_cars,dealer,,new_listings,2365,listings,0,,vend-scraper-v2/daily_filtered
2026-08-01,daily,SE,blocket.se,mobility_cars,private,,listings,23829,listings,0,,vend-scraper-v2/daily_filtered
2026-08-01,daily,SE,blocket.se,mobility_cars,private,,new_listings,1056,listings,0,,vend-scraper-v2/daily_filtered
2026-08-01,daily,SE,blocket.se,mobility_other,dealer,,listings,61011,listings,0,,vend-scraper-v2/daily_filtered
2026-08-01,daily,SE,blocket.se,mobility_other,dealer,,new_listings,484,listings,0,,vend-scraper-v2/daily_filtered
2026-08-01,daily,SE,blocket.se,mobility_other,private,,listings,23892,listings,0,,vend-scraper-v2/daily_filtered
2026-08-01,daily,SE,blocket.se,mobility_other,private,,new_listings,1059,listings,0,,vend-scraper-v2/daily_filtered
2026-08-01,daily,FI,etuovi.com,real_estate_homes,,,listings,52908,listings,0,,vend-scraper-v2/daily_filtered
2026-08-01,daily,FI,etuovi.com,real_estate_homes,,,new_listings,228,listings,0,,vend-scraper-v2/daily_filtered
2026-08-01,daily,NO,finn.no,jobs_listings,,,listings,15166,listings,0,,vend-scraper-v2/daily_filtered
2026-08-01,daily,NO,finn.no,jobs_listings,,,new_listings,150,listings,0,,vend-scraper-v2/daily_filtered
2026-08-01,daily,NO,finn.no,jobs_positions,,,listings,27815,listings,0,,vend-scraper-v2/daily_filtered
2026-08-01,daily,NO,finn.no,jobs_positions,,,new_listings,335,listings,0,,vend-scraper-v2/daily_filtered
2026-08-01,daily,NO,finn.no,mobility_cars,dealer,,listings,51422,listings,0,,vend-scraper-v2/daily_filtered
2026-08-01,daily,NO,finn.no,mobility_cars,dealer,,new_listings,529,listings,0,,vend-scraper-v2/daily_filtered
2026-08-01,daily,NO,finn.no,mobility_cars,private,,listings,14561,listings,0,,vend-scraper-v2/daily_filtered
2026-08-01,daily,NO,finn.no,mobility_cars,private,,new_listings,717,listings,0,,vend-scraper-v2/daily_filtered
2026-08-01,daily,NO,finn.no,mobility_other,dealer,,listings,25458,listings,0,,vend-scraper-v2/daily_filtered
2026-08-01,daily,NO,finn.no,mobility_other,dealer,,new_listings,278,listings,0,,vend-scraper-v2/daily_filtered
2026-08-01,daily,NO,finn.no,mobility_other,private,,listings,16990,listings,0,,vend-scraper-v2/daily_filtered
2026-08-01,daily,NO,finn.no,mobility_other,private,,new_listings,797,listings,0,,vend-scraper-v2/daily_filtered
2026-08-01,daily,NO,finn.no,real_estate_homes,,,listings,17700,listings,0,,vend-scraper-v2/daily_filtered
2026-08-01,daily,NO,finn.no,real_estate_homes,,,new_listings,342,listings,0,,vend-scraper-v2/daily_filtered
2026-08-01,daily,NO,finn.no,real_estate_other,,,listings,28062,listings,0,,vend-scraper-v2/daily_filtered
2026-08-01,daily,NO,finn.no,real_estate_other,,,new_listings,425,listings,0,,vend-scraper-v2/daily_filtered
2026-08-01,daily,SE,hemnet.se,real_estate_homes,,,listings,30228,listings,0,,vend-scraper-v2/daily_filtered
2026-08-01,daily,SE,hemnet.se,real_estate_homes,,,new_listings,1840,listings,0,,vend-scraper-v2/daily_filtered
2026-08-01,daily,SE,hemnet.se,real_estate_homes_upcoming,,,listings,7560,listings,0,,vend-scraper-v2/daily_filtered
2026-08-01,daily,NO,hjem.no,real_estate_homes,,,listings,6589,listings,0,,vend-scraper-v2/daily_filtered
2026-08-01,daily,FI,oikotie.fi,real_estate_homes,,,listings,49018,listings,0,,vend-scraper-v2/daily_filtered
2026-08-01,daily,FI,oikotie.fi,real_estate_homes,,,new_listings,510,listings,0,,vend-scraper-v2/daily_filtered
2026-08-01,daily,SE,tradera.com,mobility_cars,dealer,,listings,44855,listings,0,,vend-scraper-v2/daily_filtered
2026-08-01,daily,SE,tradera.com,mobility_cars,private,,listings,2448,listings,0,,vend-scraper-v2/daily_filtered
2026-08-01,daily,SE,wayke.se,mobility_cars,dealer,,listings,49515,listings,0,,vend-scraper-v2/daily_filtered
2026-08-02,daily,DK,bilbasen.dk,mobility_cars,private,,listings,3592,listings,0,,vend-scraper-v2/daily_filtered
2026-08-02,daily,DK,bilhandel.dk,mobility_cars,dealer,,listings,24876,listings,0,,vend-scraper-v2/daily_filtered
2026-08-02,daily,DK,bilhandel.dk,mobility_cars,private,,listings,1871,listings,0,,vend-scraper-v2/daily_filtered
2026-08-02,daily,DK,biltorvet.dk,mobility_cars,dealer,,listings,42184,listings,0,,vend-scraper-v2/daily_filtered
2026-08-02,daily,DK,biltorvet.dk,mobility_cars,private,,listings,1532,listings,0,,vend-scraper-v2/daily_filtered
2026-08-02,daily,SE,blocket.se,mobility_cars,dealer,,listings,118154,listings,0,,vend-scraper-v2/daily_filtered
2026-08-02,daily,SE,blocket.se,mobility_cars,dealer,,new_listings,1881,listings,0,,vend-scraper-v2/daily_filtered
2026-08-02,daily,SE,blocket.se,mobility_cars,private,,listings,23819,listings,0,,vend-scraper-v2/daily_filtered
2026-08-02,daily,SE,blocket.se,mobility_cars,private,,new_listings,1191,listings,0,,vend-scraper-v2/daily_filtered
2026-08-02,daily,SE,blocket.se,mobility_other,dealer,,listings,60746,listings,0,,vend-scraper-v2/daily_filtered
2026-08-02,daily,SE,blocket.se,mobility_other,dealer,,new_listings,411,listings,0,,vend-scraper-v2/daily_filtered
2026-08-02,daily,SE,blocket.se,mobility_other,private,,listings,24010,listings,0,,vend-scraper-v2/daily_filtered
2026-08-02,daily,SE,blocket.se,mobility_other,private,,new_listings,1239,listings,0,,vend-scraper-v2/daily_filtered
2026-08-02,daily,FI,etuovi.com,real_estate_homes,,,listings,52891,listings,0,,vend-scraper-v2/daily_filtered
2026-08-02,daily,FI,etuovi.com,real_estate_homes,,,new_listings,154,listings,0,,vend-scraper-v2/daily_filtered
2026-08-02,daily,NO,finn.no,jobs_listings,,,listings,14770,listings,0,,vend-scraper-v2/daily_filtered
2026-08-02,daily,NO,finn.no,jobs_listings,,,new_listings,88,listings,0,,vend-scraper-v2/daily_filtered
2026-08-02,daily,NO,finn.no,jobs_positions,,,listings,27174,listings,0,,vend-scraper-v2/daily_filtered
2026-08-02,daily,NO,finn.no,jobs_positions,,,new_listings,144,listings,0,,vend-scraper-v2/daily_filtered
2026-08-02,daily,NO,finn.no,mobility_cars,dealer,,listings,50619,listings,0,,vend-scraper-v2/daily_filtered
2026-08-02,daily,NO,finn.no,mobility_cars,dealer,,new_listings,376,listings,0,,vend-scraper-v2/daily_filtered
2026-08-02,daily,NO,finn.no,mobility_cars,private,,listings,14796,listings,0,,vend-scraper-v2/daily_filtered
2026-08-02,daily,NO,finn.no,mobility_cars,private,,new_listings,973,listings,0,,vend-scraper-v2/daily_filtered
2026-08-02,daily,NO,finn.no,mobility_other,dealer,,listings,25032,listings,0,,vend-scraper-v2/daily_filtered
2026-08-02,daily,NO,finn.no,mobility_other,dealer,,new_listings,145,listings,0,,vend-scraper-v2/daily_filtered
2026-08-02,daily,NO,finn.no,mobility_other,private,,listings,17212,listings,0,,vend-scraper-v2/daily_filtered
2026-08-02,daily,NO,finn.no,mobility_other,private,,new_listings,1055,listings,0,,vend-scraper-v2/daily_filtered
2026-08-02,daily,NO,finn.no,real_estate_homes,,,listings,17828,listings,0,,vend-scraper-v2/daily_filtered
2026-08-02,daily,NO,finn.no,real_estate_homes,,,new_listings,384,listings,0,,vend-scraper-v2/daily_filtered
2026-08-02,weekly,NO,finn.no,real_estate_homes,,large,package_count,2164,listings,0,exclude:E09,finn-bolig-packages/packages_history
2026-08-02,weekly,NO,finn.no,real_estate_homes,,large,package_share,56.2,pct,0,exclude:E09,finn-bolig-packages/packages_history
2026-08-02,weekly,NO,finn.no,real_estate_homes,,medium,package_count,1476,listings,0,exclude:E09,finn-bolig-packages/packages_history
2026-08-02,weekly,NO,finn.no,real_estate_homes,,medium,package_share,38.3,pct,0,exclude:E09,finn-bolig-packages/packages_history
2026-08-02,weekly,NO,finn.no,real_estate_homes,,small,package_count,210,listings,0,exclude:E09,finn-bolig-packages/packages_history
2026-08-02,weekly,NO,finn.no,real_estate_homes,,small,package_share,5.5,pct,0,exclude:E09,finn-bolig-packages/packages_history
2026-08-02,daily,NO,finn.no,real_estate_other,,,listings,28107,listings,0,,vend-scraper-v2/daily_filtered
2026-08-02,daily,NO,finn.no,real_estate_other,,,new_listings,601,listings,0,,vend-scraper-v2/daily_filtered
2026-08-02,daily,SE,hemnet.se,real_estate_homes,,,listings,30301,listings,0,,vend-scraper-v2/daily_filtered
2026-08-02,daily,SE,hemnet.se,real_estate_homes,,,new_listings,898,listings,0,,vend-scraper-v2/daily_filtered
2026-08-02,daily,SE,hemnet.se,real_estate_homes_upcoming,,,listings,7528,listings,0,,vend-scraper-v2/daily_filtered
2026-08-02,daily,NO,hjem.no,real_estate_homes,,,listings,6660,listings,0,,vend-scraper-v2/daily_filtered
2026-08-02,daily,FI,oikotie.fi,real_estate_homes,,,listings,49020,listings,0,,vend-scraper-v2/daily_filtered
2026-08-02,daily,FI,oikotie.fi,real_estate_homes,,,new_listings,327,listings,0,,vend-scraper-v2/daily_filtered
2026-08-02,daily,SE,tradera.com,mobility_cars,dealer,,listings,44759,listings,0,,vend-scraper-v2/daily_filtered
2026-08-02,daily,SE,tradera.com,mobility_cars,private,,listings,2449,listings,0,,vend-scraper-v2/daily_filtered
2026-08-02,daily,SE,wayke.se,mobility_cars,dealer,,listings,49356,listings,0,,vend-scraper-v2/daily_filtered
2026-08-03,daily,DK,bilbasen.dk,mobility_cars,private,,listings,3597,listings,0,,vend-scraper-v2/daily_filtered
2026-08-03,daily,DK,bilhandel.dk,mobility_cars,dealer,,listings,24863,listings,0,,vend-scraper-v2/daily_filtered
2026-08-03,daily,DK,bilhandel.dk,mobility_cars,private,,listings,1933,listings,0,,vend-scraper-v2/daily_filtered
2026-08-03,weekly,DK,bilinfo.dk,mobility_cars,,,avg_days_to_sell,56,days,0,,vend-scraper-v2/bilinfo_weekly
2026-08-03,weekly,DK,bilinfo.dk,mobility_cars,,,supply_cars,49800,listings,0,,vend-scraper-v2/bilinfo_weekly
2026-08-03,weekly,DK,bilinfo.dk,mobility_cars,,,visits,437000,visitors,0,,vend-scraper-v2/bilinfo_weekly
2026-08-03,daily,DK,biltorvet.dk,mobility_cars,dealer,,listings,42103,listings,0,,vend-scraper-v2/daily_filtered
2026-08-03,daily,DK,biltorvet.dk,mobility_cars,private,,listings,1526,listings,0,,vend-scraper-v2/daily_filtered
2026-08-03,daily,SE,blocket.se,mobility_cars,dealer,,listings,117649,listings,0,,vend-scraper-v2/daily_filtered
2026-08-03,daily,SE,blocket.se,mobility_cars,dealer,,new_listings,4100,listings,0,,vend-scraper-v2/daily_filtered
2026-08-03,weekly,SE,blocket.se,mobility_cars,dealer,basis,package_sample_count,7504,sampled_listings,1,,finn-mobility-packages/weekly_package_mix
2026-08-03,weekly,SE,blocket.se,mobility_cars,dealer,basis,package_share,64.2,pct,1,,finn-mobility-packages/weekly_package_mix
2026-08-03,weekly,SE,blocket.se,mobility_cars,dealer,pluss,package_sample_count,529,sampled_listings,1,,finn-mobility-packages/weekly_package_mix
2026-08-03,weekly,SE,blocket.se,mobility_cars,dealer,pluss,package_share,4.5,pct,1,,finn-mobility-packages/weekly_package_mix
2026-08-03,weekly,SE,blocket.se,mobility_cars,dealer,premium,package_sample_count,3654,sampled_listings,1,,finn-mobility-packages/weekly_package_mix
2026-08-03,weekly,SE,blocket.se,mobility_cars,dealer,premium,package_share,31.3,pct,1,,finn-mobility-packages/weekly_package_mix
2026-08-03,daily,SE,blocket.se,mobility_cars,private,,listings,23876,listings,0,,vend-scraper-v2/daily_filtered
2026-08-03,daily,SE,blocket.se,mobility_cars,private,,new_listings,1268,listings,0,,vend-scraper-v2/daily_filtered
2026-08-03,daily,SE,blocket.se,mobility_other,dealer,,listings,60613,listings,0,,vend-scraper-v2/daily_filtered
2026-08-03,daily,SE,blocket.se,mobility_other,dealer,,new_listings,1467,listings,0,,vend-scraper-v2/daily_filtered
2026-08-03,daily,SE,blocket.se,mobility_other,private,,listings,24212,listings,0,,vend-scraper-v2/daily_filtered
2026-08-03,daily,SE,blocket.se,mobility_other,private,,new_listings,1177,listings,0,,vend-scraper-v2/daily_filtered
2026-08-03,daily,FI,etuovi.com,real_estate_homes,,,listings,52802,listings,0,,vend-scraper-v2/daily_filtered
2026-08-03,daily,FI,etuovi.com,real_estate_homes,,,new_listings,332,listings,0,,vend-scraper-v2/daily_filtered
2026-08-03,daily,NO,finn.no,jobs_listings,,,listings,14572,listings,0,,vend-scraper-v2/daily_filtered
2026-08-03,daily,NO,finn.no,jobs_listings,,,new_listings,954,listings,0,,vend-scraper-v2/daily_filtered
2026-08-03,daily,NO,finn.no,jobs_positions,,,listings,27289,listings,0,,vend-scraper-v2/daily_filtered
2026-08-03,daily,NO,finn.no,jobs_positions,,,new_listings,1881,listings,0,,vend-scraper-v2/daily_filtered
2026-08-03,daily,NO,finn.no,mobility_cars,dealer,,listings,50433,listings,0,,vend-scraper-v2/daily_filtered
2026-08-03,daily,NO,finn.no,mobility_cars,dealer,,new_listings,1543,listings,0,,vend-scraper-v2/daily_filtered
2026-08-03,weekly,NO,finn.no,mobility_cars,dealer,basis,package_sample_count,1530,sampled_listings,1,,finn-mobility-packages/weekly_package_mix
2026-08-03,weekly,NO,finn.no,mobility_cars,dealer,basis,package_share,30.3,pct,1,,finn-mobility-packages/weekly_package_mix
2026-08-03,weekly,NO,finn.no,mobility_cars,dealer,pluss,package_sample_count,1398,sampled_listings,1,,finn-mobility-packages/weekly_package_mix
2026-08-03,weekly,NO,finn.no,mobility_cars,dealer,pluss,package_share,27.7,pct,1,,finn-mobility-packages/weekly_package_mix
2026-08-03,weekly,NO,finn.no,mobility_cars,dealer,premium,package_sample_count,2116,sampled_listings,1,,finn-mobility-packages/weekly_package_mix
2026-08-03,weekly,NO,finn.no,mobility_cars,dealer,premium,package_share,42,pct,1,,finn-mobility-packages/weekly_package_mix
2026-08-03,daily,NO,finn.no,mobility_cars,private,,listings,14962,listings,0,,vend-scraper-v2/daily_filtered
2026-08-03,daily,NO,finn.no,mobility_cars,private,,new_listings,970,listings,0,,vend-scraper-v2/daily_filtered
2026-08-03,daily,NO,finn.no,mobility_other,dealer,,listings,25022,listings,0,,vend-scraper-v2/daily_filtered
2026-08-03,daily,NO,finn.no,mobility_other,dealer,,new_listings,622,listings,0,,vend-scraper-v2/daily_filtered
2026-08-03,daily,NO,finn.no,mobility_other,private,,listings,17487,listings,0,,vend-scraper-v2/daily_filtered
2026-08-03,daily,NO,finn.no,mobility_other,private,,new_listings,1057,listings,0,,vend-scraper-v2/daily_filtered
2026-08-03,daily,NO,finn.no,real_estate_homes,,,listings,18170,listings,0,,vend-scraper-v2/daily_filtered
2026-08-03,daily,NO,finn.no,real_estate_homes,,,new_listings,881,listings,0,,vend-scraper-v2/daily_filtered
2026-08-03,daily,NO,finn.no,real_estate_other,,,listings,28334,listings,0,,vend-scraper-v2/daily_filtered
2026-08-03,daily,NO,finn.no,real_estate_other,,,new_listings,816,listings,0,,vend-scraper-v2/daily_filtered
2026-08-03,daily,SE,hemnet.se,real_estate_homes,,,listings,30605,listings,0,,vend-scraper-v2/daily_filtered
2026-08-03,daily,SE,hemnet.se,real_estate_homes,,,new_listings,1668,listings,0,,vend-scraper-v2/daily_filtered
2026-08-03,daily,SE,hemnet.se,real_estate_homes_upcoming,,,listings,7442,listings,0,,vend-scraper-v2/daily_filtered
2026-08-03,daily,NO,hjem.no,real_estate_homes,,,listings,6811,listings,0,,vend-scraper-v2/daily_filtered
2026-08-03,daily,FI,oikotie.fi,real_estate_homes,,,listings,48914,listings,0,,vend-scraper-v2/daily_filtered
2026-08-03,daily,FI,oikotie.fi,real_estate_homes,,,new_listings,499,listings,0,,vend-scraper-v2/daily_filtered
2026-08-03,daily,SE,tradera.com,mobility_cars,dealer,,listings,44641,listings,0,,vend-scraper-v2/daily_filtered
2026-08-03,daily,SE,tradera.com,mobility_cars,private,,listings,2466,listings,0,,vend-scraper-v2/daily_filtered
2026-08-03,daily,SE,wayke.se,mobility_cars,dealer,,listings,48973,listings,0,,vend-scraper-v2/daily_filtered
2026-08-04,daily,DK,bilbasen.dk,mobility_cars,private,,listings,3655,listings,0,,vend-scraper-v2/daily_filtered
2026-08-04,daily,DK,bilhandel.dk,mobility_cars,dealer,,listings,24864,listings,0,,vend-scraper-v2/daily_filtered
2026-08-04,daily,DK,bilhandel.dk,mobility_cars,private,,listings,1947,listings,0,,vend-scraper-v2/daily_filtered
2026-08-04,daily,DK,biltorvet.dk,mobility_cars,dealer,,listings,42092,listings,0,,vend-scraper-v2/daily_filtered
2026-08-04,daily,DK,biltorvet.dk,mobility_cars,private,,listings,1526,listings,0,,vend-scraper-v2/daily_filtered
2026-08-04,daily,SE,blocket.se,mobility_cars,dealer,,listings,117795,listings,0,,vend-scraper-v2/daily_filtered
2026-08-04,daily,SE,blocket.se,mobility_cars,dealer,,new_listings,4897,listings,0,,vend-scraper-v2/daily_filtered
2026-08-04,daily,SE,blocket.se,mobility_cars,private,,listings,23930,listings,0,,vend-scraper-v2/daily_filtered
2026-08-04,daily,SE,blocket.se,mobility_cars,private,,new_listings,1218,listings,0,,vend-scraper-v2/daily_filtered
2026-08-04,daily,SE,blocket.se,mobility_other,dealer,,listings,60672,listings,0,,vend-scraper-v2/daily_filtered
2026-08-04,daily,SE,blocket.se,mobility_other,dealer,,new_listings,1419,listings,0,,vend-scraper-v2/daily_filtered
2026-08-04,daily,SE,blocket.se,mobility_other,private,,listings,24346,listings,0,,vend-scraper-v2/daily_filtered
2026-08-04,daily,SE,blocket.se,mobility_other,private,,new_listings,1112,listings,0,,vend-scraper-v2/daily_filtered
2026-08-04,daily,FI,etuovi.com,real_estate_homes,,,listings,52790,listings,0,,vend-scraper-v2/daily_filtered
2026-08-04,daily,FI,etuovi.com,real_estate_homes,,,new_listings,359,listings,0,,vend-scraper-v2/daily_filtered
2026-08-04,daily,NO,finn.no,jobs_listings,,,listings,14797,listings,0,,vend-scraper-v2/daily_filtered
2026-08-04,daily,NO,finn.no,jobs_listings,,,new_listings,934,listings,0,,vend-scraper-v2/daily_filtered
2026-08-04,daily,NO,finn.no,jobs_positions,,,listings,27967,listings,0,,vend-scraper-v2/daily_filtered
2026-08-04,daily,NO,finn.no,jobs_positions,,,new_listings,1888,listings,0,,vend-scraper-v2/daily_filtered
2026-08-04,daily,NO,finn.no,mobility_cars,dealer,,listings,50857,listings,0,,vend-scraper-v2/daily_filtered
2026-08-04,daily,NO,finn.no,mobility_cars,dealer,,new_listings,1628,listings,0,,vend-scraper-v2/daily_filtered
2026-08-04,daily,NO,finn.no,mobility_cars,private,,listings,15106,listings,0,,vend-scraper-v2/daily_filtered
2026-08-04,daily,NO,finn.no,mobility_cars,private,,new_listings,994,listings,0,,vend-scraper-v2/daily_filtered
2026-08-04,daily,NO,finn.no,mobility_other,dealer,,listings,25195,listings,0,,vend-scraper-v2/daily_filtered
2026-08-04,daily,NO,finn.no,mobility_other,dealer,,new_listings,680,listings,0,,vend-scraper-v2/daily_filtered
2026-08-04,daily,NO,finn.no,mobility_other,private,,listings,17492,listings,0,,vend-scraper-v2/daily_filtered
2026-08-04,daily,NO,finn.no,mobility_other,private,,new_listings,909,listings,0,,vend-scraper-v2/daily_filtered
2026-08-04,daily,NO,finn.no,real_estate_homes,,,listings,18612,listings,0,,vend-scraper-v2/daily_filtered
2026-08-04,daily,NO,finn.no,real_estate_homes,,,new_listings,756,listings,0,,vend-scraper-v2/daily_filtered
2026-08-04,daily,NO,finn.no,real_estate_other,,,listings,28514,listings,0,,vend-scraper-v2/daily_filtered
2026-08-04,daily,NO,finn.no,real_estate_other,,,new_listings,716,listings,0,,vend-scraper-v2/daily_filtered
2026-08-04,daily,SE,hemnet.se,real_estate_homes,,,listings,30776,listings,0,,vend-scraper-v2/daily_filtered
2026-08-04,daily,SE,hemnet.se,real_estate_homes,,,new_listings,2126,listings,0,,vend-scraper-v2/daily_filtered
2026-08-04,daily,SE,hemnet.se,real_estate_homes_upcoming,,,listings,7420,listings,0,,vend-scraper-v2/daily_filtered
2026-08-04,daily,NO,hjem.no,real_estate_homes,,,listings,6978,listings,0,,vend-scraper-v2/daily_filtered
2026-08-04,daily,FI,oikotie.fi,real_estate_homes,,,listings,48882,listings,0,,vend-scraper-v2/daily_filtered
2026-08-04,daily,FI,oikotie.fi,real_estate_homes,,,new_listings,663,listings,0,,vend-scraper-v2/daily_filtered
2026-08-04,daily,SE,tradera.com,mobility_cars,dealer,,listings,44626,listings,0,,vend-scraper-v2/daily_filtered
2026-08-04,daily,SE,tradera.com,mobility_cars,private,,listings,2466,listings,0,,vend-scraper-v2/daily_filtered
2026-08-04,daily,SE,wayke.se,mobility_cars,dealer,,listings,49023,listings,0,,vend-scraper-v2/daily_filtered
2026-08-05,daily,DK,bilbasen.dk,mobility_cars,private,,listings,3706,listings,0,,vend-scraper-v2/daily_filtered
2026-08-05,daily,DK,bilhandel.dk,mobility_cars,dealer,,listings,24955,listings,0,,vend-scraper-v2/daily_filtered
2026-08-05,daily,DK,bilhandel.dk,mobility_cars,private,,listings,1964,listings,0,,vend-scraper-v2/daily_filtered
2026-08-05,daily,DK,biltorvet.dk,mobility_cars,dealer,,listings,42207,listings,0,,vend-scraper-v2/daily_filtered
2026-08-05,daily,DK,biltorvet.dk,mobility_cars,private,,listings,1531,listings,0,,vend-scraper-v2/daily_filtered
2026-08-05,daily,SE,blocket.se,mobility_cars,dealer,,listings,117696,listings,0,,vend-scraper-v2/daily_filtered
2026-08-05,daily,SE,blocket.se,mobility_cars,dealer,,new_listings,4981,listings,0,,vend-scraper-v2/daily_filtered
2026-08-05,daily,SE,blocket.se,mobility_cars,private,,listings,23961,listings,0,,vend-scraper-v2/daily_filtered
2026-08-05,daily,SE,blocket.se,mobility_cars,private,,new_listings,1175,listings,0,,vend-scraper-v2/daily_filtered
2026-08-05,daily,SE,blocket.se,mobility_other,dealer,,listings,60880,listings,0,,vend-scraper-v2/daily_filtered
2026-08-05,daily,SE,blocket.se,mobility_other,dealer,,new_listings,1387,listings,0,,vend-scraper-v2/daily_filtered
2026-08-05,daily,SE,blocket.se,mobility_other,private,,listings,24522,listings,0,,vend-scraper-v2/daily_filtered
2026-08-05,daily,SE,blocket.se,mobility_other,private,,new_listings,1109,listings,0,,vend-scraper-v2/daily_filtered
2026-08-05,daily,FI,etuovi.com,real_estate_homes,,,listings,52854,listings,0,,vend-scraper-v2/daily_filtered
2026-08-05,daily,FI,etuovi.com,real_estate_homes,,,new_listings,424,listings,0,,vend-scraper-v2/daily_filtered
2026-08-05,daily,NO,finn.no,jobs_listings,,,listings,15221,listings,0,,vend-scraper-v2/daily_filtered
2026-08-05,daily,NO,finn.no,jobs_listings,,,new_listings,762,listings,0,,vend-scraper-v2/daily_filtered
2026-08-05,daily,NO,finn.no,jobs_positions,,,listings,28768,listings,0,,vend-scraper-v2/daily_filtered
2026-08-05,daily,NO,finn.no,jobs_positions,,,new_listings,1455,listings,0,,vend-scraper-v2/daily_filtered
2026-08-05,daily,NO,finn.no,mobility_cars,dealer,,listings,51576,listings,0,,vend-scraper-v2/daily_filtered
2026-08-05,daily,NO,finn.no,mobility_cars,dealer,,new_listings,1652,listings,0,,vend-scraper-v2/daily_filtered
2026-08-05,daily,NO,finn.no,mobility_cars,private,,listings,15160,listings,0,,vend-scraper-v2/daily_filtered
2026-08-05,daily,NO,finn.no,mobility_cars,private,,new_listings,953,listings,0,,vend-scraper-v2/daily_filtered
2026-08-05,daily,NO,finn.no,mobility_other,dealer,,listings,25308,listings,0,,vend-scraper-v2/daily_filtered
2026-08-05,daily,NO,finn.no,mobility_other,dealer,,new_listings,748,listings,0,,vend-scraper-v2/daily_filtered
2026-08-05,daily,NO,finn.no,mobility_other,private,,listings,17575,listings,0,,vend-scraper-v2/daily_filtered
2026-08-05,daily,NO,finn.no,mobility_other,private,,new_listings,914,listings,0,,vend-scraper-v2/daily_filtered
2026-08-05,daily,NO,finn.no,real_estate_homes,,,listings,19044,listings,0,,vend-scraper-v2/daily_filtered
2026-08-05,daily,NO,finn.no,real_estate_homes,,,new_listings,725,listings,0,,vend-scraper-v2/daily_filtered
2026-08-05,daily,NO,finn.no,real_estate_other,,,listings,28668,listings,0,,vend-scraper-v2/daily_filtered
2026-08-05,daily,NO,finn.no,real_estate_other,,,new_listings,784,listings,0,,vend-scraper-v2/daily_filtered
2026-08-05,daily,SE,hemnet.se,real_estate_homes,,,listings,30925,listings,0,,vend-scraper-v2/daily_filtered
2026-08-05,daily,SE,hemnet.se,real_estate_homes,,,new_listings,1822,listings,0,,vend-scraper-v2/daily_filtered
2026-08-05,daily,SE,hemnet.se,real_estate_homes_upcoming,,,listings,7438,listings,0,,vend-scraper-v2/daily_filtered
2026-08-05,daily,NO,hjem.no,real_estate_homes,,,listings,7150,listings,0,,vend-scraper-v2/daily_filtered
2026-08-05,daily,FI,oikotie.fi,real_estate_homes,,,listings,48900,listings,0,,vend-scraper-v2/daily_filtered
2026-08-05,daily,FI,oikotie.fi,real_estate_homes,,,new_listings,695,listings,0,,vend-scraper-v2/daily_filtered
2026-08-05,daily,SE,tradera.com,mobility_cars,dealer,,listings,44530,listings,0,,vend-scraper-v2/daily_filtered
2026-08-05,daily,SE,tradera.com,mobility_cars,private,,listings,2479,listings,0,,vend-scraper-v2/daily_filtered
2026-08-05,daily,SE,wayke.se,mobility_cars,dealer,,listings,48825,listings,0,,vend-scraper-v2/daily_filtered
2026-08-06,daily,DK,bilbasen.dk,mobility_cars,private,,listings,3723,listings,0,,vend-scraper-v2/daily_filtered
2026-08-06,daily,DK,bilhandel.dk,mobility_cars,dealer,,listings,24967,listings,0,,vend-scraper-v2/daily_filtered
2026-08-06,daily,DK,bilhandel.dk,mobility_cars,private,,listings,1977,listings,0,,vend-scraper-v2/daily_filtered
2026-08-06,daily,DK,biltorvet.dk,mobility_cars,dealer,,listings,42304,listings,0,,vend-scraper-v2/daily_filtered
2026-08-06,daily,DK,biltorvet.dk,mobility_cars,private,,listings,1538,listings,0,,vend-scraper-v2/daily_filtered
2026-08-06,daily,SE,blocket.se,mobility_cars,dealer,,listings,117688,listings,0,,vend-scraper-v2/daily_filtered
2026-08-06,daily,SE,blocket.se,mobility_cars,dealer,,new_listings,5043,listings,0,,vend-scraper-v2/daily_filtered
2026-08-06,daily,SE,blocket.se,mobility_cars,private,,listings,23977,listings,0,,vend-scraper-v2/daily_filtered
2026-08-06,daily,SE,blocket.se,mobility_cars,private,,new_listings,1202,listings,0,,vend-scraper-v2/daily_filtered
2026-08-06,daily,SE,blocket.se,mobility_other,dealer,,listings,60915,listings,0,,vend-scraper-v2/daily_filtered
2026-08-06,daily,SE,blocket.se,mobility_other,dealer,,new_listings,1430,listings,0,,vend-scraper-v2/daily_filtered
2026-08-06,daily,SE,blocket.se,mobility_other,private,,listings,24597,listings,0,,vend-scraper-v2/daily_filtered
2026-08-06,daily,SE,blocket.se,mobility_other,private,,new_listings,1101,listings,0,,vend-scraper-v2/daily_filtered
2026-08-06,daily,FI,etuovi.com,real_estate_homes,,,listings,52850,listings,0,,vend-scraper-v2/daily_filtered
2026-08-06,daily,FI,etuovi.com,real_estate_homes,,,new_listings,427,listings,0,,vend-scraper-v2/daily_filtered
2026-08-06,daily,NO,finn.no,jobs_listings,,,listings,15450,listings,0,,vend-scraper-v2/daily_filtered
2026-08-06,daily,NO,finn.no,jobs_listings,,,new_listings,734,listings,0,,vend-scraper-v2/daily_filtered
2026-08-06,daily,NO,finn.no,jobs_positions,,,listings,29210,listings,0,,vend-scraper-v2/daily_filtered
2026-08-06,daily,NO,finn.no,jobs_positions,,,new_listings,1308,listings,0,,vend-scraper-v2/daily_filtered
2026-08-06,daily,NO,finn.no,mobility_cars,dealer,,listings,51566,listings,0,,vend-scraper-v2/daily_filtered
2026-08-06,daily,NO,finn.no,mobility_cars,dealer,,new_listings,1557,listings,0,,vend-scraper-v2/daily_filtered
2026-08-06,daily,NO,finn.no,mobility_cars,private,,listings,15196,listings,0,,vend-scraper-v2/daily_filtered
2026-08-06,daily,NO,finn.no,mobility_cars,private,,new_listings,900,listings,0,,vend-scraper-v2/daily_filtered
2026-08-06,daily,NO,finn.no,mobility_other,dealer,,listings,25422,listings,0,,vend-scraper-v2/daily_filtered
2026-08-06,daily,NO,finn.no,mobility_other,dealer,,new_listings,635,listings,0,,vend-scraper-v2/daily_filtered
2026-08-06,daily,NO,finn.no,mobility_other,private,,listings,17607,listings,0,,vend-scraper-v2/daily_filtered
2026-08-06,daily,NO,finn.no,mobility_other,private,,new_listings,897,listings,0,,vend-scraper-v2/daily_filtered
2026-08-06,daily,NO,finn.no,real_estate_homes,,,listings,19314,listings,0,,vend-scraper-v2/daily_filtered
2026-08-06,daily,NO,finn.no,real_estate_homes,,,new_listings,677,listings,0,,vend-scraper-v2/daily_filtered
2026-08-06,daily,NO,finn.no,real_estate_other,,,listings,28716,listings,0,,vend-scraper-v2/daily_filtered
2026-08-06,daily,NO,finn.no,real_estate_other,,,new_listings,751,listings,0,,vend-scraper-v2/daily_filtered
2026-08-06,daily,SE,hemnet.se,real_estate_homes,,,listings,31106,listings,0,,vend-scraper-v2/daily_filtered
2026-08-06,daily,SE,hemnet.se,real_estate_homes,,,new_listings,1752,listings,0,,vend-scraper-v2/daily_filtered
2026-08-06,daily,SE,hemnet.se,real_estate_homes_upcoming,,,listings,7378,listings,0,,vend-scraper-v2/daily_filtered
2026-08-06,daily,NO,hjem.no,real_estate_homes,,,listings,7304,listings,0,,vend-scraper-v2/daily_filtered
2026-08-06,daily,FI,oikotie.fi,real_estate_homes,,,listings,48902,listings,0,,vend-scraper-v2/daily_filtered
2026-08-06,daily,FI,oikotie.fi,real_estate_homes,,,new_listings,714,listings,0,,vend-scraper-v2/daily_filtered
2026-08-06,daily,SE,tradera.com,mobility_cars,dealer,,listings,44442,listings,0,,vend-scraper-v2/daily_filtered
2026-08-06,daily,SE,tradera.com,mobility_cars,private,,listings,2482,listings,0,,vend-scraper-v2/daily_filtered
2026-08-06,daily,SE,wayke.se,mobility_cars,dealer,,listings,48929,listings,0,,vend-scraper-v2/daily_filtered
2026-08-07,daily,DK,bilbasen.dk,mobility_cars,private,,listings,3720,listings,0,,vend-scraper-v2/daily_filtered
2026-08-07,daily,DK,bilhandel.dk,mobility_cars,dealer,,listings,25030,listings,0,,vend-scraper-v2/daily_filtered
2026-08-07,daily,DK,bilhandel.dk,mobility_cars,private,,listings,1987,listings,0,,vend-scraper-v2/daily_filtered
2026-08-07,daily,DK,biltorvet.dk,mobility_cars,dealer,,listings,42562,listings,0,,vend-scraper-v2/daily_filtered
2026-08-07,daily,DK,biltorvet.dk,mobility_cars,private,,listings,1527,listings,0,,vend-scraper-v2/daily_filtered
2026-08-07,daily,SE,blocket.se,mobility_cars,dealer,,listings,117550,listings,0,,vend-scraper-v2/daily_filtered
2026-08-07,daily,SE,blocket.se,mobility_cars,dealer,,new_listings,4647,listings,0,,vend-scraper-v2/daily_filtered
2026-08-07,daily,SE,blocket.se,mobility_cars,private,,listings,23991,listings,0,,vend-scraper-v2/daily_filtered
2026-08-07,daily,SE,blocket.se,mobility_cars,private,,new_listings,1163,listings,0,,vend-scraper-v2/daily_filtered
2026-08-07,daily,SE,blocket.se,mobility_other,dealer,,listings,61209,listings,0,,vend-scraper-v2/daily_filtered
2026-08-07,daily,SE,blocket.se,mobility_other,dealer,,new_listings,1290,listings,0,,vend-scraper-v2/daily_filtered
2026-08-07,daily,SE,blocket.se,mobility_other,private,,listings,24582,listings,0,,vend-scraper-v2/daily_filtered
2026-08-07,daily,SE,blocket.se,mobility_other,private,,new_listings,1008,listings,0,,vend-scraper-v2/daily_filtered
2026-08-07,daily,FI,etuovi.com,real_estate_homes,,,listings,52830,listings,0,,vend-scraper-v2/daily_filtered
2026-08-07,daily,FI,etuovi.com,real_estate_homes,,,new_listings,430,listings,0,,vend-scraper-v2/daily_filtered
2026-08-07,daily,NO,finn.no,jobs_listings,,,listings,15797,listings,0,,vend-scraper-v2/daily_filtered
2026-08-07,daily,NO,finn.no,jobs_listings,,,new_listings,728,listings,0,,vend-scraper-v2/daily_filtered
2026-08-07,daily,NO,finn.no,jobs_positions,,,listings,29822,listings,0,,vend-scraper-v2/daily_filtered
2026-08-07,daily,NO,finn.no,jobs_positions,,,new_listings,1392,listings,0,,vend-scraper-v2/daily_filtered
2026-08-07,daily,NO,finn.no,mobility_cars,dealer,,listings,51580,listings,0,,vend-scraper-v2/daily_filtered
2026-08-07,daily,NO,finn.no,mobility_cars,dealer,,new_listings,1659,listings,0,,vend-scraper-v2/daily_filtered
2026-08-07,daily,NO,finn.no,mobility_cars,private,,listings,15238,listings,0,,vend-scraper-v2/daily_filtered
2026-08-07,daily,NO,finn.no,mobility_cars,private,,new_listings,851,listings,0,,vend-scraper-v2/daily_filtered
2026-08-07,daily,NO,finn.no,mobility_other,dealer,,listings,25622,listings,0,,vend-scraper-v2/daily_filtered
2026-08-07,daily,NO,finn.no,mobility_other,dealer,,new_listings,674,listings,0,,vend-scraper-v2/daily_filtered
2026-08-07,daily,NO,finn.no,mobility_other,private,,listings,17563,listings,0,,vend-scraper-v2/daily_filtered
2026-08-07,daily,NO,finn.no,mobility_other,private,,new_listings,809,listings,0,,vend-scraper-v2/daily_filtered
2026-08-07,daily,NO,finn.no,real_estate_homes,,,listings,20154,listings,0,,vend-scraper-v2/daily_filtered
2026-08-07,daily,NO,finn.no,real_estate_homes,,,new_listings,1468,listings,0,outlier,vend-scraper-v2/daily_filtered
2026-08-07,daily,NO,finn.no,real_estate_other,,,listings,28735,listings,0,,vend-scraper-v2/daily_filtered
2026-08-07,daily,NO,finn.no,real_estate_other,,,new_listings,653,listings,0,,vend-scraper-v2/daily_filtered
2026-08-07,daily,SE,hemnet.se,real_estate_homes,,,listings,32226,listings,0,,vend-scraper-v2/daily_filtered
2026-08-07,daily,SE,hemnet.se,real_estate_homes,,,new_listings,2863,listings,0,,vend-scraper-v2/daily_filtered
2026-08-07,daily,SE,hemnet.se,real_estate_homes_upcoming,,,listings,6975,listings,0,,vend-scraper-v2/daily_filtered
2026-08-07,daily,NO,hjem.no,real_estate_homes,,,listings,7643,listings,0,,vend-scraper-v2/daily_filtered
2026-08-07,daily,FI,oikotie.fi,real_estate_homes,,,listings,48853,listings,0,,vend-scraper-v2/daily_filtered
2026-08-07,daily,FI,oikotie.fi,real_estate_homes,,,new_listings,695,listings,0,,vend-scraper-v2/daily_filtered
2026-08-07,daily,SE,tradera.com,mobility_cars,dealer,,listings,44365,listings,0,,vend-scraper-v2/daily_filtered
2026-08-07,daily,SE,tradera.com,mobility_cars,private,,listings,2484,listings,0,,vend-scraper-v2/daily_filtered
2026-08-07,daily,SE,wayke.se,mobility_cars,dealer,,listings,48835,listings,0,,vend-scraper-v2/daily_filtered
2026-08-08,daily,DK,bilbasen.dk,mobility_cars,private,,listings,3743,listings,0,,vend-scraper-v2/daily_filtered
2026-08-08,daily,DK,bilhandel.dk,mobility_cars,dealer,,listings,24957,listings,0,,vend-scraper-v2/daily_filtered
2026-08-08,daily,DK,bilhandel.dk,mobility_cars,private,,listings,1996,listings,0,,vend-scraper-v2/daily_filtered
2026-08-08,daily,DK,biltorvet.dk,mobility_cars,dealer,,listings,42490,listings,0,,vend-scraper-v2/daily_filtered
2026-08-08,daily,DK,biltorvet.dk,mobility_cars,private,,listings,1527,listings,0,,vend-scraper-v2/daily_filtered
2026-08-08,daily,SE,blocket.se,mobility_cars,dealer,,listings,117075,listings,0,,vend-scraper-v2/daily_filtered
2026-08-08,daily,SE,blocket.se,mobility_cars,dealer,,new_listings,2311,listings,0,,vend-scraper-v2/daily_filtered
2026-08-08,daily,SE,blocket.se,mobility_cars,private,,listings,23938,listings,0,,vend-scraper-v2/daily_filtered
2026-08-08,daily,SE,blocket.se,mobility_cars,private,,new_listings,1098,listings,0,,vend-scraper-v2/daily_filtered
2026-08-08,daily,SE,blocket.se,mobility_other,dealer,,listings,61204,listings,0,,vend-scraper-v2/daily_filtered
2026-08-08,daily,SE,blocket.se,mobility_other,dealer,,new_listings,460,listings,0,,vend-scraper-v2/daily_filtered
2026-08-08,daily,SE,blocket.se,mobility_other,private,,listings,24671,listings,0,,vend-scraper-v2/daily_filtered
2026-08-08,daily,SE,blocket.se,mobility_other,private,,new_listings,1047,listings,0,,vend-scraper-v2/daily_filtered
2026-08-08,daily,FI,etuovi.com,real_estate_homes,,,listings,52857,listings,0,,vend-scraper-v2/daily_filtered
2026-08-08,daily,FI,etuovi.com,real_estate_homes,,,new_listings,212,listings,0,,vend-scraper-v2/daily_filtered
2026-08-08,daily,NO,finn.no,jobs_listings,,,listings,15319,listings,0,,vend-scraper-v2/daily_filtered
2026-08-08,daily,NO,finn.no,jobs_listings,,,new_listings,58,listings,0,,vend-scraper-v2/daily_filtered
2026-08-08,daily,NO,finn.no,jobs_positions,,,listings,29030,listings,0,,vend-scraper-v2/daily_filtered
2026-08-08,daily,NO,finn.no,jobs_positions,,,new_listings,87,listings,0,,vend-scraper-v2/daily_filtered
2026-08-08,daily,NO,finn.no,mobility_cars,dealer,,listings,50906,listings,0,,vend-scraper-v2/daily_filtered
2026-08-08,daily,NO,finn.no,mobility_cars,dealer,,new_listings,493,listings,0,,vend-scraper-v2/daily_filtered
2026-08-08,daily,NO,finn.no,mobility_cars,private,,listings,15254,listings,0,,vend-scraper-v2/daily_filtered
2026-08-08,daily,NO,finn.no,mobility_cars,private,,new_listings,765,listings,0,,vend-scraper-v2/daily_filtered
2026-08-08,daily,NO,finn.no,mobility_other,dealer,,listings,25509,listings,0,,vend-scraper-v2/daily_filtered
2026-08-08,daily,NO,finn.no,mobility_other,dealer,,new_listings,204,listings,0,,vend-scraper-v2/daily_filtered
2026-08-08,daily,NO,finn.no,mobility_other,private,,listings,17502,listings,0,,vend-scraper-v2/daily_filtered
2026-08-08,daily,NO,finn.no,mobility_other,private,,new_listings,746,listings,0,,vend-scraper-v2/daily_filtered
2026-08-08,daily,NO,finn.no,real_estate_homes,,,listings,20264,listings,0,,vend-scraper-v2/daily_filtered
2026-08-08,daily,NO,finn.no,real_estate_homes,,,new_listings,495,listings,0,,vend-scraper-v2/daily_filtered
2026-08-08,daily,NO,finn.no,real_estate_other,,,listings,28601,listings,0,,vend-scraper-v2/daily_filtered
2026-08-08,daily,NO,finn.no,real_estate_other,,,new_listings,407,listings,0,,vend-scraper-v2/daily_filtered
2026-08-08,daily,SE,hemnet.se,real_estate_homes,,,listings,32436,listings,0,,vend-scraper-v2/daily_filtered
2026-08-08,daily,SE,hemnet.se,real_estate_homes,,,new_listings,2514,listings,0,,vend-scraper-v2/daily_filtered
2026-08-08,daily,SE,hemnet.se,real_estate_homes_upcoming,,,listings,6921,listings,0,,vend-scraper-v2/daily_filtered
2026-08-08,daily,NO,hjem.no,real_estate_homes,,,listings,7720,listings,0,,vend-scraper-v2/daily_filtered
2026-08-08,daily,FI,oikotie.fi,real_estate_homes,,,listings,48870,listings,0,,vend-scraper-v2/daily_filtered
2026-08-08,daily,FI,oikotie.fi,real_estate_homes,,,new_listings,531,listings,0,,vend-scraper-v2/daily_filtered
2026-08-08,daily,SE,tradera.com,mobility_cars,dealer,,listings,44055,listings,0,,vend-scraper-v2/daily_filtered
2026-08-08,daily,SE,tradera.com,mobility_cars,private,,listings,2465,listings,0,,vend-scraper-v2/daily_filtered
2026-08-08,daily,SE,wayke.se,mobility_cars,dealer,,listings,48623,listings,0,,vend-scraper-v2/daily_filtered
2026-08-09,daily,DK,bilbasen.dk,mobility_cars,private,,listings,3803,listings,0,,vend-scraper-v2/daily_filtered
2026-08-09,daily,DK,bilhandel.dk,mobility_cars,dealer,,listings,24723,listings,0,,vend-scraper-v2/daily_filtered
2026-08-09,daily,DK,bilhandel.dk,mobility_cars,private,,listings,2019,listings,0,,vend-scraper-v2/daily_filtered
2026-08-09,daily,DK,biltorvet.dk,mobility_cars,dealer,,listings,42147,listings,0,,vend-scraper-v2/daily_filtered
2026-08-09,daily,DK,biltorvet.dk,mobility_cars,private,,listings,1537,listings,0,,vend-scraper-v2/daily_filtered
2026-08-09,daily,SE,blocket.se,mobility_cars,dealer,,listings,116847,listings,0,,vend-scraper-v2/daily_filtered
2026-08-09,daily,SE,blocket.se,mobility_cars,dealer,,new_listings,1695,listings,0,,vend-scraper-v2/daily_filtered
2026-08-09,daily,SE,blocket.se,mobility_cars,private,,listings,24007,listings,0,,vend-scraper-v2/daily_filtered
2026-08-09,daily,SE,blocket.se,mobility_cars,private,,new_listings,1293,listings,0,,vend-scraper-v2/daily_filtered
2026-08-09,daily,SE,blocket.se,mobility_other,dealer,,listings,61005,listings,0,,vend-scraper-v2/daily_filtered
2026-08-09,daily,SE,blocket.se,mobility_other,dealer,,new_listings,459,listings,0,,vend-scraper-v2/daily_filtered
2026-08-09,daily,SE,blocket.se,mobility_other,private,,listings,24841,listings,0,,vend-scraper-v2/daily_filtered
2026-08-09,daily,SE,blocket.se,mobility_other,private,,new_listings,1303,listings,0,,vend-scraper-v2/daily_filtered
2026-08-09,daily,FI,etuovi.com,real_estate_homes,,,listings,52788,listings,0,,vend-scraper-v2/daily_filtered
2026-08-09,daily,FI,etuovi.com,real_estate_homes,,,new_listings,160,listings,0,,vend-scraper-v2/daily_filtered
2026-08-09,daily,NO,finn.no,jobs_listings,,,listings,15253,listings,0,,vend-scraper-v2/daily_filtered
2026-08-09,daily,NO,finn.no,jobs_listings,,,new_listings,91,listings,0,,vend-scraper-v2/daily_filtered
2026-08-09,daily,NO,finn.no,jobs_positions,,,listings,28927,listings,0,,vend-scraper-v2/daily_filtered
2026-08-09,daily,NO,finn.no,jobs_positions,,,new_listings,156,listings,0,,vend-scraper-v2/daily_filtered
2026-08-09,daily,NO,finn.no,mobility_cars,dealer,,listings,50127,listings,0,,vend-scraper-v2/daily_filtered
2026-08-09,daily,NO,finn.no,mobility_cars,dealer,,new_listings,402,listings,0,,vend-scraper-v2/daily_filtered
2026-08-09,daily,NO,finn.no,mobility_cars,private,,listings,15464,listings,0,,vend-scraper-v2/daily_filtered
2026-08-09,daily,NO,finn.no,mobility_cars,private,,new_listings,986,listings,0,,vend-scraper-v2/daily_filtered
2026-08-09,daily,NO,finn.no,mobility_other,dealer,,listings,25116,listings,0,,vend-scraper-v2/daily_filtered
2026-08-09,daily,NO,finn.no,mobility_other,dealer,,new_listings,190,listings,0,,vend-scraper-v2/daily_filtered
2026-08-09,daily,NO,finn.no,mobility_other,private,,listings,17587,listings,0,,vend-scraper-v2/daily_filtered
2026-08-09,daily,NO,finn.no,mobility_other,private,,new_listings,978,listings,0,,vend-scraper-v2/daily_filtered
2026-08-09,daily,NO,finn.no,real_estate_homes,,,listings,20384,listings,0,,vend-scraper-v2/daily_filtered
2026-08-09,daily,NO,finn.no,real_estate_homes,,,new_listings,439,listings,0,,vend-scraper-v2/daily_filtered
2026-08-09,weekly,NO,finn.no,real_estate_homes,,large,package_count,12432,listings,0,,finn-bolig-packages/packages_history
2026-08-09,weekly,NO,finn.no,real_estate_homes,,large,package_share,61,pct,0,,finn-bolig-packages/packages_history
2026-08-09,weekly,NO,finn.no,real_estate_homes,,medium,package_count,7288,listings,0,,finn-bolig-packages/packages_history
2026-08-09,weekly,NO,finn.no,real_estate_homes,,medium,package_share,35.8,pct,0,,finn-bolig-packages/packages_history
2026-08-09,weekly,NO,finn.no,real_estate_homes,,small,package_count,663,listings,0,,finn-bolig-packages/packages_history
2026-08-09,weekly,NO,finn.no,real_estate_homes,,small,package_share,3.3,pct,0,,finn-bolig-packages/packages_history
2026-08-09,daily,NO,finn.no,real_estate_other,,,listings,28585,listings,0,,vend-scraper-v2/daily_filtered
2026-08-09,daily,NO,finn.no,real_estate_other,,,new_listings,528,listings,0,,vend-scraper-v2/daily_filtered
2026-08-09,daily,SE,hemnet.se,real_estate_homes,,,listings,32500,listings,0,,vend-scraper-v2/daily_filtered
2026-08-09,daily,SE,hemnet.se,real_estate_homes,,,new_listings,846,listings,0,,vend-scraper-v2/daily_filtered
2026-08-09,daily,SE,hemnet.se,real_estate_homes_upcoming,,,listings,6892,listings,0,,vend-scraper-v2/daily_filtered
2026-08-09,daily,NO,hjem.no,real_estate_homes,,,listings,7806,listings,0,,vend-scraper-v2/daily_filtered
2026-08-09,daily,FI,oikotie.fi,real_estate_homes,,,listings,48830,listings,0,,vend-scraper-v2/daily_filtered
2026-08-09,daily,FI,oikotie.fi,real_estate_homes,,,new_listings,357,listings,0,,vend-scraper-v2/daily_filtered
2026-08-09,daily,SE,tradera.com,mobility_cars,dealer,,listings,43824,listings,0,,vend-scraper-v2/daily_filtered
2026-08-09,daily,SE,tradera.com,mobility_cars,private,,listings,2479,listings,0,,vend-scraper-v2/daily_filtered
2026-08-09,daily,SE,wayke.se,mobility_cars,dealer,,listings,48382,listings,0,,vend-scraper-v2/daily_filtered
2026-08-10,daily,DK,bilbasen.dk,mobility_cars,private,,listings,3848,listings,0,,vend-scraper-v2/daily_filtered
2026-08-10,daily,DK,bilhandel.dk,mobility_cars,dealer,,listings,24839,listings,0,,vend-scraper-v2/daily_filtered
2026-08-10,daily,DK,bilhandel.dk,mobility_cars,private,,listings,2035,listings,0,,vend-scraper-v2/daily_filtered
2026-08-10,weekly,DK,bilinfo.dk,mobility_cars,,,avg_days_to_sell,56,days,0,,vend-scraper-v2/bilinfo_weekly
2026-08-10,weekly,DK,bilinfo.dk,mobility_cars,,,supply_cars,50700,listings,0,,vend-scraper-v2/bilinfo_weekly
2026-08-10,weekly,DK,bilinfo.dk,mobility_cars,,,visits,435000,visitors,0,,vend-scraper-v2/bilinfo_weekly
2026-08-10,daily,DK,biltorvet.dk,mobility_cars,dealer,,listings,42037,listings,0,,vend-scraper-v2/daily_filtered
2026-08-10,daily,DK,biltorvet.dk,mobility_cars,private,,listings,1534,listings,0,,vend-scraper-v2/daily_filtered
2026-08-10,daily,SE,blocket.se,mobility_cars,dealer,,listings,116783,listings,0,,vend-scraper-v2/daily_filtered
2026-08-10,daily,SE,blocket.se,mobility_cars,dealer,,new_listings,4266,listings,0,,vend-scraper-v2/daily_filtered
2026-08-10,weekly,SE,blocket.se,mobility_cars,dealer,basis,package_sample_count,7460,sampled_listings,1,,finn-mobility-packages/weekly_package_mix
2026-08-10,weekly,SE,blocket.se,mobility_cars,dealer,basis,package_share,63.8,pct,1,,finn-mobility-packages/weekly_package_mix
2026-08-10,weekly,SE,blocket.se,mobility_cars,dealer,pluss,package_sample_count,598,sampled_listings,1,,finn-mobility-packages/weekly_package_mix
2026-08-10,weekly,SE,blocket.se,mobility_cars,dealer,pluss,package_share,5.1,pct,1,,finn-mobility-packages/weekly_package_mix
2026-08-10,weekly,SE,blocket.se,mobility_cars,dealer,premium,package_sample_count,3626,sampled_listings,1,,finn-mobility-packages/weekly_package_mix
2026-08-10,weekly,SE,blocket.se,mobility_cars,dealer,premium,package_share,31,pct,1,,finn-mobility-packages/weekly_package_mix
2026-08-10,daily,SE,blocket.se,mobility_cars,private,,listings,24169,listings,0,,vend-scraper-v2/daily_filtered
2026-08-10,daily,SE,blocket.se,mobility_cars,private,,new_listings,1279,listings,0,,vend-scraper-v2/daily_filtered
2026-08-10,daily,SE,blocket.se,mobility_other,dealer,,listings,61138,listings,0,,vend-scraper-v2/daily_filtered
2026-08-10,daily,SE,blocket.se,mobility_other,dealer,,new_listings,1850,listings,0,,vend-scraper-v2/daily_filtered
2026-08-10,daily,SE,blocket.se,mobility_other,private,,listings,24957,listings,0,,vend-scraper-v2/daily_filtered
2026-08-10,daily,SE,blocket.se,mobility_other,private,,new_listings,1078,listings,0,,vend-scraper-v2/daily_filtered
2026-08-10,daily,FI,etuovi.com,real_estate_homes,,,listings,52720,listings,0,,vend-scraper-v2/daily_filtered
2026-08-10,daily,FI,etuovi.com,real_estate_homes,,,new_listings,366,listings,0,,vend-scraper-v2/daily_filtered
2026-08-10,daily,NO,finn.no,jobs_listings,,,listings,14679,listings,0,,vend-scraper-v2/daily_filtered
2026-08-10,daily,NO,finn.no,jobs_listings,,,new_listings,955,listings,0,,vend-scraper-v2/daily_filtered
2026-08-10,daily,NO,finn.no,jobs_positions,,,listings,28335,listings,0,,vend-scraper-v2/daily_filtered
2026-08-10,daily,NO,finn.no,jobs_positions,,,new_listings,1906,listings,0,,vend-scraper-v2/daily_filtered
2026-08-10,daily,NO,finn.no,mobility_cars,dealer,,listings,50037,listings,0,,vend-scraper-v2/daily_filtered
2026-08-10,daily,NO,finn.no,mobility_cars,dealer,,new_listings,1523,listings,0,,vend-scraper-v2/daily_filtered
2026-08-10,weekly,NO,finn.no,mobility_cars,dealer,basis,package_sample_count,1421,sampled_listings,1,,finn-mobility-packages/weekly_package_mix
2026-08-10,weekly,NO,finn.no,mobility_cars,dealer,basis,package_share,29.2,pct,1,,finn-mobility-packages/weekly_package_mix
2026-08-10,weekly,NO,finn.no,mobility_cars,dealer,pluss,package_sample_count,1350,sampled_listings,1,,finn-mobility-packages/weekly_package_mix
2026-08-10,weekly,NO,finn.no,mobility_cars,dealer,pluss,package_share,27.7,pct,1,,finn-mobility-packages/weekly_package_mix
2026-08-10,weekly,NO,finn.no,mobility_cars,dealer,premium,package_sample_count,2094,sampled_listings,1,,finn-mobility-packages/weekly_package_mix
2026-08-10,weekly,NO,finn.no,mobility_cars,dealer,premium,package_share,43,pct,1,,finn-mobility-packages/weekly_package_mix
2026-08-10,daily,NO,finn.no,mobility_cars,private,,listings,15607,listings,0,,vend-scraper-v2/daily_filtered
2026-08-10,daily,NO,finn.no,mobility_cars,private,,new_listings,997,listings,0,,vend-scraper-v2/daily_filtered
2026-08-10,daily,NO,finn.no,mobility_other,dealer,,listings,24996,listings,0,,vend-scraper-v2/daily_filtered
2026-08-10,daily,NO,finn.no,mobility_other,dealer,,new_listings,658,listings,0,,vend-scraper-v2/daily_filtered
2026-08-10,daily,NO,finn.no,mobility_other,private,,listings,17658,listings,0,,vend-scraper-v2/daily_filtered
2026-08-10,daily,NO,finn.no,mobility_other,private,,new_listings,941,listings,0,,vend-scraper-v2/daily_filtered
2026-08-10,daily,NO,finn.no,real_estate_homes,,,listings,20705,listings,0,,vend-scraper-v2/daily_filtered
2026-08-10,daily,NO,finn.no,real_estate_homes,,,new_listings,995,listings,0,,vend-scraper-v2/daily_filtered
2026-08-10,daily,NO,finn.no,real_estate_other,,,listings,28714,listings,0,,vend-scraper-v2/daily_filtered
2026-08-10,daily,NO,finn.no,real_estate_other,,,new_listings,688,listings,0,,vend-scraper-v2/daily_filtered
2026-08-10,daily,SE,hemnet.se,real_estate_homes,,,listings,32869,listings,0,,vend-scraper-v2/daily_filtered
2026-08-10,daily,SE,hemnet.se,real_estate_homes,,,new_listings,1631,listings,0,,vend-scraper-v2/daily_filtered
2026-08-10,daily,SE,hemnet.se,real_estate_homes_upcoming,,,listings,6787,listings,0,,vend-scraper-v2/daily_filtered
2026-08-10,daily,NO,hjem.no,real_estate_homes,,,listings,7946,listings,0,,vend-scraper-v2/daily_filtered
2026-08-10,daily,FI,oikotie.fi,real_estate_homes,,,listings,48754,listings,0,,vend-scraper-v2/daily_filtered
2026-08-10,daily,FI,oikotie.fi,real_estate_homes,,,new_listings,514,listings,0,,vend-scraper-v2/daily_filtered
2026-08-10,daily,SE,tradera.com,mobility_cars,dealer,,listings,43955,listings,0,,vend-scraper-v2/daily_filtered
2026-08-10,daily,SE,tradera.com,mobility_cars,private,,listings,2488,listings,0,,vend-scraper-v2/daily_filtered
2026-08-10,daily,SE,wayke.se,mobility_cars,dealer,,listings,48398,listings,0,,vend-scraper-v2/daily_filtered
2026-08-11,daily,DK,bilbasen.dk,mobility_cars,private,,listings,3876,listings,0,,vend-scraper-v2/daily_filtered
2026-08-11,daily,DK,bilhandel.dk,mobility_cars,dealer,,listings,24885,listings,0,,vend-scraper-v2/daily_filtered
2026-08-11,daily,DK,bilhandel.dk,mobility_cars,private,,listings,2052,listings,0,,vend-scraper-v2/daily_filtered
2026-08-11,daily,DK,biltorvet.dk,mobility_cars,dealer,,listings,42180,listings,0,,vend-scraper-v2/daily_filtered
2026-08-11,daily,DK,biltorvet.dk,mobility_cars,private,,listings,1534,listings,0,,vend-scraper-v2/daily_filtered
2026-08-11,daily,SE,blocket.se,mobility_cars,dealer,,listings,116901,listings,0,,vend-scraper-v2/daily_filtered
2026-08-11,daily,SE,blocket.se,mobility_cars,dealer,,new_listings,5148,listings,0,,vend-scraper-v2/daily_filtered
2026-08-11,daily,SE,blocket.se,mobility_cars,private,,listings,24323,listings,0,,vend-scraper-v2/daily_filtered
2026-08-11,daily,SE,blocket.se,mobility_cars,private,,new_listings,1264,listings,0,,vend-scraper-v2/daily_filtered
2026-08-11,daily,SE,blocket.se,mobility_other,dealer,,listings,61369,listings,0,,vend-scraper-v2/daily_filtered
2026-08-11,daily,SE,blocket.se,mobility_other,dealer,,new_listings,1672,listings,0,,vend-scraper-v2/daily_filtered
2026-08-11,daily,SE,blocket.se,mobility_other,private,,listings,25058,listings,0,,vend-scraper-v2/daily_filtered
2026-08-11,daily,SE,blocket.se,mobility_other,private,,new_listings,1050,listings,0,,vend-scraper-v2/daily_filtered
2026-08-11,daily,FI,etuovi.com,real_estate_homes,,,listings,52764,listings,0,,vend-scraper-v2/daily_filtered
2026-08-11,daily,FI,etuovi.com,real_estate_homes,,,new_listings,429,listings,0,,vend-scraper-v2/daily_filtered
2026-08-11,daily,NO,finn.no,jobs_listings,,,listings,14721,listings,0,,vend-scraper-v2/daily_filtered
2026-08-11,daily,NO,finn.no,jobs_listings,,,new_listings,915,listings,0,,vend-scraper-v2/daily_filtered
2026-08-11,daily,NO,finn.no,jobs_positions,,,listings,28762,listings,0,,vend-scraper-v2/daily_filtered
2026-08-11,daily,NO,finn.no,jobs_positions,,,new_listings,1853,listings,0,,vend-scraper-v2/daily_filtered
2026-08-11,daily,NO,finn.no,mobility_cars,dealer,,listings,50555,listings,0,,vend-scraper-v2/daily_filtered
2026-08-11,daily,NO,finn.no,mobility_cars,dealer,,new_listings,1993,listings,0,,vend-scraper-v2/daily_filtered
2026-08-11,daily,NO,finn.no,mobility_cars,private,,listings,15698,listings,0,,vend-scraper-v2/daily_filtered
2026-08-11,daily,NO,finn.no,mobility_cars,private,,new_listings,950,listings,0,,vend-scraper-v2/daily_filtered
2026-08-11,daily,NO,finn.no,mobility_other,dealer,,listings,25146,listings,0,,vend-scraper-v2/daily_filtered
2026-08-11,daily,NO,finn.no,mobility_other,dealer,,new_listings,652,listings,0,,vend-scraper-v2/daily_filtered
2026-08-11,daily,NO,finn.no,mobility_other,private,,listings,17821,listings,0,,vend-scraper-v2/daily_filtered
2026-08-11,daily,NO,finn.no,mobility_other,private,,new_listings,955,listings,0,,vend-scraper-v2/daily_filtered
2026-08-11,daily,NO,finn.no,real_estate_homes,,,listings,21193,listings,0,,vend-scraper-v2/daily_filtered
2026-08-11,daily,NO,finn.no,real_estate_homes,,,new_listings,834,listings,0,,vend-scraper-v2/daily_filtered
2026-08-11,daily,NO,finn.no,real_estate_other,,,listings,28748,listings,0,,vend-scraper-v2/daily_filtered
2026-08-11,daily,NO,finn.no,real_estate_other,,,new_listings,610,listings,0,,vend-scraper-v2/daily_filtered
2026-08-11,daily,SE,hemnet.se,real_estate_homes,,,listings,32979,listings,0,,vend-scraper-v2/daily_filtered
2026-08-11,daily,SE,hemnet.se,real_estate_homes,,,new_listings,2221,listings,0,,vend-scraper-v2/daily_filtered
2026-08-11,daily,SE,hemnet.se,real_estate_homes_upcoming,,,listings,6800,listings,0,,vend-scraper-v2/daily_filtered
2026-08-11,daily,NO,hjem.no,real_estate_homes,,,listings,8144,listings,0,,vend-scraper-v2/daily_filtered
2026-08-11,daily,FI,oikotie.fi,real_estate_homes,,,listings,48749,listings,0,,vend-scraper-v2/daily_filtered
2026-08-11,daily,FI,oikotie.fi,real_estate_homes,,,new_listings,685,listings,0,,vend-scraper-v2/daily_filtered
2026-08-11,daily,SE,tradera.com,mobility_cars,dealer,,listings,43951,listings,0,,vend-scraper-v2/daily_filtered
2026-08-11,daily,SE,tradera.com,mobility_cars,private,,listings,2503,listings,0,,vend-scraper-v2/daily_filtered
2026-08-11,daily,SE,wayke.se,mobility_cars,dealer,,listings,48649,listings,0,,vend-scraper-v2/daily_filtered
2026-08-12,daily,DK,bilbasen.dk,mobility_cars,private,,listings,3897,listings,0,,vend-scraper-v2/daily_filtered
2026-08-12,daily,DK,bilhandel.dk,mobility_cars,dealer,,listings,25058,listings,0,,vend-scraper-v2/daily_filtered
2026-08-12,daily,DK,bilhandel.dk,mobility_cars,private,,listings,2064,listings,0,,vend-scraper-v2/daily_filtered
2026-08-12,daily,DK,biltorvet.dk,mobility_cars,dealer,,listings,42367,listings,0,,vend-scraper-v2/daily_filtered
2026-08-12,daily,DK,biltorvet.dk,mobility_cars,private,,listings,1539,listings,0,,vend-scraper-v2/daily_filtered
2026-08-12,daily,SE,blocket.se,mobility_cars,dealer,,listings,117147,listings,0,,vend-scraper-v2/daily_filtered
2026-08-12,daily,SE,blocket.se,mobility_cars,dealer,,new_listings,5331,listings,0,,vend-scraper-v2/daily_filtered
2026-08-12,daily,SE,blocket.se,mobility_cars,private,,listings,24377,listings,0,,vend-scraper-v2/daily_filtered
2026-08-12,daily,SE,blocket.se,mobility_cars,private,,new_listings,1165,listings,0,,vend-scraper-v2/daily_filtered
2026-08-12,daily,SE,blocket.se,mobility_other,dealer,,listings,61401,listings,0,,vend-scraper-v2/daily_filtered
2026-08-12,daily,SE,blocket.se,mobility_other,dealer,,new_listings,1728,listings,0,,vend-scraper-v2/daily_filtered
2026-08-12,daily,SE,blocket.se,mobility_other,private,,listings,25089,listings,0,,vend-scraper-v2/daily_filtered
2026-08-12,daily,SE,blocket.se,mobility_other,private,,new_listings,984,listings,0,,vend-scraper-v2/daily_filtered
2026-08-12,daily,FI,etuovi.com,real_estate_homes,,,listings,52753,listings,0,,vend-scraper-v2/daily_filtered
2026-08-12,daily,FI,etuovi.com,real_estate_homes,,,new_listings,439,listings,0,,vend-scraper-v2/daily_filtered
2026-08-12,daily,NO,finn.no,jobs_listings,,,listings,15039,listings,0,,vend-scraper-v2/daily_filtered
2026-08-12,daily,NO,finn.no,jobs_listings,,,new_listings,771,listings,0,,vend-scraper-v2/daily_filtered
2026-08-12,daily,NO,finn.no,jobs_positions,,,listings,29321,listings,0,,vend-scraper-v2/daily_filtered
2026-08-12,daily,NO,finn.no,jobs_positions,,,new_listings,1397,listings,0,,vend-scraper-v2/daily_filtered
2026-08-12,daily,NO,finn.no,mobility_cars,dealer,,listings,51397,listings,0,,vend-scraper-v2/daily_filtered
2026-08-12,daily,NO,finn.no,mobility_cars,dealer,,new_listings,1866,listings,0,,vend-scraper-v2/daily_filtered
2026-08-12,daily,NO,finn.no,mobility_cars,private,,listings,15769,listings,0,,vend-scraper-v2/daily_filtered
2026-08-12,daily,NO,finn.no,mobility_cars,private,,new_listings,968,listings,0,,vend-scraper-v2/daily_filtered
2026-08-12,daily,NO,finn.no,mobility_other,dealer,,listings,25445,listings,0,,vend-scraper-v2/daily_filtered
2026-08-12,daily,NO,finn.no,mobility_other,dealer,,new_listings,698,listings,0,,vend-scraper-v2/daily_filtered
2026-08-12,daily,NO,finn.no,mobility_other,private,,listings,17823,listings,0,,vend-scraper-v2/daily_filtered
2026-08-12,daily,NO,finn.no,mobility_other,private,,new_listings,852,listings,0,,vend-scraper-v2/daily_filtered
2026-08-12,daily,NO,finn.no,real_estate_homes,,,listings,21630,listings,0,,vend-scraper-v2/daily_filtered
2026-08-12,daily,NO,finn.no,real_estate_homes,,,new_listings,729,listings,0,,vend-scraper-v2/daily_filtered
2026-08-12,daily,NO,finn.no,real_estate_other,,,listings,28731,listings,0,,vend-scraper-v2/daily_filtered
2026-08-12,daily,NO,finn.no,real_estate_other,,,new_listings,570,listings,0,,vend-scraper-v2/daily_filtered
2026-08-12,daily,SE,hemnet.se,real_estate_homes,,,listings,33115,listings,0,,vend-scraper-v2/daily_filtered
2026-08-12,daily,SE,hemnet.se,real_estate_homes,,,new_listings,1993,listings,0,,vend-scraper-v2/daily_filtered
2026-08-12,daily,SE,hemnet.se,real_estate_homes_upcoming,,,listings,6804,listings,0,,vend-scraper-v2/daily_filtered
2026-08-12,daily,NO,hjem.no,real_estate_homes,,,listings,8296,listings,0,,vend-scraper-v2/daily_filtered
2026-08-12,daily,FI,oikotie.fi,real_estate_homes,,,listings,48728,listings,0,,vend-scraper-v2/daily_filtered
2026-08-12,daily,FI,oikotie.fi,real_estate_homes,,,new_listings,719,listings,0,,vend-scraper-v2/daily_filtered
2026-08-12,daily,SE,tradera.com,mobility_cars,dealer,,listings,43992,listings,0,,vend-scraper-v2/daily_filtered
2026-08-12,daily,SE,tradera.com,mobility_cars,private,,listings,2522,listings,0,,vend-scraper-v2/daily_filtered
2026-08-12,daily,SE,wayke.se,mobility_cars,dealer,,listings,48821,listings,0,,vend-scraper-v2/daily_filtered
2026-08-13,daily,DK,bilbasen.dk,mobility_cars,private,,listings,3911,listings,0,,vend-scraper-v2/daily_filtered
2026-08-13,daily,DK,bilhandel.dk,mobility_cars,dealer,,listings,25286,listings,0,,vend-scraper-v2/daily_filtered
2026-08-13,daily,DK,bilhandel.dk,mobility_cars,private,,listings,2070,listings,0,,vend-scraper-v2/daily_filtered
2026-08-13,daily,DK,biltorvet.dk,mobility_cars,dealer,,listings,42619,listings,0,,vend-scraper-v2/daily_filtered
2026-08-13,daily,DK,biltorvet.dk,mobility_cars,private,,listings,1553,listings,0,,vend-scraper-v2/daily_filtered
2026-08-13,daily,SE,blocket.se,mobility_cars,dealer,,listings,117487,listings,0,,vend-scraper-v2/daily_filtered
2026-08-13,daily,SE,blocket.se,mobility_cars,dealer,,new_listings,4983,listings,0,,vend-scraper-v2/daily_filtered
2026-08-13,daily,SE,blocket.se,mobility_cars,private,,listings,24318,listings,0,,vend-scraper-v2/daily_filtered
2026-08-13,daily,SE,blocket.se,mobility_cars,private,,new_listings,1088,listings,0,,vend-scraper-v2/daily_filtered
2026-08-13,daily,SE,blocket.se,mobility_other,dealer,,listings,61430,listings,0,,vend-scraper-v2/daily_filtered
2026-08-13,daily,SE,blocket.se,mobility_other,dealer,,new_listings,1420,listings,0,,vend-scraper-v2/daily_filtered
2026-08-13,daily,SE,blocket.se,mobility_other,private,,listings,24992,listings,0,,vend-scraper-v2/daily_filtered
2026-08-13,daily,SE,blocket.se,mobility_other,private,,new_listings,931,listings,0,,vend-scraper-v2/daily_filtered
2026-08-13,daily,FI,etuovi.com,real_estate_homes,,,listings,52703,listings,0,,vend-scraper-v2/daily_filtered
2026-08-13,daily,FI,etuovi.com,real_estate_homes,,,new_listings,391,listings,0,,vend-scraper-v2/daily_filtered
2026-08-13,daily,NO,finn.no,jobs_listings,,,listings,15339,listings,0,,vend-scraper-v2/daily_filtered
2026-08-13,daily,NO,finn.no,jobs_listings,,,new_listings,808,listings,0,,vend-scraper-v2/daily_filtered
2026-08-13,daily,NO,finn.no,jobs_positions,,,listings,29964,listings,0,,vend-scraper-v2/daily_filtered
2026-08-13,daily,NO,finn.no,jobs_positions,,,new_listings,1500,listings,0,,vend-scraper-v2/daily_filtered
2026-08-13,daily,NO,finn.no,mobility_cars,dealer,,listings,51460,listings,0,,vend-scraper-v2/daily_filtered
2026-08-13,daily,NO,finn.no,mobility_cars,dealer,,new_listings,1944,listings,0,,vend-scraper-v2/daily_filtered
2026-08-13,daily,NO,finn.no,mobility_cars,private,,listings,15831,listings,0,,vend-scraper-v2/daily_filtered
2026-08-13,daily,NO,finn.no,mobility_cars,private,,new_listings,918,listings,0,,vend-scraper-v2/daily_filtered
2026-08-13,daily,NO,finn.no,mobility_other,dealer,,listings,25446,listings,0,,vend-scraper-v2/daily_filtered
2026-08-13,daily,NO,finn.no,mobility_other,dealer,,new_listings,754,listings,0,,vend-scraper-v2/daily_filtered
2026-08-13,daily,NO,finn.no,mobility_other,private,,listings,17826,listings,0,,vend-scraper-v2/daily_filtered
2026-08-13,daily,NO,finn.no,mobility_other,private,,new_listings,781,listings,0,,vend-scraper-v2/daily_filtered
2026-08-13,daily,NO,finn.no,real_estate_homes,,,listings,21799,listings,0,,vend-scraper-v2/daily_filtered
2026-08-13,daily,NO,finn.no,real_estate_homes,,,new_listings,713,listings,0,,vend-scraper-v2/daily_filtered
2026-08-13,daily,NO,finn.no,real_estate_other,,,listings,28664,listings,0,,vend-scraper-v2/daily_filtered
2026-08-13,daily,NO,finn.no,real_estate_other,,,new_listings,588,listings,0,,vend-scraper-v2/daily_filtered
2026-08-13,daily,SE,hemnet.se,real_estate_homes,,,listings,33204,listings,0,,vend-scraper-v2/daily_filtered
2026-08-13,daily,SE,hemnet.se,real_estate_homes,,,new_listings,1867,listings,0,,vend-scraper-v2/daily_filtered
2026-08-13,daily,SE,hemnet.se,real_estate_homes_upcoming,,,listings,6783,listings,0,,vend-scraper-v2/daily_filtered
2026-08-13,daily,NO,hjem.no,real_estate_homes,,,listings,8369,listings,0,,vend-scraper-v2/daily_filtered
2026-08-13,daily,FI,oikotie.fi,real_estate_homes,,,listings,48690,listings,0,,vend-scraper-v2/daily_filtered
2026-08-13,daily,FI,oikotie.fi,real_estate_homes,,,new_listings,717,listings,0,,vend-scraper-v2/daily_filtered
2026-08-13,daily,SE,tradera.com,mobility_cars,dealer,,listings,44170,listings,0,,vend-scraper-v2/daily_filtered
2026-08-13,daily,SE,tradera.com,mobility_cars,private,,listings,2521,listings,0,,vend-scraper-v2/daily_filtered
2026-08-13,daily,SE,wayke.se,mobility_cars,dealer,,listings,49055,listings,0,,vend-scraper-v2/daily_filtered
2026-08-14,daily,DK,bilbasen.dk,mobility_cars,dealer,,listings,46354,listings,0,,vend-scraper-v2/daily_filtered
2026-08-14,daily,DK,bilbasen.dk,mobility_cars,private,,listings,3904,listings,0,,vend-scraper-v2/daily_filtered
2026-08-14,daily,DK,bilhandel.dk,mobility_cars,dealer,,listings,25448,listings,0,,vend-scraper-v2/daily_filtered
2026-08-14,daily,DK,bilhandel.dk,mobility_cars,private,,listings,2073,listings,0,,vend-scraper-v2/daily_filtered
2026-08-14,daily,DK,biltorvet.dk,mobility_cars,dealer,,listings,42808,listings,0,,vend-scraper-v2/daily_filtered
2026-08-14,daily,DK,biltorvet.dk,mobility_cars,private,,listings,1537,listings,0,,vend-scraper-v2/daily_filtered
2026-08-14,daily,SE,blocket.se,mobility_cars,dealer,,listings,117591,listings,0,,vend-scraper-v2/daily_filtered
2026-08-14,daily,SE,blocket.se,mobility_cars,dealer,,new_listings,5417,listings,0,,vend-scraper-v2/daily_filtered
2026-08-14,daily,SE,blocket.se,mobility_cars,private,,listings,24381,listings,0,,vend-scraper-v2/daily_filtered
2026-08-14,daily,SE,blocket.se,mobility_cars,private,,new_listings,1171,listings,0,,vend-scraper-v2/daily_filtered
2026-08-14,daily,SE,blocket.se,mobility_other,dealer,,listings,61808,listings,0,,vend-scraper-v2/daily_filtered
2026-08-14,daily,SE,blocket.se,mobility_other,dealer,,new_listings,1607,listings,0,,vend-scraper-v2/daily_filtered
2026-08-14,daily,SE,blocket.se,mobility_other,private,,listings,24961,listings,0,,vend-scraper-v2/daily_filtered
2026-08-14,daily,SE,blocket.se,mobility_other,private,,new_listings,889,listings,0,,vend-scraper-v2/daily_filtered
2026-08-14,daily,FI,etuovi.com,real_estate_homes,,,listings,52787,listings,0,,vend-scraper-v2/daily_filtered
2026-08-14,daily,FI,etuovi.com,real_estate_homes,,,new_listings,511,listings,0,,vend-scraper-v2/daily_filtered
2026-08-14,daily,NO,finn.no,jobs_listings,,,listings,15705,listings,0,,vend-scraper-v2/daily_filtered
2026-08-14,daily,NO,finn.no,jobs_listings,,,new_listings,854,listings,0,,vend-scraper-v2/daily_filtered
2026-08-14,daily,NO,finn.no,jobs_positions,,,listings,30560,listings,0,,vend-scraper-v2/daily_filtered
2026-08-14,daily,NO,finn.no,jobs_positions,,,new_listings,1511,listings,0,,vend-scraper-v2/daily_filtered
2026-08-14,daily,NO,finn.no,mobility_cars,dealer,,listings,51527,listings,0,,vend-scraper-v2/daily_filtered
2026-08-14,daily,NO,finn.no,mobility_cars,dealer,,new_listings,1667,listings,0,,vend-scraper-v2/daily_filtered
2026-08-14,daily,NO,finn.no,mobility_cars,private,,listings,15828,listings,0,,vend-scraper-v2/daily_filtered
2026-08-14,daily,NO,finn.no,mobility_cars,private,,new_listings,872,listings,0,,vend-scraper-v2/daily_filtered
2026-08-14,daily,NO,finn.no,mobility_other,dealer,,listings,25727,listings,0,,vend-scraper-v2/daily_filtered
2026-08-14,daily,NO,finn.no,mobility_other,dealer,,new_listings,720,listings,0,,vend-scraper-v2/daily_filtered
2026-08-14,daily,NO,finn.no,mobility_other,private,,listings,17743,listings,0,,vend-scraper-v2/daily_filtered
2026-08-14,daily,NO,finn.no,mobility_other,private,,new_listings,736,listings,0,,vend-scraper-v2/daily_filtered
2026-08-14,daily,NO,finn.no,real_estate_homes,,,listings,22509,listings,0,,vend-scraper-v2/daily_filtered
2026-08-14,daily,NO,finn.no,real_estate_homes,,,new_listings,1510,listings,0,outlier,vend-scraper-v2/daily_filtered
2026-08-14,daily,NO,finn.no,real_estate_other,,,listings,28639,listings,0,,vend-scraper-v2/daily_filtered
2026-08-14,daily,NO,finn.no,real_estate_other,,,new_listings,577,listings,0,,vend-scraper-v2/daily_filtered
2026-08-14,daily,SE,hemnet.se,real_estate_homes,,,listings,34185,listings,0,,vend-scraper-v2/daily_filtered
2026-08-14,daily,SE,hemnet.se,real_estate_homes,,,new_listings,2723,listings,0,,vend-scraper-v2/daily_filtered
2026-08-14,daily,SE,hemnet.se,real_estate_homes_upcoming,,,listings,6474,listings,0,,vend-scraper-v2/daily_filtered
2026-08-14,daily,NO,hjem.no,real_estate_homes,,,listings,8651,listings,0,,vend-scraper-v2/daily_filtered
2026-08-14,daily,FI,oikotie.fi,real_estate_homes,,,listings,48726,listings,0,,vend-scraper-v2/daily_filtered
2026-08-14,daily,FI,oikotie.fi,real_estate_homes,,,new_listings,772,listings,0,,vend-scraper-v2/daily_filtered
2026-08-14,daily,SE,tradera.com,mobility_cars,dealer,,listings,44127,listings,0,,vend-scraper-v2/daily_filtered
2026-08-14,daily,SE,tradera.com,mobility_cars,private,,listings,2521,listings,0,,vend-scraper-v2/daily_filtered
2026-08-14,daily,SE,wayke.se,mobility_cars,dealer,,listings,49078,listings,0,,vend-scraper-v2/daily_filtered
2026-08-15,daily,DK,bilbasen.dk,mobility_cars,dealer,,listings,46295,listings,0,,vend-scraper-v2/daily_filtered
2026-08-15,daily,DK,bilbasen.dk,mobility_cars,private,,listings,3893,listings,0,,vend-scraper-v2/daily_filtered
2026-08-15,daily,DK,bilhandel.dk,mobility_cars,dealer,,listings,25409,listings,0,,vend-scraper-v2/daily_filtered
2026-08-15,daily,DK,bilhandel.dk,mobility_cars,private,,listings,2082,listings,0,,vend-scraper-v2/daily_filtered
2026-08-15,daily,DK,biltorvet.dk,mobility_cars,dealer,,listings,42764,listings,0,,vend-scraper-v2/daily_filtered
2026-08-15,daily,DK,biltorvet.dk,mobility_cars,private,,listings,1514,listings,0,,vend-scraper-v2/daily_filtered
2026-08-15,daily,SE,blocket.se,mobility_cars,dealer,,listings,117086,listings,0,,vend-scraper-v2/daily_filtered
2026-08-15,daily,SE,blocket.se,mobility_cars,dealer,,new_listings,2236,listings,0,,vend-scraper-v2/daily_filtered
2026-08-15,daily,SE,blocket.se,mobility_cars,private,,listings,24407,listings,0,,vend-scraper-v2/daily_filtered
2026-08-15,daily,SE,blocket.se,mobility_cars,private,,new_listings,1078,listings,0,,vend-scraper-v2/daily_filtered
2026-08-15,daily,SE,blocket.se,mobility_other,dealer,,listings,61744,listings,0,,vend-scraper-v2/daily_filtered
2026-08-15,daily,SE,blocket.se,mobility_other,dealer,,new_listings,494,listings,0,,vend-scraper-v2/daily_filtered
2026-08-15,daily,SE,blocket.se,mobility_other,private,,listings,24965,listings,0,,vend-scraper-v2/daily_filtered
2026-08-15,daily,SE,blocket.se,mobility_other,private,,new_listings,949,listings,0,,vend-scraper-v2/daily_filtered
2026-08-15,daily,FI,etuovi.com,real_estate_homes,,,listings,52703,listings,0,,vend-scraper-v2/daily_filtered
2026-08-15,daily,FI,etuovi.com,real_estate_homes,,,new_listings,178,listings,0,,vend-scraper-v2/daily_filtered
2026-08-15,daily,NO,finn.no,jobs_listings,,,new_listings,91,listings,0,,vend-scraper-v2/daily_filtered
2026-08-15,daily,NO,finn.no,jobs_positions,,,new_listings,137,listings,0,,vend-scraper-v2/daily_filtered
2026-08-15,daily,NO,finn.no,mobility_cars,dealer,,listings,50808,listings,0,,vend-scraper-v2/daily_filtered
2026-08-15,daily,NO,finn.no,mobility_cars,dealer,,new_listings,477,listings,0,,vend-scraper-v2/daily_filtered
2026-08-15,daily,NO,finn.no,mobility_cars,private,,listings,15781,listings,0,,vend-scraper-v2/daily_filtered
2026-08-15,daily,NO,finn.no,mobility_cars,private,,new_listings,761,listings,0,,vend-scraper-v2/daily_filtered
2026-08-15,daily,NO,finn.no,mobility_other,dealer,,listings,25659,listings,0,,vend-scraper-v2/daily_filtered
2026-08-15,daily,NO,finn.no,mobility_other,dealer,,new_listings,218,listings,0,,vend-scraper-v2/daily_filtered
2026-08-15,daily,NO,finn.no,mobility_other,private,,listings,17610,listings,0,,vend-scraper-v2/daily_filtered
2026-08-15,daily,NO,finn.no,mobility_other,private,,new_listings,693,listings,0,,vend-scraper-v2/daily_filtered
2026-08-15,daily,NO,finn.no,real_estate_homes,,,listings,22470,listings,0,,vend-scraper-v2/daily_filtered
2026-08-15,daily,NO,finn.no,real_estate_homes,,,new_listings,502,listings,0,,vend-scraper-v2/daily_filtered
2026-08-15,daily,NO,finn.no,real_estate_homes_new,,,listings,17995,listings,0,,vend-scraper-v2/daily_filtered
2026-08-15,daily,NO,finn.no,real_estate_homes_new,,,new_listings,529,listings,0,,vend-scraper-v2/daily_filtered
2026-08-15,daily,NO,finn.no,real_estate_other,,,listings,28491,listings,0,,vend-scraper-v2/daily_filtered
2026-08-15,daily,NO,finn.no,real_estate_other,,,new_listings,349,listings,0,,vend-scraper-v2/daily_filtered
2026-08-15,daily,SE,hemnet.se,real_estate_homes,,,listings,34413,listings,0,,vend-scraper-v2/daily_filtered
2026-08-15,daily,SE,hemnet.se,real_estate_homes,,,new_listings,2326,listings,0,,vend-scraper-v2/daily_filtered
2026-08-15,daily,SE,hemnet.se,real_estate_homes_upcoming,,,listings,6418,listings,0,,vend-scraper-v2/daily_filtered
2026-08-15,daily,NO,hjem.no,real_estate_homes,,,listings,8663,listings,0,,vend-scraper-v2/daily_filtered
2026-08-15,daily,FI,oikotie.fi,real_estate_homes,,,listings,48697,listings,0,,vend-scraper-v2/daily_filtered
2026-08-15,daily,FI,oikotie.fi,real_estate_homes,,,new_listings,586,listings,0,,vend-scraper-v2/daily_filtered
2026-08-15,daily,SE,tradera.com,mobility_cars,dealer,,listings,43896,listings,0,,vend-scraper-v2/daily_filtered
2026-08-15,daily,SE,tradera.com,mobility_cars,private,,listings,2530,listings,0,,vend-scraper-v2/daily_filtered
2026-08-15,daily,SE,wayke.se,mobility_cars,dealer,,listings,48873,listings,0,,vend-scraper-v2/daily_filtered
2026-08-16,daily,DK,bilbasen.dk,mobility_cars,dealer,,listings,45761,listings,0,,vend-scraper-v2/daily_filtered
2026-08-16,daily,DK,bilbasen.dk,mobility_cars,private,,listings,3944,listings,0,,vend-scraper-v2/daily_filtered
2026-08-16,daily,DK,bilhandel.dk,mobility_cars,dealer,,listings,25131,listings,0,,vend-scraper-v2/daily_filtered
2026-08-16,daily,DK,bilhandel.dk,mobility_cars,private,,listings,2098,listings,0,,vend-scraper-v2/daily_filtered
2026-08-16,daily,DK,biltorvet.dk,mobility_cars,dealer,,listings,42378,listings,0,,vend-scraper-v2/daily_filtered
2026-08-16,daily,DK,biltorvet.dk,mobility_cars,private,,listings,1519,listings,0,,vend-scraper-v2/daily_filtered
2026-08-16,daily,SE,blocket.se,mobility_cars,dealer,,listings,116945,listings,0,,vend-scraper-v2/daily_filtered
2026-08-16,daily,SE,blocket.se,mobility_cars,dealer,,new_listings,1800,listings,0,,vend-scraper-v2/daily_filtered
2026-08-16,daily,SE,blocket.se,mobility_cars,private,,listings,24537,listings,0,,vend-scraper-v2/daily_filtered
2026-08-16,daily,SE,blocket.se,mobility_cars,private,,new_listings,1289,listings,0,,vend-scraper-v2/daily_filtered
2026-08-16,daily,SE,blocket.se,mobility_other,dealer,,listings,61541,listings,0,,vend-scraper-v2/daily_filtered
2026-08-16,daily,SE,blocket.se,mobility_other,dealer,,new_listings,487,listings,0,,vend-scraper-v2/daily_filtered
2026-08-16,daily,SE,blocket.se,mobility_other,private,,listings,25102,listings,0,,vend-scraper-v2/daily_filtered
2026-08-16,daily,SE,blocket.se,mobility_other,private,,new_listings,1183,listings,0,,vend-scraper-v2/daily_filtered
2026-08-16,daily,FI,etuovi.com,real_estate_homes,,,listings,52645,listings,0,,vend-scraper-v2/daily_filtered
2026-08-16,daily,FI,etuovi.com,real_estate_homes,,,new_listings,184,listings,0,,vend-scraper-v2/daily_filtered
2026-08-16,daily,NO,finn.no,mobility_cars,dealer,,listings,49959,listings,0,,vend-scraper-v2/daily_filtered
2026-08-16,daily,NO,finn.no,mobility_cars,dealer,,new_listings,375,listings,0,,vend-scraper-v2/daily_filtered
2026-08-16,daily,NO,finn.no,mobility_cars,private,,listings,16141,listings,0,,vend-scraper-v2/daily_filtered
2026-08-16,daily,NO,finn.no,mobility_cars,private,,new_listings,1161,listings,0,,vend-scraper-v2/daily_filtered
2026-08-16,daily,NO,finn.no,mobility_other,dealer,,listings,25343,listings,0,,vend-scraper-v2/daily_filtered
2026-08-16,daily,NO,finn.no,mobility_other,dealer,,new_listings,157,listings,0,,vend-scraper-v2/daily_filtered
2026-08-16,daily,NO,finn.no,mobility_other,private,,listings,17655,listings,0,,vend-scraper-v2/daily_filtered
2026-08-16,daily,NO,finn.no,mobility_other,private,,new_listings,914,listings,0,,vend-scraper-v2/daily_filtered
2026-08-16,daily,NO,finn.no,real_estate_homes,,,listings,22411,listings,0,,vend-scraper-v2/daily_filtered
2026-08-16,daily,NO,finn.no,real_estate_homes,,,new_listings,446,listings,0,,vend-scraper-v2/daily_filtered
2026-08-16,weekly,NO,finn.no,real_estate_homes,,large,package_count,13674,listings,0,,finn-bolig-packages/packages_history
2026-08-16,weekly,NO,finn.no,real_estate_homes,,large,package_share,61,pct,0,,finn-bolig-packages/packages_history
2026-08-16,weekly,NO,finn.no,real_estate_homes,,medium,package_count,8064,listings,0,,finn-bolig-packages/packages_history
2026-08-16,weekly,NO,finn.no,real_estate_homes,,medium,package_share,36,pct,0,,finn-bolig-packages/packages_history
2026-08-16,weekly,NO,finn.no,real_estate_homes,,small,package_count,672,listings,0,,finn-bolig-packages/packages_history
2026-08-16,weekly,NO,finn.no,real_estate_homes,,small,package_share,3,pct,0,,finn-bolig-packages/packages_history
2026-08-16,daily,NO,finn.no,real_estate_homes_new,,,listings,17985,listings,0,,vend-scraper-v2/daily_filtered
2026-08-16,daily,NO,finn.no,real_estate_homes_new,,,new_listings,380,listings,0,,vend-scraper-v2/daily_filtered
2026-08-16,daily,NO,finn.no,real_estate_other,,,listings,28416,listings,0,,vend-scraper-v2/daily_filtered
2026-08-16,daily,NO,finn.no,real_estate_other,,,new_listings,464,listings,0,,vend-scraper-v2/daily_filtered
2026-08-16,daily,SE,hemnet.se,real_estate_homes,,,listings,34465,listings,0,,vend-scraper-v2/daily_filtered
2026-08-16,daily,SE,hemnet.se,real_estate_homes,,,new_listings,835,listings,0,,vend-scraper-v2/daily_filtered
2026-08-16,daily,SE,hemnet.se,real_estate_homes_upcoming,,,listings,6373,listings,0,,vend-scraper-v2/daily_filtered
2026-08-16,daily,NO,hjem.no,real_estate_homes,,,listings,8659,listings,0,,vend-scraper-v2/daily_filtered
2026-08-16,daily,FI,oikotie.fi,real_estate_homes,,,listings,48653,listings,0,,vend-scraper-v2/daily_filtered
2026-08-16,daily,FI,oikotie.fi,real_estate_homes,,,new_listings,318,listings,0,,vend-scraper-v2/daily_filtered
2026-08-16,daily,SE,tradera.com,mobility_cars,dealer,,listings,43748,listings,0,,vend-scraper-v2/daily_filtered
2026-08-16,daily,SE,tradera.com,mobility_cars,private,,listings,2530,listings,0,,vend-scraper-v2/daily_filtered
2026-08-16,daily,SE,wayke.se,mobility_cars,dealer,,listings,48734,listings,0,,vend-scraper-v2/daily_filtered
2026-08-17,daily,DK,bilbasen.dk,mobility_cars,dealer,,listings,45779,listings,0,,vend-scraper-v2/daily_filtered
2026-08-17,daily,DK,bilbasen.dk,mobility_cars,private,,listings,3925,listings,0,,vend-scraper-v2/daily_filtered
2026-08-17,daily,DK,bilhandel.dk,mobility_cars,dealer,,listings,25254,listings,0,,vend-scraper-v2/daily_filtered
2026-08-17,daily,DK,bilhandel.dk,mobility_cars,private,,listings,2069,listings,0,,vend-scraper-v2/daily_filtered
2026-08-17,weekly,DK,bilinfo.dk,mobility_cars,,,avg_days_to_sell,56,days,0,,vend-scraper-v2/bilinfo_weekly
2026-08-17,weekly,DK,bilinfo.dk,mobility_cars,,,supply_cars,50900,listings,0,,vend-scraper-v2/bilinfo_weekly
2026-08-17,weekly,DK,bilinfo.dk,mobility_cars,,,visits,441000,visitors,0,,vend-scraper-v2/bilinfo_weekly
2026-08-17,daily,DK,biltorvet.dk,mobility_cars,dealer,,listings,42346,listings,0,,vend-scraper-v2/daily_filtered
2026-08-17,daily,DK,biltorvet.dk,mobility_cars,private,,listings,1534,listings,0,,vend-scraper-v2/daily_filtered
2026-08-17,daily,SE,blocket.se,mobility_cars,dealer,,listings,116756,listings,0,,vend-scraper-v2/daily_filtered
2026-08-17,daily,SE,blocket.se,mobility_cars,dealer,,new_listings,4694,listings,0,,vend-scraper-v2/daily_filtered
2026-08-17,weekly,SE,blocket.se,mobility_cars,dealer,basis,package_sample_count,7629,sampled_listings,1,,finn-mobility-packages/weekly_package_mix
2026-08-17,weekly,SE,blocket.se,mobility_cars,dealer,basis,package_share,65.3,pct,1,,finn-mobility-packages/weekly_package_mix
2026-08-17,weekly,SE,blocket.se,mobility_cars,dealer,pluss,package_sample_count,572,sampled_listings,1,,finn-mobility-packages/weekly_package_mix
2026-08-17,weekly,SE,blocket.se,mobility_cars,dealer,pluss,package_share,4.9,pct,1,,finn-mobility-packages/weekly_package_mix
2026-08-17,weekly,SE,blocket.se,mobility_cars,dealer,premium,package_sample_count,3482,sampled_listings,1,,finn-mobility-packages/weekly_package_mix
2026-08-17,weekly,SE,blocket.se,mobility_cars,dealer,premium,package_share,29.8,pct,1,,finn-mobility-packages/weekly_package_mix
2026-08-17,daily,SE,blocket.se,mobility_cars,private,,listings,24657,listings,0,,vend-scraper-v2/daily_filtered
2026-08-17,daily,SE,blocket.se,mobility_cars,private,,new_listings,1187,listings,0,,vend-scraper-v2/daily_filtered
2026-08-17,daily,SE,blocket.se,mobility_other,dealer,,listings,61512,listings,0,,vend-scraper-v2/daily_filtered
2026-08-17,daily,SE,blocket.se,mobility_other,dealer,,new_listings,1709,listings,0,,vend-scraper-v2/daily_filtered
2026-08-17,daily,SE,blocket.se,mobility_other,private,,listings,25212,listings,0,,vend-scraper-v2/daily_filtered
2026-08-17,daily,SE,blocket.se,mobility_other,private,,new_listings,1010,listings,0,,vend-scraper-v2/daily_filtered
2026-08-17,daily,FI,etuovi.com,real_estate_homes,,,listings,52617,listings,0,,vend-scraper-v2/daily_filtered
2026-08-17,daily,FI,etuovi.com,real_estate_homes,,,new_listings,382,listings,0,,vend-scraper-v2/daily_filtered
2026-08-17,daily,NO,finn.no,jobs_listings,,,listings,14067,listings,0,,vend-scraper-v2/daily_filtered
2026-08-17,daily,NO,finn.no,jobs_listings,,,new_listings,829,listings,0,,vend-scraper-v2/daily_filtered
2026-08-17,daily,NO,finn.no,jobs_positions,,,listings,27994,listings,0,,vend-scraper-v2/daily_filtered
2026-08-17,daily,NO,finn.no,jobs_positions,,,new_listings,1426,listings,0,,vend-scraper-v2/daily_filtered
2026-08-17,daily,NO,finn.no,mobility_cars,dealer,,listings,49892,listings,0,,vend-scraper-v2/daily_filtered
2026-08-17,daily,NO,finn.no,mobility_cars,dealer,,new_listings,1650,listings,0,,vend-scraper-v2/daily_filtered
2026-08-17,weekly,NO,finn.no,mobility_cars,dealer,basis,package_sample_count,1611,sampled_listings,1,,finn-mobility-packages/weekly_package_mix
2026-08-17,weekly,NO,finn.no,mobility_cars,dealer,basis,package_share,31.7,pct,1,,finn-mobility-packages/weekly_package_mix
2026-08-17,weekly,NO,finn.no,mobility_cars,dealer,pluss,package_sample_count,1333,sampled_listings,1,,finn-mobility-packages/weekly_package_mix
2026-08-17,weekly,NO,finn.no,mobility_cars,dealer,pluss,package_share,26.2,pct,1,,finn-mobility-packages/weekly_package_mix
2026-08-17,weekly,NO,finn.no,mobility_cars,dealer,premium,package_sample_count,2138,sampled_listings,1,,finn-mobility-packages/weekly_package_mix
2026-08-17,weekly,NO,finn.no,mobility_cars,dealer,premium,package_share,42.1,pct,1,,finn-mobility-packages/weekly_package_mix
2026-08-17,daily,NO,finn.no,mobility_cars,private,,listings,16334,listings,0,,vend-scraper-v2/daily_filtered
2026-08-17,daily,NO,finn.no,mobility_cars,private,,new_listings,1054,listings,0,,vend-scraper-v2/daily_filtered
2026-08-17,daily,NO,finn.no,mobility_other,dealer,,listings,25330,listings,0,,vend-scraper-v2/daily_filtered
2026-08-17,daily,NO,finn.no,mobility_other,dealer,,new_listings,630,listings,0,,vend-scraper-v2/daily_filtered
2026-08-17,daily,NO,finn.no,mobility_other,private,,listings,17708,listings,0,,vend-scraper-v2/daily_filtered
2026-08-17,daily,NO,finn.no,mobility_other,private,,new_listings,878,listings,0,,vend-scraper-v2/daily_filtered
2026-08-17,daily,NO,finn.no,real_estate_homes,,,listings,22357,listings,0,,vend-scraper-v2/daily_filtered
2026-08-17,daily,NO,finn.no,real_estate_homes,,,new_listings,859,listings,0,,vend-scraper-v2/daily_filtered
2026-08-17,daily,NO,finn.no,real_estate_homes_new,,,listings,18066,listings,0,,vend-scraper-v2/daily_filtered
2026-08-17,daily,NO,finn.no,real_estate_homes_new,,,new_listings,735,listings,0,,vend-scraper-v2/daily_filtered
2026-08-17,daily,NO,finn.no,real_estate_other,,,listings,28452,listings,0,,vend-scraper-v2/daily_filtered
2026-08-17,daily,NO,finn.no,real_estate_other,,,new_listings,725,listings,0,,vend-scraper-v2/daily_filtered
2026-08-17,daily,SE,hemnet.se,real_estate_homes,,,listings,34472,listings,0,,vend-scraper-v2/daily_filtered
2026-08-17,daily,SE,hemnet.se,real_estate_homes,,,new_listings,1412,listings,0,,vend-scraper-v2/daily_filtered
2026-08-17,daily,SE,hemnet.se,real_estate_homes_upcoming,,,listings,6302,listings,0,,vend-scraper-v2/daily_filtered
2026-08-17,daily,NO,hjem.no,real_estate_homes,,,listings,8649,listings,0,,vend-scraper-v2/daily_filtered
2026-08-17,daily,FI,oikotie.fi,real_estate_homes,,,listings,48605,listings,0,,vend-scraper-v2/daily_filtered
2026-08-17,daily,FI,oikotie.fi,real_estate_homes,,,new_listings,499,listings,0,,vend-scraper-v2/daily_filtered
2026-08-17,daily,SE,tradera.com,mobility_cars,dealer,,listings,43915,listings,0,,vend-scraper-v2/daily_filtered
2026-08-17,daily,SE,tradera.com,mobility_cars,private,,listings,2560,listings,0,,vend-scraper-v2/daily_filtered
2026-08-17,daily,SE,wayke.se,mobility_cars,dealer,,listings,48648,listings,0,,vend-scraper-v2/daily_filtered
2026-08-18,daily,DK,bilbasen.dk,mobility_cars,dealer,,listings,45924,listings,0,,vend-scraper-v2/daily_filtered
2026-08-18,daily,DK,bilbasen.dk,mobility_cars,private,,listings,3951,listings,0,,vend-scraper-v2/daily_filtered
2026-08-18,daily,DK,bilhandel.dk,mobility_cars,dealer,,listings,25339,listings,0,,vend-scraper-v2/daily_filtered
2026-08-18,daily,DK,bilhandel.dk,mobility_cars,private,,listings,2083,listings,0,,vend-scraper-v2/daily_filtered
2026-08-18,daily,DK,biltorvet.dk,mobility_cars,dealer,,listings,42443,listings,0,,vend-scraper-v2/daily_filtered
2026-08-18,daily,DK,biltorvet.dk,mobility_cars,private,,listings,1549,listings,0,,vend-scraper-v2/daily_filtered
2026-08-18,daily,SE,blocket.se,mobility_cars,dealer,,listings,117015,listings,0,,vend-scraper-v2/daily_filtered
2026-08-18,daily,SE,blocket.se,mobility_cars,dealer,,new_listings,4865,listings,0,,vend-scraper-v2/daily_filtered
2026-08-18,daily,SE,blocket.se,mobility_cars,private,,listings,24701,listings,0,,vend-scraper-v2/daily_filtered
2026-08-18,daily,SE,blocket.se,mobility_cars,private,,new_listings,1101,listings,0,,vend-scraper-v2/daily_filtered
2026-08-18,daily,SE,blocket.se,mobility_other,dealer,,listings,61656,listings,0,,vend-scraper-v2/daily_filtered
2026-08-18,daily,SE,blocket.se,mobility_other,dealer,,new_listings,1766,listings,0,,vend-scraper-v2/daily_filtered
2026-08-18,daily,SE,blocket.se,mobility_other,private,,listings,25426,listings,0,,vend-scraper-v2/daily_filtered
2026-08-18,daily,SE,blocket.se,mobility_other,private,,new_listings,959,listings,0,,vend-scraper-v2/daily_filtered
2026-08-18,daily,FI,etuovi.com,real_estate_homes,,,listings,52629,listings,0,,vend-scraper-v2/daily_filtered
2026-08-18,daily,FI,etuovi.com,real_estate_homes,,,new_listings,448,listings,0,,vend-scraper-v2/daily_filtered
2026-08-18,daily,NO,finn.no,jobs_listings,,,listings,14106,listings,0,,vend-scraper-v2/daily_filtered
2026-08-18,daily,NO,finn.no,jobs_listings,,,new_listings,770,listings,0,,vend-scraper-v2/daily_filtered
2026-08-18,daily,NO,finn.no,jobs_positions,,,listings,28162,listings,0,,vend-scraper-v2/daily_filtered
2026-08-18,daily,NO,finn.no,jobs_positions,,,new_listings,1402,listings,0,,vend-scraper-v2/daily_filtered
2026-08-18,daily,NO,finn.no,mobility_cars,dealer,,listings,50391,listings,0,,vend-scraper-v2/daily_filtered
2026-08-18,daily,NO,finn.no,mobility_cars,dealer,,new_listings,2105,listings,0,,vend-scraper-v2/daily_filtered
2026-08-18,daily,NO,finn.no,mobility_cars,private,,listings,16484,listings,0,,vend-scraper-v2/daily_filtered
2026-08-18,daily,NO,finn.no,mobility_cars,private,,new_listings,1022,listings,0,,vend-scraper-v2/daily_filtered
2026-08-18,daily,NO,finn.no,mobility_other,dealer,,listings,25520,listings,0,,vend-scraper-v2/daily_filtered
2026-08-18,daily,NO,finn.no,mobility_other,dealer,,new_listings,793,listings,0,,vend-scraper-v2/daily_filtered
2026-08-18,daily,NO,finn.no,mobility_other,private,,listings,17695,listings,0,,vend-scraper-v2/daily_filtered
2026-08-18,daily,NO,finn.no,mobility_other,private,,new_listings,835,listings,0,,vend-scraper-v2/daily_filtered
2026-08-18,daily,NO,finn.no,real_estate_homes,,,listings,22811,listings,0,,vend-scraper-v2/daily_filtered
2026-08-18,daily,NO,finn.no,real_estate_homes,,,new_listings,785,listings,0,,vend-scraper-v2/daily_filtered
2026-08-18,daily,NO,finn.no,real_estate_homes_new,,,listings,18062,listings,0,,vend-scraper-v2/daily_filtered
2026-08-18,daily,NO,finn.no,real_estate_homes_new,,,new_listings,626,listings,0,,vend-scraper-v2/daily_filtered
2026-08-18,daily,NO,finn.no,real_estate_other,,,listings,28481,listings,0,,vend-scraper-v2/daily_filtered
2026-08-18,daily,NO,finn.no,real_estate_other,,,new_listings,553,listings,0,,vend-scraper-v2/daily_filtered
2026-08-18,daily,SE,hemnet.se,real_estate_homes,,,listings,34495,listings,0,,vend-scraper-v2/daily_filtered
2026-08-18,daily,SE,hemnet.se,real_estate_homes,,,new_listings,1933,listings,0,,vend-scraper-v2/daily_filtered
2026-08-18,daily,SE,hemnet.se,real_estate_homes_upcoming,,,listings,6293,listings,0,,vend-scraper-v2/daily_filtered
2026-08-18,daily,NO,hjem.no,real_estate_homes,,,listings,8823,listings,0,,vend-scraper-v2/daily_filtered
2026-08-18,daily,FI,oikotie.fi,real_estate_homes,,,listings,48662,listings,0,,vend-scraper-v2/daily_filtered
2026-08-18,daily,FI,oikotie.fi,real_estate_homes,,,new_listings,747,listings,0,,vend-scraper-v2/daily_filtered
2026-08-18,daily,SE,tradera.com,mobility_cars,dealer,,listings,43862,listings,0,,vend-scraper-v2/daily_filtered
2026-08-18,daily,SE,tradera.com,mobility_cars,private,,listings,2570,listings,0,,vend-scraper-v2/daily_filtered
2026-08-18,daily,SE,wayke.se,mobility_cars,dealer,,listings,48779,listings,0,,vend-scraper-v2/daily_filtered
2026-08-19,daily,DK,bilbasen.dk,mobility_cars,dealer,,listings,46122,listings,0,,vend-scraper-v2/daily_filtered
2026-08-19,daily,DK,bilbasen.dk,mobility_cars,private,,listings,3958,listings,0,,vend-scraper-v2/daily_filtered
2026-08-19,daily,DK,bilhandel.dk,mobility_cars,dealer,,listings,25581,listings,0,,vend-scraper-v2/daily_filtered
2026-08-19,daily,DK,bilhandel.dk,mobility_cars,private,,listings,2075,listings,0,,vend-scraper-v2/daily_filtered
2026-08-19,daily,DK,biltorvet.dk,mobility_cars,dealer,,listings,42654,listings,0,,vend-scraper-v2/daily_filtered
2026-08-19,daily,DK,biltorvet.dk,mobility_cars,private,,listings,1555,listings,0,,vend-scraper-v2/daily_filtered
2026-08-19,daily,SE,blocket.se,mobility_cars,dealer,,listings,117011,listings,0,,vend-scraper-v2/daily_filtered
2026-08-19,daily,SE,blocket.se,mobility_cars,dealer,,new_listings,5077,listings,0,,vend-scraper-v2/daily_filtered
2026-08-19,daily,SE,blocket.se,mobility_cars,private,,listings,24736,listings,0,,vend-scraper-v2/daily_filtered
2026-08-19,daily,SE,blocket.se,mobility_cars,private,,new_listings,1124,listings,0,,vend-scraper-v2/daily_filtered
2026-08-19,daily,SE,blocket.se,mobility_other,dealer,,listings,61096,listings,0,,vend-scraper-v2/daily_filtered
2026-08-19,daily,SE,blocket.se,mobility_other,dealer,,new_listings,1650,listings,0,,vend-scraper-v2/daily_filtered
2026-08-19,daily,SE,blocket.se,mobility_other,private,,listings,25520,listings,0,,vend-scraper-v2/daily_filtered
2026-08-19,daily,SE,blocket.se,mobility_other,private,,new_listings,890,listings,0,,vend-scraper-v2/daily_filtered
2026-08-19,daily,FI,etuovi.com,real_estate_homes,,,listings,52554,listings,0,,vend-scraper-v2/daily_filtered
2026-08-19,daily,FI,etuovi.com,real_estate_homes,,,new_listings,430,listings,0,,vend-scraper-v2/daily_filtered
2026-08-19,daily,NO,finn.no,jobs_listings,,,listings,14466,listings,0,,vend-scraper-v2/daily_filtered
2026-08-19,daily,NO,finn.no,jobs_listings,,,new_listings,850,listings,0,,vend-scraper-v2/daily_filtered
2026-08-19,daily,NO,finn.no,jobs_positions,,,listings,28894,listings,0,,vend-scraper-v2/daily_filtered
2026-08-19,daily,NO,finn.no,jobs_positions,,,new_listings,1643,listings,0,,vend-scraper-v2/daily_filtered
2026-08-19,daily,NO,finn.no,mobility_cars,dealer,,listings,51304,listings,0,,vend-scraper-v2/daily_filtered
2026-08-19,daily,NO,finn.no,mobility_cars,dealer,,new_listings,1897,listings,0,,vend-scraper-v2/daily_filtered
2026-08-19,daily,NO,finn.no,mobility_cars,private,,listings,16529,listings,0,,vend-scraper-v2/daily_filtered
2026-08-19,daily,NO,finn.no,mobility_cars,private,,new_listings,959,listings,0,,vend-scraper-v2/daily_filtered
2026-08-19,daily,NO,finn.no,mobility_other,dealer,,listings,25613,listings,0,,vend-scraper-v2/daily_filtered
2026-08-19,daily,NO,finn.no,mobility_other,dealer,,new_listings,862,listings,0,,vend-scraper-v2/daily_filtered
2026-08-19,daily,NO,finn.no,mobility_other,private,,listings,17673,listings,0,,vend-scraper-v2/daily_filtered
2026-08-19,daily,NO,finn.no,mobility_other,private,,new_listings,829,listings,0,,vend-scraper-v2/daily_filtered
2026-08-19,daily,NO,finn.no,real_estate_homes,,,listings,23265,listings,0,,vend-scraper-v2/daily_filtered
2026-08-19,daily,NO,finn.no,real_estate_homes,,,new_listings,759,listings,0,,vend-scraper-v2/daily_filtered
2026-08-19,daily,NO,finn.no,real_estate_homes_new,,,listings,18046,listings,0,,vend-scraper-v2/daily_filtered
2026-08-19,daily,NO,finn.no,real_estate_homes_new,,,new_listings,699,listings,0,,vend-scraper-v2/daily_filtered
2026-08-19,daily,NO,finn.no,real_estate_other,,,listings,28476,listings,0,,vend-scraper-v2/daily_filtered
2026-08-19,daily,NO,finn.no,real_estate_other,,,new_listings,588,listings,0,,vend-scraper-v2/daily_filtered
2026-08-19,daily,SE,hemnet.se,real_estate_homes,,,listings,34471,listings,0,,vend-scraper-v2/daily_filtered
2026-08-19,daily,SE,hemnet.se,real_estate_homes,,,new_listings,1767,listings,0,,vend-scraper-v2/daily_filtered
2026-08-19,daily,SE,hemnet.se,real_estate_homes_upcoming,,,listings,6307,listings,0,,vend-scraper-v2/daily_filtered
2026-08-19,daily,NO,hjem.no,real_estate_homes,,,listings,8988,listings,0,,vend-scraper-v2/daily_filtered
2026-08-19,daily,FI,oikotie.fi,real_estate_homes,,,listings,48578,listings,0,,vend-scraper-v2/daily_filtered
2026-08-19,daily,FI,oikotie.fi,real_estate_homes,,,new_listings,776,listings,0,,vend-scraper-v2/daily_filtered
2026-08-19,daily,SE,tradera.com,mobility_cars,dealer,,listings,44064,listings,0,,vend-scraper-v2/daily_filtered
2026-08-19,daily,SE,tradera.com,mobility_cars,private,,listings,2588,listings,0,,vend-scraper-v2/daily_filtered
2026-08-19,daily,SE,wayke.se,mobility_cars,dealer,,listings,49097,listings,0,,vend-scraper-v2/daily_filtered
2026-08-20,daily,DK,bilbasen.dk,mobility_cars,dealer,,listings,46255,listings,0,,vend-scraper-v2/daily_filtered
2026-08-20,daily,DK,bilbasen.dk,mobility_cars,private,,listings,3965,listings,0,,vend-scraper-v2/daily_filtered
2026-08-20,daily,DK,bilhandel.dk,mobility_cars,dealer,,listings,25777,listings,0,,vend-scraper-v2/daily_filtered
2026-08-20,daily,DK,bilhandel.dk,mobility_cars,private,,listings,2068,listings,0,,vend-scraper-v2/daily_filtered
2026-08-20,daily,DK,biltorvet.dk,mobility_cars,dealer,,listings,42890,listings,0,,vend-scraper-v2/daily_filtered
2026-08-20,daily,DK,biltorvet.dk,mobility_cars,private,,listings,1562,listings,0,,vend-scraper-v2/daily_filtered
2026-08-20,daily,SE,blocket.se,mobility_cars,dealer,,listings,117389,listings,0,,vend-scraper-v2/daily_filtered
2026-08-20,daily,SE,blocket.se,mobility_cars,dealer,,new_listings,5514,listings,0,,vend-scraper-v2/daily_filtered
2026-08-20,daily,SE,blocket.se,mobility_cars,private,,listings,24737,listings,0,,vend-scraper-v2/daily_filtered
2026-08-20,daily,SE,blocket.se,mobility_cars,private,,new_listings,1154,listings,0,,vend-scraper-v2/daily_filtered
2026-08-20,daily,SE,blocket.se,mobility_other,dealer,,listings,61348,listings,0,,vend-scraper-v2/daily_filtered
2026-08-20,daily,SE,blocket.se,mobility_other,dealer,,new_listings,1373,listings,0,,vend-scraper-v2/daily_filtered
2026-08-20,daily,SE,blocket.se,mobility_other,private,,listings,25451,listings,0,,vend-scraper-v2/daily_filtered
2026-08-20,daily,SE,blocket.se,mobility_other,private,,new_listings,852,listings,0,,vend-scraper-v2/daily_filtered
2026-08-20,daily,FI,etuovi.com,real_estate_homes,,,listings,52456,listings,0,,vend-scraper-v2/daily_filtered
2026-08-20,daily,FI,etuovi.com,real_estate_homes,,,new_listings,421,listings,0,,vend-scraper-v2/daily_filtered
2026-08-20,daily,NO,finn.no,jobs_listings,,,listings,14831,listings,0,,vend-scraper-v2/daily_filtered
2026-08-20,daily,NO,finn.no,jobs_listings,,,new_listings,802,listings,0,,vend-scraper-v2/daily_filtered
2026-08-20,daily,NO,finn.no,jobs_positions,,,listings,29566,listings,0,,vend-scraper-v2/daily_filtered
2026-08-20,daily,NO,finn.no,jobs_positions,,,new_listings,1455,listings,0,,vend-scraper-v2/daily_filtered
2026-08-20,daily,NO,finn.no,mobility_cars,dealer,,listings,51532,listings,0,,vend-scraper-v2/daily_filtered
2026-08-20,daily,NO,finn.no,mobility_cars,dealer,,new_listings,2116,listings,0,,vend-scraper-v2/daily_filtered
2026-08-20,daily,NO,finn.no,mobility_cars,private,,listings,16569,listings,0,,vend-scraper-v2/daily_filtered
2026-08-20,daily,NO,finn.no,mobility_cars,private,,new_listings,996,listings,0,,vend-scraper-v2/daily_filtered
2026-08-20,daily,NO,finn.no,mobility_other,dealer,,listings,25687,listings,0,,vend-scraper-v2/daily_filtered
2026-08-20,daily,NO,finn.no,mobility_other,dealer,,new_listings,826,listings,0,,vend-scraper-v2/daily_filtered
2026-08-20,daily,NO,finn.no,mobility_other,private,,listings,17572,listings,0,,vend-scraper-v2/daily_filtered
2026-08-20,daily,NO,finn.no,mobility_other,private,,new_listings,737,listings,0,,vend-scraper-v2/daily_filtered
2026-08-20,daily,NO,finn.no,real_estate_homes,,,listings,23211,listings,0,,vend-scraper-v2/daily_filtered
2026-08-20,daily,NO,finn.no,real_estate_homes,,,new_listings,682,listings,0,,vend-scraper-v2/daily_filtered
2026-08-20,daily,NO,finn.no,real_estate_homes_new,,,listings,18024,listings,0,,vend-scraper-v2/daily_filtered
2026-08-20,daily,NO,finn.no,real_estate_homes_new,,,new_listings,482,listings,0,,vend-scraper-v2/daily_filtered
2026-08-20,daily,NO,finn.no,real_estate_other,,,listings,28359,listings,0,,vend-scraper-v2/daily_filtered
2026-08-20,daily,NO,finn.no,real_estate_other,,,new_listings,542,listings,0,,vend-scraper-v2/daily_filtered
2026-08-20,daily,SE,hemnet.se,real_estate_homes,,,listings,34487,listings,0,,vend-scraper-v2/daily_filtered
2026-08-20,daily,SE,hemnet.se,real_estate_homes,,,new_listings,1686,listings,0,,vend-scraper-v2/daily_filtered
2026-08-20,daily,SE,hemnet.se,real_estate_homes_upcoming,,,listings,6320,listings,0,,vend-scraper-v2/daily_filtered
2026-08-20,daily,NO,hjem.no,real_estate_homes,,,listings,8922,listings,0,,vend-scraper-v2/daily_filtered
2026-08-20,daily,FI,oikotie.fi,real_estate_homes,,,listings,48519,listings,0,,vend-scraper-v2/daily_filtered
2026-08-20,daily,FI,oikotie.fi,real_estate_homes,,,new_listings,761,listings,0,,vend-scraper-v2/daily_filtered
2026-08-20,daily,SE,tradera.com,mobility_cars,dealer,,listings,44268,listings,0,,vend-scraper-v2/daily_filtered
2026-08-20,daily,SE,tradera.com,mobility_cars,private,,listings,2602,listings,0,,vend-scraper-v2/daily_filtered
2026-08-20,daily,SE,wayke.se,mobility_cars,dealer,,listings,49270,listings,0,,vend-scraper-v2/daily_filtered
2026-08-21,daily,DK,bilbasen.dk,mobility_cars,dealer,,listings,46659,listings,0,,vend-scraper-v2/daily_filtered
2026-08-21,daily,DK,bilbasen.dk,mobility_cars,private,,listings,3938,listings,0,,vend-scraper-v2/daily_filtered
2026-08-21,daily,DK,bilhandel.dk,mobility_cars,dealer,,listings,26083,listings,0,,vend-scraper-v2/daily_filtered
2026-08-21,daily,DK,bilhandel.dk,mobility_cars,private,,listings,2064,listings,0,,vend-scraper-v2/daily_filtered
2026-08-21,daily,DK,biltorvet.dk,mobility_cars,dealer,,listings,43235,listings,0,,vend-scraper-v2/daily_filtered
2026-08-21,daily,DK,biltorvet.dk,mobility_cars,private,,listings,1578,listings,0,,vend-scraper-v2/daily_filtered
2026-08-21,daily,SE,blocket.se,mobility_cars,dealer,,listings,117564,listings,0,,vend-scraper-v2/daily_filtered
2026-08-21,daily,SE,blocket.se,mobility_cars,dealer,,new_listings,5636,listings,0,,vend-scraper-v2/daily_filtered
2026-08-21,daily,SE,blocket.se,mobility_cars,private,,listings,24691,listings,0,,vend-scraper-v2/daily_filtered
2026-08-21,daily,SE,blocket.se,mobility_cars,private,,new_listings,1144,listings,0,,vend-scraper-v2/daily_filtered
2026-08-21,daily,SE,blocket.se,mobility_other,dealer,,listings,61260,listings,0,,vend-scraper-v2/daily_filtered
2026-08-21,daily,SE,blocket.se,mobility_other,dealer,,new_listings,1463,listings,0,,vend-scraper-v2/daily_filtered
2026-08-21,daily,SE,blocket.se,mobility_other,private,,listings,25312,listings,0,,vend-scraper-v2/daily_filtered
2026-08-21,daily,SE,blocket.se,mobility_other,private,,new_listings,812,listings,0,,vend-scraper-v2/daily_filtered
2026-08-21,daily,FI,etuovi.com,real_estate_homes,,,listings,52505,listings,0,,vend-scraper-v2/daily_filtered
2026-08-21,daily,FI,etuovi.com,real_estate_homes,,,new_listings,502,listings,0,,vend-scraper-v2/daily_filtered
2026-08-21,daily,NO,finn.no,jobs_listings,,,listings,15064,listings,0,,vend-scraper-v2/daily_filtered
2026-08-21,daily,NO,finn.no,jobs_listings,,,new_listings,894,listings,0,,vend-scraper-v2/daily_filtered
2026-08-21,daily,NO,finn.no,jobs_positions,,,listings,30009,listings,0,,vend-scraper-v2/daily_filtered
2026-08-21,daily,NO,finn.no,jobs_positions,,,new_listings,1558,listings,0,,vend-scraper-v2/daily_filtered
2026-08-21,daily,NO,finn.no,mobility_cars,dealer,,listings,51661,listings,0,,vend-scraper-v2/daily_filtered
2026-08-21,daily,NO,finn.no,mobility_cars,dealer,,new_listings,1709,listings,0,,vend-scraper-v2/daily_filtered
2026-08-21,daily,NO,finn.no,mobility_cars,private,,listings,16513,listings,0,,vend-scraper-v2/daily_filtered
2026-08-21,daily,NO,finn.no,mobility_cars,private,,new_listings,847,listings,0,,vend-scraper-v2/daily_filtered
2026-08-21,daily,NO,finn.no,mobility_other,dealer,,listings,25874,listings,0,,vend-scraper-v2/daily_filtered
2026-08-21,daily,NO,finn.no,mobility_other,dealer,,new_listings,773,listings,0,,vend-scraper-v2/daily_filtered
2026-08-21,daily,NO,finn.no,mobility_other,private,,listings,17348,listings,0,,vend-scraper-v2/daily_filtered
2026-08-21,daily,NO,finn.no,mobility_other,private,,new_listings,642,listings,0,,vend-scraper-v2/daily_filtered
2026-08-21,daily,NO,finn.no,real_estate_homes,,,listings,23592,listings,0,,vend-scraper-v2/daily_filtered
2026-08-21,daily,NO,finn.no,real_estate_homes,,,new_listings,1273,listings,0,,vend-scraper-v2/daily_filtered
2026-08-21,daily,NO,finn.no,real_estate_homes_new,,,listings,18140,listings,0,,vend-scraper-v2/daily_filtered
2026-08-21,daily,NO,finn.no,real_estate_homes_new,,,new_listings,571,listings,0,,vend-scraper-v2/daily_filtered
2026-08-21,daily,NO,finn.no,real_estate_other,,,listings,28003,listings,0,,vend-scraper-v2/daily_filtered
2026-08-21,daily,NO,finn.no,real_estate_other,,,new_listings,574,listings,0,,vend-scraper-v2/daily_filtered
2026-08-21,daily,SE,hemnet.se,real_estate_homes,,,listings,35253,listings,0,,vend-scraper-v2/daily_filtered
2026-08-21,daily,SE,hemnet.se,real_estate_homes,,,new_listings,2514,listings,0,,vend-scraper-v2/daily_filtered
2026-08-21,daily,SE,hemnet.se,real_estate_homes_upcoming,,,listings,6158,listings,0,,vend-scraper-v2/daily_filtered
2026-08-21,daily,NO,hjem.no,real_estate_homes,,,listings,9058,listings,0,,vend-scraper-v2/daily_filtered
2026-08-21,daily,FI,oikotie.fi,real_estate_homes,,,listings,48516,listings,0,,vend-scraper-v2/daily_filtered
2026-08-21,daily,FI,oikotie.fi,real_estate_homes,,,new_listings,814,listings,0,,vend-scraper-v2/daily_filtered
2026-08-21,daily,SE,tradera.com,mobility_cars,dealer,,listings,44359,listings,0,,vend-scraper-v2/daily_filtered
2026-08-21,daily,SE,tradera.com,mobility_cars,private,,listings,2598,listings,0,,vend-scraper-v2/daily_filtered
2026-08-21,daily,SE,wayke.se,mobility_cars,dealer,,listings,49415,listings,0,,vend-scraper-v2/daily_filtered
2026-08-22,daily,DK,bilbasen.dk,mobility_cars,dealer,,listings,46633,listings,0,,vend-scraper-v2/daily_filtered
2026-08-22,daily,DK,bilbasen.dk,mobility_cars,private,,listings,3956,listings,0,,vend-scraper-v2/daily_filtered
2026-08-22,daily,DK,bilhandel.dk,mobility_cars,dealer,,listings,26066,listings,0,,vend-scraper-v2/daily_filtered
2026-08-22,daily,DK,bilhandel.dk,mobility_cars,private,,listings,2066,listings,0,,vend-scraper-v2/daily_filtered
2026-08-22,daily,DK,biltorvet.dk,mobility_cars,dealer,,listings,43237,listings,0,,vend-scraper-v2/daily_filtered
2026-08-22,daily,DK,biltorvet.dk,mobility_cars,private,,listings,1584,listings,0,,vend-scraper-v2/daily_filtered
2026-08-22,daily,SE,blocket.se,mobility_cars,dealer,,listings,116977,listings,0,,vend-scraper-v2/daily_filtered
2026-08-22,daily,SE,blocket.se,mobility_cars,dealer,,new_listings,3117,listings,0,,vend-scraper-v2/daily_filtered
2026-08-22,daily,SE,blocket.se,mobility_cars,private,,listings,24640,listings,0,,vend-scraper-v2/daily_filtered
2026-08-22,daily,SE,blocket.se,mobility_cars,private,,new_listings,1144,listings,0,,vend-scraper-v2/daily_filtered
2026-08-22,daily,SE,blocket.se,mobility_other,dealer,,listings,61272,listings,0,,vend-scraper-v2/daily_filtered
2026-08-22,daily,SE,blocket.se,mobility_other,dealer,,new_listings,490,listings,0,,vend-scraper-v2/daily_filtered
2026-08-22,daily,SE,blocket.se,mobility_other,private,,listings,25174,listings,0,,vend-scraper-v2/daily_filtered
2026-08-22,daily,SE,blocket.se,mobility_other,private,,new_listings,890,listings,0,,vend-scraper-v2/daily_filtered
2026-08-22,daily,FI,etuovi.com,real_estate_homes,,,listings,52464,listings,0,,vend-scraper-v2/daily_filtered
2026-08-22,daily,FI,etuovi.com,real_estate_homes,,,new_listings,210,listings,0,,vend-scraper-v2/daily_filtered
2026-08-22,daily,NO,finn.no,jobs_listings,,,listings,14710,listings,0,,vend-scraper-v2/daily_filtered
2026-08-22,daily,NO,finn.no,jobs_listings,,,new_listings,53,listings,0,,vend-scraper-v2/daily_filtered
2026-08-22,daily,NO,finn.no,jobs_positions,,,listings,29426,listings,0,,vend-scraper-v2/daily_filtered
2026-08-22,daily,NO,finn.no,jobs_positions,,,new_listings,86,listings,0,,vend-scraper-v2/daily_filtered
2026-08-22,daily,NO,finn.no,mobility_cars,dealer,,listings,51165,listings,0,,vend-scraper-v2/daily_filtered
2026-08-22,daily,NO,finn.no,mobility_cars,dealer,,new_listings,534,listings,0,,vend-scraper-v2/daily_filtered
2026-08-22,daily,NO,finn.no,mobility_cars,private,,listings,16570,listings,0,,vend-scraper-v2/daily_filtered
2026-08-22,daily,NO,finn.no,mobility_cars,private,,new_listings,853,listings,0,,vend-scraper-v2/daily_filtered
2026-08-22,daily,NO,finn.no,mobility_other,dealer,,listings,25756,listings,0,,vend-scraper-v2/daily_filtered
2026-08-22,daily,NO,finn.no,mobility_other,dealer,,new_listings,282,listings,0,,vend-scraper-v2/daily_filtered
2026-08-22,daily,NO,finn.no,mobility_other,private,,listings,17220,listings,0,,vend-scraper-v2/daily_filtered
2026-08-22,daily,NO,finn.no,mobility_other,private,,new_listings,652,listings,0,,vend-scraper-v2/daily_filtered
2026-08-22,daily,NO,finn.no,real_estate_homes,,,listings,23326,listings,0,,vend-scraper-v2/daily_filtered
2026-08-22,daily,NO,finn.no,real_estate_homes,,,new_listings,397,listings,0,,vend-scraper-v2/daily_filtered
2026-08-22,daily,NO,finn.no,real_estate_homes_new,,,listings,18140,listings,0,,vend-scraper-v2/daily_filtered
2026-08-22,daily,NO,finn.no,real_estate_homes_new,,,new_listings,470,listings,0,,vend-scraper-v2/daily_filtered
2026-08-22,daily,NO,finn.no,real_estate_other,,,listings,27821,listings,0,,vend-scraper-v2/daily_filtered
2026-08-22,daily,NO,finn.no,real_estate_other,,,new_listings,318,listings,0,,vend-scraper-v2/daily_filtered
2026-08-22,daily,SE,hemnet.se,real_estate_homes,,,listings,35416,listings,0,,vend-scraper-v2/daily_filtered
2026-08-22,daily,SE,hemnet.se,real_estate_homes,,,new_listings,2133,listings,0,,vend-scraper-v2/daily_filtered
2026-08-22,daily,SE,hemnet.se,real_estate_homes_upcoming,,,listings,6110,listings,0,,vend-scraper-v2/daily_filtered
2026-08-22,daily,NO,hjem.no,real_estate_homes,,,listings,8955,listings,0,,vend-scraper-v2/daily_filtered
2026-08-22,daily,FI,oikotie.fi,real_estate_homes,,,listings,48507,listings,0,,vend-scraper-v2/daily_filtered
2026-08-22,daily,FI,oikotie.fi,real_estate_homes,,,new_listings,607,listings,0,,vend-scraper-v2/daily_filtered
2026-08-22,daily,SE,tradera.com,mobility_cars,dealer,,listings,43872,listings,0,,vend-scraper-v2/daily_filtered
2026-08-22,daily,SE,tradera.com,mobility_cars,private,,listings,2602,listings,0,,vend-scraper-v2/daily_filtered
2026-08-22,daily,SE,wayke.se,mobility_cars,dealer,,listings,49038,listings,0,,vend-scraper-v2/daily_filtered
2026-08-23,daily,DK,bilbasen.dk,mobility_cars,dealer,,listings,46186,listings,0,,vend-scraper-v2/daily_filtered
2026-08-23,daily,DK,bilbasen.dk,mobility_cars,private,,listings,3971,listings,0,,vend-scraper-v2/daily_filtered
2026-08-23,daily,DK,bilhandel.dk,mobility_cars,dealer,,listings,25786,listings,0,,vend-scraper-v2/daily_filtered
2026-08-23,daily,DK,bilhandel.dk,mobility_cars,private,,listings,2072,listings,0,,vend-scraper-v2/daily_filtered
2026-08-23,daily,DK,biltorvet.dk,mobility_cars,dealer,,listings,42822,listings,0,,vend-scraper-v2/daily_filtered
2026-08-23,daily,DK,biltorvet.dk,mobility_cars,private,,listings,1601,listings,0,,vend-scraper-v2/daily_filtered
2026-08-23,daily,SE,blocket.se,mobility_cars,dealer,,listings,116856,listings,0,,vend-scraper-v2/daily_filtered
2026-08-23,daily,SE,blocket.se,mobility_cars,dealer,,new_listings,1763,listings,0,,vend-scraper-v2/daily_filtered
2026-08-23,daily,SE,blocket.se,mobility_cars,private,,listings,24653,listings,0,,vend-scraper-v2/daily_filtered
2026-08-23,daily,SE,blocket.se,mobility_cars,private,,new_listings,1343,listings,0,,vend-scraper-v2/daily_filtered
2026-08-23,daily,SE,blocket.se,mobility_other,dealer,,listings,60997,listings,0,,vend-scraper-v2/daily_filtered
2026-08-23,daily,SE,blocket.se,mobility_other,dealer,,new_listings,446,listings,0,,vend-scraper-v2/daily_filtered
2026-08-23,daily,SE,blocket.se,mobility_other,private,,listings,25242,listings,0,,vend-scraper-v2/daily_filtered
2026-08-23,daily,SE,blocket.se,mobility_other,private,,new_listings,1156,listings,0,,vend-scraper-v2/daily_filtered
2026-08-23,daily,FI,etuovi.com,real_estate_homes,,,listings,52421,listings,0,,vend-scraper-v2/daily_filtered
2026-08-23,daily,FI,etuovi.com,real_estate_homes,,,new_listings,230,listings,0,,vend-scraper-v2/daily_filtered
2026-08-23,daily,NO,finn.no,jobs_listings,,,listings,14650,listings,0,,vend-scraper-v2/daily_filtered
2026-08-23,daily,NO,finn.no,jobs_listings,,,new_listings,50,listings,0,,vend-scraper-v2/daily_filtered
2026-08-23,daily,NO,finn.no,jobs_positions,,,listings,29237,listings,0,,vend-scraper-v2/daily_filtered
2026-08-23,daily,NO,finn.no,jobs_positions,,,new_listings,79,listings,0,,vend-scraper-v2/daily_filtered
2026-08-23,daily,NO,finn.no,mobility_cars,dealer,,listings,50365,listings,0,,vend-scraper-v2/daily_filtered
2026-08-23,daily,NO,finn.no,mobility_cars,dealer,,new_listings,343,listings,0,,vend-scraper-v2/daily_filtered
2026-08-23,daily,NO,finn.no,mobility_cars,private,,listings,16823,listings,0,,vend-scraper-v2/daily_filtered
2026-08-23,daily,NO,finn.no,mobility_cars,private,,new_listings,1068,listings,0,,vend-scraper-v2/daily_filtered
2026-08-23,daily,NO,finn.no,mobility_other,dealer,,listings,25538,listings,0,,vend-scraper-v2/daily_filtered
2026-08-23,daily,NO,finn.no,mobility_other,dealer,,new_listings,173,listings,0,,vend-scraper-v2/daily_filtered
2026-08-23,daily,NO,finn.no,mobility_other,private,,listings,17239,listings,0,,vend-scraper-v2/daily_filtered
2026-08-23,daily,NO,finn.no,mobility_other,private,,new_listings,898,listings,0,,vend-scraper-v2/daily_filtered
2026-08-23,daily,NO,finn.no,real_estate_homes,,,listings,23093,listings,0,,vend-scraper-v2/daily_filtered
2026-08-23,daily,NO,finn.no,real_estate_homes,,,new_listings,335,listings,0,,vend-scraper-v2/daily_filtered
2026-08-23,weekly,NO,finn.no,real_estate_homes,,large,package_count,14161,listings,0,,finn-bolig-packages/packages_history
2026-08-23,weekly,NO,finn.no,real_estate_homes,,large,package_share,61.3,pct,0,,finn-bolig-packages/packages_history
2026-08-23,weekly,NO,finn.no,real_estate_homes,,medium,package_count,8264,listings,0,,finn-bolig-packages/packages_history
2026-08-23,weekly,NO,finn.no,real_estate_homes,,medium,package_share,35.8,pct,0,,finn-bolig-packages/packages_history
2026-08-23,weekly,NO,finn.no,real_estate_homes,,small,package_count,666,listings,0,,finn-bolig-packages/packages_history
2026-08-23,weekly,NO,finn.no,real_estate_homes,,small,package_share,2.9,pct,0,,finn-bolig-packages/packages_history
2026-08-23,daily,NO,finn.no,real_estate_homes_new,,,listings,18140,listings,0,,vend-scraper-v2/daily_filtered
2026-08-23,daily,NO,finn.no,real_estate_homes_new,,,new_listings,441,listings,0,,vend-scraper-v2/daily_filtered
2026-08-23,daily,NO,finn.no,real_estate_other,,,listings,27746,listings,0,,vend-scraper-v2/daily_filtered
2026-08-23,daily,NO,finn.no,real_estate_other,,,new_listings,434,listings,0,,vend-scraper-v2/daily_filtered
2026-08-23,daily,SE,hemnet.se,real_estate_homes,,,listings,35403,listings,0,,vend-scraper-v2/daily_filtered
2026-08-23,daily,SE,hemnet.se,real_estate_homes,,,new_listings,756,listings,0,,vend-scraper-v2/daily_filtered
2026-08-23,daily,SE,hemnet.se,real_estate_homes_upcoming,,,listings,6097,listings,0,,vend-scraper-v2/daily_filtered
2026-08-23,daily,NO,hjem.no,real_estate_homes,,,listings,8907,listings,0,,vend-scraper-v2/daily_filtered
2026-08-23,daily,FI,oikotie.fi,real_estate_homes,,,listings,48501,listings,0,,vend-scraper-v2/daily_filtered
2026-08-23,daily,FI,oikotie.fi,real_estate_homes,,,new_listings,401,listings,0,,vend-scraper-v2/daily_filtered
2026-08-23,daily,SE,tradera.com,mobility_cars,dealer,,listings,43690,listings,0,,vend-scraper-v2/daily_filtered
2026-08-23,daily,SE,tradera.com,mobility_cars,private,,listings,2627,listings,0,,vend-scraper-v2/daily_filtered
2026-08-23,daily,SE,wayke.se,mobility_cars,dealer,,listings,48773,listings,0,,vend-scraper-v2/daily_filtered
2026-08-24,daily,DK,bilbasen.dk,mobility_cars,dealer,,listings,46198,listings,0,,vend-scraper-v2/daily_filtered
2026-08-24,daily,DK,bilbasen.dk,mobility_cars,private,,listings,3982,listings,0,,vend-scraper-v2/daily_filtered
2026-08-24,daily,DK,bilhandel.dk,mobility_cars,dealer,,listings,25749,listings,0,,vend-scraper-v2/daily_filtered
2026-08-24,daily,DK,bilhandel.dk,mobility_cars,private,,listings,2075,listings,0,,vend-scraper-v2/daily_filtered
2026-08-24,daily,DK,biltorvet.dk,mobility_cars,dealer,,listings,42833,listings,0,,vend-scraper-v2/daily_filtered
2026-08-24,daily,DK,biltorvet.dk,mobility_cars,private,,listings,1610,listings,0,,vend-scraper-v2/daily_filtered
2026-08-24,daily,SE,blocket.se,mobility_cars,dealer,,listings,117036,listings,0,,vend-scraper-v2/daily_filtered
2026-08-24,daily,SE,blocket.se,mobility_cars,dealer,,new_listings,5338,listings,0,,vend-scraper-v2/daily_filtered
2026-08-24,weekly,SE,blocket.se,mobility_cars,dealer,basis,package_sample_count,7578,sampled_listings,1,,finn-mobility-packages/weekly_package_mix
2026-08-24,weekly,SE,blocket.se,mobility_cars,dealer,basis,package_share,64.6,pct,1,,finn-mobility-packages/weekly_package_mix
2026-08-24,weekly,SE,blocket.se,mobility_cars,dealer,pluss,package_sample_count,532,sampled_listings,1,,finn-mobility-packages/weekly_package_mix
2026-08-24,weekly,SE,blocket.se,mobility_cars,dealer,pluss,package_share,4.5,pct,1,,finn-mobility-packages/weekly_package_mix
2026-08-24,weekly,SE,blocket.se,mobility_cars,dealer,premium,package_sample_count,3623,sampled_listings,1,,finn-mobility-packages/weekly_package_mix
2026-08-24,weekly,SE,blocket.se,mobility_cars,dealer,premium,package_share,30.9,pct,1,,finn-mobility-packages/weekly_package_mix
2026-08-24,daily,SE,blocket.se,mobility_cars,private,,listings,24701,listings,0,,vend-scraper-v2/daily_filtered
2026-08-24,daily,SE,blocket.se,mobility_cars,private,,new_listings,1193,listings,0,,vend-scraper-v2/daily_filtered
2026-08-24,daily,SE,blocket.se,mobility_other,dealer,,listings,61042,listings,0,,vend-scraper-v2/daily_filtered
2026-08-24,daily,SE,blocket.se,mobility_other,dealer,,new_listings,1936,listings,0,,vend-scraper-v2/daily_filtered
2026-08-24,daily,SE,blocket.se,mobility_other,private,,listings,25317,listings,0,,vend-scraper-v2/daily_filtered
2026-08-24,daily,SE,blocket.se,mobility_other,private,,new_listings,953,listings,0,,vend-scraper-v2/daily_filtered
2026-08-24,daily,FI,etuovi.com,real_estate_homes,,,listings,52352,listings,0,,vend-scraper-v2/daily_filtered
2026-08-24,daily,FI,etuovi.com,real_estate_homes,,,new_listings,351,listings,0,,vend-scraper-v2/daily_filtered
2026-08-24,daily,NO,finn.no,jobs_listings,,,listings,14246,listings,0,,vend-scraper-v2/daily_filtered
2026-08-24,daily,NO,finn.no,jobs_listings,,,new_listings,789,listings,0,,vend-scraper-v2/daily_filtered
2026-08-24,daily,NO,finn.no,jobs_positions,,,listings,28528,listings,0,,vend-scraper-v2/daily_filtered
2026-08-24,daily,NO,finn.no,jobs_positions,,,new_listings,1411,listings,0,,vend-scraper-v2/daily_filtered
2026-08-24,daily,NO,finn.no,mobility_cars,dealer,,listings,50277,listings,0,,vend-scraper-v2/daily_filtered
2026-08-24,daily,NO,finn.no,mobility_cars,dealer,,new_listings,1675,listings,0,,vend-scraper-v2/daily_filtered
2026-08-24,weekly,NO,finn.no,mobility_cars,dealer,basis,package_sample_count,1648,sampled_listings,1,,finn-mobility-packages/weekly_package_mix
2026-08-24,weekly,NO,finn.no,mobility_cars,dealer,basis,package_share,32.4,pct,1,,finn-mobility-packages/weekly_package_mix
2026-08-24,weekly,NO,finn.no,mobility_cars,dealer,pluss,package_sample_count,1416,sampled_listings,1,,finn-mobility-packages/weekly_package_mix
2026-08-24,weekly,NO,finn.no,mobility_cars,dealer,pluss,package_share,27.8,pct,1,,finn-mobility-packages/weekly_package_mix
2026-08-24,weekly,NO,finn.no,mobility_cars,dealer,premium,package_sample_count,2026,sampled_listings,1,,finn-mobility-packages/weekly_package_mix
2026-08-24,weekly,NO,finn.no,mobility_cars,dealer,premium,package_share,39.8,pct,1,,finn-mobility-packages/weekly_package_mix
2026-08-24,daily,NO,finn.no,mobility_cars,private,,listings,16930,listings,0,,vend-scraper-v2/daily_filtered
2026-08-24,daily,NO,finn.no,mobility_cars,private,,new_listings,983,listings,0,,vend-scraper-v2/daily_filtered
2026-08-24,daily,NO,finn.no,mobility_other,dealer,,listings,25652,listings,0,,vend-scraper-v2/daily_filtered
2026-08-24,daily,NO,finn.no,mobility_other,dealer,,new_listings,779,listings,0,,vend-scraper-v2/daily_filtered
2026-08-24,daily,NO,finn.no,mobility_other,private,,listings,17298,listings,0,,vend-scraper-v2/daily_filtered
2026-08-24,daily,NO,finn.no,mobility_other,private,,new_listings,848,listings,0,,vend-scraper-v2/daily_filtered
2026-08-24,daily,NO,finn.no,real_estate_homes,,,listings,22875,listings,0,,vend-scraper-v2/daily_filtered
2026-08-24,daily,NO,finn.no,real_estate_homes,,,new_listings,684,listings,0,,vend-scraper-v2/daily_filtered
2026-08-24,daily,NO,finn.no,real_estate_homes_new,,,listings,17811,listings,0,,vend-scraper-v2/daily_filtered
2026-08-24,daily,NO,finn.no,real_estate_homes_new,,,new_listings,476,listings,0,,vend-scraper-v2/daily_filtered
2026-08-24,daily,NO,finn.no,real_estate_other,,,listings,27721,listings,0,,vend-scraper-v2/daily_filtered
2026-08-24,daily,NO,finn.no,real_estate_other,,,new_listings,575,listings,0,,vend-scraper-v2/daily_filtered
2026-08-24,daily,SE,hemnet.se,real_estate_homes,,,listings,35262,listings,0,,vend-scraper-v2/daily_filtered
2026-08-24,daily,SE,hemnet.se,real_estate_homes,,,new_listings,1273,listings,0,,vend-scraper-v2/daily_filtered
2026-08-24,daily,SE,hemnet.se,real_estate_homes_upcoming,,,listings,6041,listings,0,,vend-scraper-v2/daily_filtered
2026-08-24,daily,NO,hjem.no,real_estate_homes,,,listings,8971,listings,0,,vend-scraper-v2/daily_filtered
2026-08-24,daily,FI,oikotie.fi,real_estate_homes,,,listings,48447,listings,0,,vend-scraper-v2/daily_filtered
2026-08-24,daily,FI,oikotie.fi,real_estate_homes,,,new_listings,535,listings,0,,vend-scraper-v2/daily_filtered
2026-08-24,daily,SE,tradera.com,mobility_cars,dealer,,listings,43683,listings,0,,vend-scraper-v2/daily_filtered
2026-08-24,daily,SE,tradera.com,mobility_cars,private,,listings,2632,listings,0,,vend-scraper-v2/daily_filtered
2026-08-24,daily,SE,wayke.se,mobility_cars,dealer,,listings,48858,listings,0,,vend-scraper-v2/daily_filtered
2026-08-25,daily,DK,bilbasen.dk,mobility_cars,dealer,,listings,46485,listings,0,,vend-scraper-v2/daily_filtered
2026-08-25,daily,DK,bilbasen.dk,mobility_cars,private,,listings,3987,listings,0,,vend-scraper-v2/daily_filtered
2026-08-25,daily,DK,bilhandel.dk,mobility_cars,dealer,,listings,25985,listings,0,,vend-scraper-v2/daily_filtered
2026-08-25,daily,DK,bilhandel.dk,mobility_cars,private,,listings,2079,listings,0,,vend-scraper-v2/daily_filtered
2026-08-25,daily,DK,biltorvet.dk,mobility_cars,dealer,,listings,43110,listings,0,,vend-scraper-v2/daily_filtered
2026-08-25,daily,DK,biltorvet.dk,mobility_cars,private,,listings,1628,listings,0,,vend-scraper-v2/daily_filtered
2026-08-25,daily,SE,blocket.se,mobility_cars,dealer,,listings,117540,listings,0,,vend-scraper-v2/daily_filtered
2026-08-25,daily,SE,blocket.se,mobility_cars,dealer,,new_listings,5595,listings,0,,vend-scraper-v2/daily_filtered
2026-08-25,daily,SE,blocket.se,mobility_cars,private,,listings,24949,listings,0,,vend-scraper-v2/daily_filtered
2026-08-25,daily,SE,blocket.se,mobility_cars,private,,new_listings,1479,listings,0,,vend-scraper-v2/daily_filtered
2026-08-25,daily,SE,blocket.se,mobility_other,dealer,,listings,61141,listings,0,,vend-scraper-v2/daily_filtered
2026-08-25,daily,SE,blocket.se,mobility_other,dealer,,new_listings,1716,listings,0,,vend-scraper-v2/daily_filtered
2026-08-25,daily,SE,blocket.se,mobility_other,private,,listings,25410,listings,0,,vend-scraper-v2/daily_filtered
2026-08-25,daily,SE,blocket.se,mobility_other,private,,new_listings,981,listings,0,,vend-scraper-v2/daily_filtered
2026-08-25,daily,FI,etuovi.com,real_estate_homes,,,listings,52335,listings,0,,vend-scraper-v2/daily_filtered
2026-08-25,daily,FI,etuovi.com,real_estate_homes,,,new_listings,385,listings,0,,vend-scraper-v2/daily_filtered
2026-08-25,daily,NO,finn.no,jobs_listings,,,listings,14318,listings,0,,vend-scraper-v2/daily_filtered
2026-08-25,daily,NO,finn.no,jobs_listings,,,new_listings,737,listings,0,,vend-scraper-v2/daily_filtered
2026-08-25,daily,NO,finn.no,jobs_positions,,,listings,28836,listings,0,,vend-scraper-v2/daily_filtered
2026-08-25,daily,NO,finn.no,jobs_positions,,,new_listings,1566,listings,0,,vend-scraper-v2/daily_filtered
2026-08-25,daily,NO,finn.no,mobility_cars,dealer,,listings,50752,listings,0,,vend-scraper-v2/daily_filtered
2026-08-25,daily,NO,finn.no,mobility_cars,dealer,,new_listings,2019,listings,0,,vend-scraper-v2/daily_filtered
2026-08-25,daily,NO,finn.no,mobility_cars,private,,listings,16937,listings,0,,vend-scraper-v2/daily_filtered
2026-08-25,daily,NO,finn.no,mobility_cars,private,,new_listings,934,listings,0,,vend-scraper-v2/daily_filtered
2026-08-25,daily,NO,finn.no,mobility_other,dealer,,listings,25861,listings,0,,vend-scraper-v2/daily_filtered
2026-08-25,daily,NO,finn.no,mobility_other,dealer,,new_listings,810,listings,0,,vend-scraper-v2/daily_filtered
2026-08-25,daily,NO,finn.no,mobility_other,private,,listings,17169,listings,0,,vend-scraper-v2/daily_filtered
2026-08-25,daily,NO,finn.no,mobility_other,private,,new_listings,709,listings,0,,vend-scraper-v2/daily_filtered
2026-08-25,daily,NO,finn.no,real_estate_homes,,,listings,23189,listings,0,,vend-scraper-v2/daily_filtered
2026-08-25,daily,NO,finn.no,real_estate_homes,,,new_listings,664,listings,0,,vend-scraper-v2/daily_filtered
2026-08-25,daily,NO,finn.no,real_estate_homes_new,,,listings,17815,listings,0,,vend-scraper-v2/daily_filtered
2026-08-25,daily,NO,finn.no,real_estate_homes_new,,,new_listings,597,listings,0,,vend-scraper-v2/daily_filtered
2026-08-25,daily,NO,finn.no,real_estate_other,,,listings,27625,listings,0,,vend-scraper-v2/daily_filtered
2026-08-25,daily,NO,finn.no,real_estate_other,,,new_listings,492,listings,0,,vend-scraper-v2/daily_filtered
2026-08-25,daily,SE,hemnet.se,real_estate_homes,,,listings,35122,listings,0,,vend-scraper-v2/daily_filtered
2026-08-25,daily,SE,hemnet.se,real_estate_homes,,,new_listings,1677,listings,0,,vend-scraper-v2/daily_filtered
2026-08-25,daily,SE,hemnet.se,real_estate_homes_upcoming,,,listings,6097,listings,0,,vend-scraper-v2/daily_filtered
2026-08-25,daily,NO,hjem.no,real_estate_homes,,,listings,9100,listings,0,,vend-scraper-v2/daily_filtered
2026-08-25,daily,FI,oikotie.fi,real_estate_homes,,,listings,48420,listings,0,,vend-scraper-v2/daily_filtered
2026-08-25,daily,FI,oikotie.fi,real_estate_homes,,,new_listings,635,listings,0,,vend-scraper-v2/daily_filtered
2026-08-25,daily,SE,tradera.com,mobility_cars,dealer,,listings,43911,listings,0,,vend-scraper-v2/daily_filtered
2026-08-25,daily,SE,tradera.com,mobility_cars,private,,listings,2641,listings,0,,vend-scraper-v2/daily_filtered
2026-08-25,daily,SE,wayke.se,mobility_cars,dealer,,listings,48941,listings,0,,vend-scraper-v2/daily_filtered
2026-08-26,daily,DK,bilbasen.dk,mobility_cars,dealer,,listings,46621,listings,0,,vend-scraper-v2/daily_filtered
2026-08-26,daily,DK,bilbasen.dk,mobility_cars,private,,listings,3999,listings,0,,vend-scraper-v2/daily_filtered
2026-08-26,daily,DK,bilhandel.dk,mobility_cars,dealer,,listings,26083,listings,0,,vend-scraper-v2/daily_filtered
2026-08-26,daily,DK,bilhandel.dk,mobility_cars,private,,listings,2077,listings,0,,vend-scraper-v2/daily_filtered
2026-08-26,daily,DK,biltorvet.dk,mobility_cars,dealer,,listings,43466,listings,0,,vend-scraper-v2/daily_filtered
2026-08-26,daily,DK,biltorvet.dk,mobility_cars,private,,listings,1628,listings,0,,vend-scraper-v2/daily_filtered
2026-08-26,daily,SE,blocket.se,mobility_cars,dealer,,listings,117882,listings,0,,vend-scraper-v2/daily_filtered
2026-08-26,daily,SE,blocket.se,mobility_cars,dealer,,new_listings,5192,listings,0,,vend-scraper-v2/daily_filtered
2026-08-26,daily,SE,blocket.se,mobility_cars,private,,listings,25106,listings,0,,vend-scraper-v2/daily_filtered
2026-08-26,daily,SE,blocket.se,mobility_cars,private,,new_listings,1279,listings,0,,vend-scraper-v2/daily_filtered
2026-08-26,daily,SE,blocket.se,mobility_other,dealer,,listings,61387,listings,0,,vend-scraper-v2/daily_filtered
2026-08-26,daily,SE,blocket.se,mobility_other,dealer,,new_listings,1850,listings,0,,vend-scraper-v2/daily_filtered
2026-08-26,daily,SE,blocket.se,mobility_other,private,,listings,25405,listings,0,,vend-scraper-v2/daily_filtered
2026-08-26,daily,SE,blocket.se,mobility_other,private,,new_listings,825,listings,0,,vend-scraper-v2/daily_filtered
2026-08-26,daily,FI,etuovi.com,real_estate_homes,,,listings,52932,listings,0,,vend-scraper-v2/daily_filtered
2026-08-26,daily,FI,etuovi.com,real_estate_homes,,,new_listings,1075,listings,0,outlier,vend-scraper-v2/daily_filtered
2026-08-26,daily,NO,finn.no,jobs_listings,,,listings,14523,listings,0,,vend-scraper-v2/daily_filtered
2026-08-26,daily,NO,finn.no,jobs_listings,,,new_listings,701,listings,0,,vend-scraper-v2/daily_filtered
2026-08-26,daily,NO,finn.no,jobs_positions,,,listings,29295,listings,0,,vend-scraper-v2/daily_filtered
2026-08-26,daily,NO,finn.no,jobs_positions,,,new_listings,1372,listings,0,,vend-scraper-v2/daily_filtered
2026-08-26,daily,NO,finn.no,mobility_cars,dealer,,listings,51547,listings,0,,vend-scraper-v2/daily_filtered
2026-08-26,daily,NO,finn.no,mobility_cars,dealer,,new_listings,1948,listings,0,,vend-scraper-v2/daily_filtered
2026-08-26,daily,NO,finn.no,mobility_cars,private,,listings,17050,listings,0,,vend-scraper-v2/daily_filtered
2026-08-26,daily,NO,finn.no,mobility_cars,private,,new_listings,968,listings,0,,vend-scraper-v2/daily_filtered
2026-08-26,daily,NO,finn.no,mobility_other,dealer,,listings,26072,listings,0,,vend-scraper-v2/daily_filtered
2026-08-26,daily,NO,finn.no,mobility_other,dealer,,new_listings,683,listings,0,,vend-scraper-v2/daily_filtered
2026-08-26,daily,NO,finn.no,mobility_other,private,,listings,17029,listings,0,,vend-scraper-v2/daily_filtered
2026-08-26,daily,NO,finn.no,mobility_other,private,,new_listings,687,listings,0,,vend-scraper-v2/daily_filtered
2026-08-26,daily,NO,finn.no,real_estate_homes,,,listings,23495,listings,0,,vend-scraper-v2/daily_filtered
2026-08-26,daily,NO,finn.no,real_estate_homes,,,new_listings,618,listings,0,,vend-scraper-v2/daily_filtered
2026-08-26,daily,NO,finn.no,real_estate_homes_new,,,listings,17933,listings,0,,vend-scraper-v2/daily_filtered
2026-08-26,daily,NO,finn.no,real_estate_homes_new,,,new_listings,512,listings,0,,vend-scraper-v2/daily_filtered
2026-08-26,daily,NO,finn.no,real_estate_other,,,listings,27637,listings,0,,vend-scraper-v2/daily_filtered
2026-08-26,daily,NO,finn.no,real_estate_other,,,new_listings,525,listings,0,,vend-scraper-v2/daily_filtered
2026-08-26,daily,SE,hemnet.se,real_estate_homes,,,listings,34974,listings,0,,vend-scraper-v2/daily_filtered
2026-08-26,daily,SE,hemnet.se,real_estate_homes,,,new_listings,1519,listings,0,,vend-scraper-v2/daily_filtered
2026-08-26,daily,SE,hemnet.se,real_estate_homes_upcoming,,,listings,6120,listings,0,,vend-scraper-v2/daily_filtered
2026-08-26,daily,NO,hjem.no,real_estate_homes,,,listings,9201,listings,0,,vend-scraper-v2/daily_filtered
2026-08-26,daily,FI,oikotie.fi,real_estate_homes,,,listings,48401,listings,0,,vend-scraper-v2/daily_filtered
2026-08-26,daily,FI,oikotie.fi,real_estate_homes,,,new_listings,712,listings,0,,vend-scraper-v2/daily_filtered
2026-08-26,daily,SE,tradera.com,mobility_cars,dealer,,listings,44100,listings,0,,vend-scraper-v2/daily_filtered
2026-08-26,daily,SE,tradera.com,mobility_cars,private,,listings,2645,listings,0,,vend-scraper-v2/daily_filtered
2026-08-26,daily,SE,wayke.se,mobility_cars,dealer,,listings,49077,listings,0,,vend-scraper-v2/daily_filtered
2026-08-27,daily,DK,bilbasen.dk,mobility_cars,dealer,,listings,46897,listings,0,,vend-scraper-v2/daily_filtered
2026-08-27,daily,DK,bilbasen.dk,mobility_cars,private,,listings,3993,listings,0,,vend-scraper-v2/daily_filtered
2026-08-27,daily,DK,bilhandel.dk,mobility_cars,dealer,,listings,26105,listings,0,,vend-scraper-v2/daily_filtered
2026-08-27,daily,DK,bilhandel.dk,mobility_cars,private,,listings,2068,listings,0,,vend-scraper-v2/daily_filtered
2026-08-27,daily,DK,biltorvet.dk,mobility_cars,dealer,,listings,43763,listings,0,,vend-scraper-v2/daily_filtered
2026-08-27,daily,DK,biltorvet.dk,mobility_cars,private,,listings,1633,listings,0,,vend-scraper-v2/daily_filtered
2026-08-27,daily,SE,blocket.se,mobility_cars,dealer,,listings,118257,listings,0,,vend-scraper-v2/daily_filtered
2026-08-27,daily,SE,blocket.se,mobility_cars,dealer,,new_listings,5365,listings,0,,vend-scraper-v2/daily_filtered
2026-08-27,daily,SE,blocket.se,mobility_cars,private,,listings,25088,listings,0,,vend-scraper-v2/daily_filtered
2026-08-27,daily,SE,blocket.se,mobility_cars,private,,new_listings,1213,listings,0,,vend-scraper-v2/daily_filtered
2026-08-27,daily,SE,blocket.se,mobility_other,dealer,,listings,61786,listings,0,,vend-scraper-v2/daily_filtered
2026-08-27,daily,SE,blocket.se,mobility_other,dealer,,new_listings,1456,listings,0,,vend-scraper-v2/daily_filtered
2026-08-27,daily,SE,blocket.se,mobility_other,private,,listings,25268,listings,0,,vend-scraper-v2/daily_filtered
2026-08-27,daily,SE,blocket.se,mobility_other,private,,new_listings,842,listings,0,,vend-scraper-v2/daily_filtered
2026-08-27,daily,FI,etuovi.com,real_estate_homes,,,listings,52911,listings,0,,vend-scraper-v2/daily_filtered
2026-08-27,daily,FI,etuovi.com,real_estate_homes,,,new_listings,439,listings,0,,vend-scraper-v2/daily_filtered
2026-08-27,daily,NO,finn.no,jobs_listings,,,listings,14760,listings,0,,vend-scraper-v2/daily_filtered
2026-08-27,daily,NO,finn.no,jobs_listings,,,new_listings,705,listings,0,,vend-scraper-v2/daily_filtered
2026-08-27,daily,NO,finn.no,jobs_positions,,,listings,29703,listings,0,,vend-scraper-v2/daily_filtered
2026-08-27,daily,NO,finn.no,jobs_positions,,,new_listings,1335,listings,0,,vend-scraper-v2/daily_filtered
2026-08-27,daily,NO,finn.no,mobility_cars,dealer,,listings,51805,listings,0,,vend-scraper-v2/daily_filtered
2026-08-27,daily,NO,finn.no,mobility_cars,dealer,,new_listings,1967,listings,0,,vend-scraper-v2/daily_filtered
2026-08-27,daily,NO,finn.no,mobility_cars,private,,listings,17072,listings,0,,vend-scraper-v2/daily_filtered
2026-08-27,daily,NO,finn.no,mobility_cars,private,,new_listings,879,listings,0,,vend-scraper-v2/daily_filtered
2026-08-27,daily,NO,finn.no,mobility_other,dealer,,listings,25992,listings,0,,vend-scraper-v2/daily_filtered
2026-08-27,daily,NO,finn.no,mobility_other,dealer,,new_listings,569,listings,0,,vend-scraper-v2/daily_filtered
2026-08-27,daily,NO,finn.no,mobility_other,private,,listings,16849,listings,0,,vend-scraper-v2/daily_filtered
2026-08-27,daily,NO,finn.no,mobility_other,private,,new_listings,623,listings,0,,vend-scraper-v2/daily_filtered
2026-08-27,daily,NO,finn.no,real_estate_homes,,,listings,23299,listings,0,,vend-scraper-v2/daily_filtered
2026-08-27,daily,NO,finn.no,real_estate_homes,,,new_listings,575,listings,0,,vend-scraper-v2/daily_filtered
2026-08-27,daily,NO,finn.no,real_estate_homes_new,,,listings,17917,listings,0,,vend-scraper-v2/daily_filtered
2026-08-27,daily,NO,finn.no,real_estate_homes_new,,,new_listings,412,listings,0,,vend-scraper-v2/daily_filtered
2026-08-27,daily,NO,finn.no,real_estate_other,,,listings,27411,listings,0,,vend-scraper-v2/daily_filtered
2026-08-27,daily,NO,finn.no,real_estate_other,,,new_listings,471,listings,0,,vend-scraper-v2/daily_filtered
2026-08-27,daily,SE,hemnet.se,real_estate_homes,,,listings,34877,listings,0,,vend-scraper-v2/daily_filtered
2026-08-27,daily,SE,hemnet.se,real_estate_homes,,,new_listings,1591,listings,0,,vend-scraper-v2/daily_filtered
2026-08-27,daily,SE,hemnet.se,real_estate_homes_upcoming,,,listings,6157,listings,0,,vend-scraper-v2/daily_filtered
2026-08-27,daily,NO,hjem.no,real_estate_homes,,,listings,9072,listings,0,,vend-scraper-v2/daily_filtered
2026-08-27,daily,FI,oikotie.fi,real_estate_homes,,,listings,48365,listings,0,,vend-scraper-v2/daily_filtered
2026-08-27,daily,FI,oikotie.fi,real_estate_homes,,,new_listings,745,listings,0,,vend-scraper-v2/daily_filtered
2026-08-27,daily,SE,tradera.com,mobility_cars,dealer,,listings,44061,listings,0,,vend-scraper-v2/daily_filtered
2026-08-27,daily,SE,tradera.com,mobility_cars,private,,listings,2702,listings,0,,vend-scraper-v2/daily_filtered
2026-08-27,daily,SE,wayke.se,mobility_cars,dealer,,listings,49089,listings,0,,vend-scraper-v2/daily_filtered
2026-08-28,daily,DK,bilbasen.dk,mobility_cars,dealer,,listings,47190,listings,0,,vend-scraper-v2/daily_filtered
2026-08-28,daily,DK,bilbasen.dk,mobility_cars,private,,listings,3941,listings,0,,vend-scraper-v2/daily_filtered
2026-08-28,daily,DK,bilhandel.dk,mobility_cars,dealer,,listings,26222,listings,0,,vend-scraper-v2/daily_filtered
2026-08-28,daily,DK,bilhandel.dk,mobility_cars,private,,listings,2081,listings,0,,vend-scraper-v2/daily_filtered
2026-08-28,daily,DK,biltorvet.dk,mobility_cars,dealer,,listings,43935,listings,0,,vend-scraper-v2/daily_filtered
2026-08-28,daily,DK,biltorvet.dk,mobility_cars,private,,listings,1604,listings,0,,vend-scraper-v2/daily_filtered
2026-08-28,daily,SE,blocket.se,mobility_cars,dealer,,listings,118648,listings,0,,vend-scraper-v2/daily_filtered
2026-08-28,daily,SE,blocket.se,mobility_cars,dealer,,new_listings,5333,listings,0,,vend-scraper-v2/daily_filtered
2026-08-28,daily,SE,blocket.se,mobility_cars,private,,listings,25031,listings,0,,vend-scraper-v2/daily_filtered
2026-08-28,daily,SE,blocket.se,mobility_cars,private,,new_listings,1196,listings,0,,vend-scraper-v2/daily_filtered
2026-08-28,daily,SE,blocket.se,mobility_other,dealer,,listings,62194,listings,0,,vend-scraper-v2/daily_filtered
2026-08-28,daily,SE,blocket.se,mobility_other,dealer,,new_listings,1712,listings,0,,vend-scraper-v2/daily_filtered
2026-08-28,daily,SE,blocket.se,mobility_other,private,,listings,25122,listings,0,,vend-scraper-v2/daily_filtered
2026-08-28,daily,SE,blocket.se,mobility_other,private,,new_listings,743,listings,0,,vend-scraper-v2/daily_filtered
2026-08-28,daily,FI,etuovi.com,real_estate_homes,,,listings,52963,listings,0,,vend-scraper-v2/daily_filtered
2026-08-28,daily,FI,etuovi.com,real_estate_homes,,,new_listings,475,listings,0,,vend-scraper-v2/daily_filtered
2026-08-28,daily,NO,finn.no,jobs_listings,,,listings,15118,listings,0,,vend-scraper-v2/daily_filtered
2026-08-28,daily,NO,finn.no,jobs_listings,,,new_listings,786,listings,0,,vend-scraper-v2/daily_filtered
2026-08-28,daily,NO,finn.no,jobs_positions,,,listings,30191,listings,0,,vend-scraper-v2/daily_filtered
2026-08-28,daily,NO,finn.no,jobs_positions,,,new_listings,1358,listings,0,,vend-scraper-v2/daily_filtered
2026-08-28,daily,NO,finn.no,mobility_cars,dealer,,listings,51843,listings,0,,vend-scraper-v2/daily_filtered
2026-08-28,daily,NO,finn.no,mobility_cars,dealer,,new_listings,1665,listings,0,,vend-scraper-v2/daily_filtered
2026-08-28,daily,NO,finn.no,mobility_cars,private,,listings,16965,listings,0,,vend-scraper-v2/daily_filtered
2026-08-28,daily,NO,finn.no,mobility_cars,private,,new_listings,811,listings,0,,vend-scraper-v2/daily_filtered
2026-08-28,daily,NO,finn.no,mobility_other,dealer,,listings,26076,listings,0,,vend-scraper-v2/daily_filtered
2026-08-28,daily,NO,finn.no,mobility_other,dealer,,new_listings,582,listings,0,,vend-scraper-v2/daily_filtered
2026-08-28,daily,NO,finn.no,mobility_other,private,,listings,16628,listings,0,,vend-scraper-v2/daily_filtered
2026-08-28,daily,NO,finn.no,mobility_other,private,,new_listings,562,listings,0,,vend-scraper-v2/daily_filtered
2026-08-28,daily,NO,finn.no,real_estate_homes,,,listings,23361,listings,0,,vend-scraper-v2/daily_filtered
2026-08-28,daily,NO,finn.no,real_estate_homes,,,new_listings,1081,listings,0,,vend-scraper-v2/daily_filtered
2026-08-28,daily,NO,finn.no,real_estate_homes_new,,,listings,17978,listings,0,,vend-scraper-v2/daily_filtered
2026-08-28,daily,NO,finn.no,real_estate_homes_new,,,new_listings,588,listings,0,,vend-scraper-v2/daily_filtered
2026-08-28,daily,NO,finn.no,real_estate_other,,,listings,27269,listings,0,,vend-scraper-v2/daily_filtered
2026-08-28,daily,NO,finn.no,real_estate_other,,,new_listings,569,listings,0,,vend-scraper-v2/daily_filtered
2026-08-28,daily,SE,hemnet.se,real_estate_homes,,,listings,35488,listings,0,,vend-scraper-v2/daily_filtered
2026-08-28,daily,SE,hemnet.se,real_estate_homes,,,new_listings,2533,listings,0,,vend-scraper-v2/daily_filtered
2026-08-28,daily,SE,hemnet.se,real_estate_homes_upcoming,,,listings,6091,listings,0,,vend-scraper-v2/daily_filtered
2026-08-28,daily,NO,hjem.no,real_estate_homes,,,listings,9040,listings,0,,vend-scraper-v2/daily_filtered
2026-08-28,daily,FI,oikotie.fi,real_estate_homes,,,listings,48408,listings,0,,vend-scraper-v2/daily_filtered
2026-08-28,daily,FI,oikotie.fi,real_estate_homes,,,new_listings,808,listings,0,,vend-scraper-v2/daily_filtered
2026-08-28,daily,SE,tradera.com,mobility_cars,dealer,,listings,44130,listings,0,,vend-scraper-v2/daily_filtered
2026-08-28,daily,SE,tradera.com,mobility_cars,private,,listings,2721,listings,0,,vend-scraper-v2/daily_filtered
2026-08-28,daily,SE,wayke.se,mobility_cars,dealer,,listings,49237,listings,0,,vend-scraper-v2/daily_filtered
2026-08-29,daily,DK,bilbasen.dk,mobility_cars,dealer,,listings,47122,listings,0,,vend-scraper-v2/daily_filtered
2026-08-29,daily,DK,bilbasen.dk,mobility_cars,private,,listings,3937,listings,0,,vend-scraper-v2/daily_filtered
2026-08-29,daily,DK,bilhandel.dk,mobility_cars,dealer,,listings,26185,listings,0,,vend-scraper-v2/daily_filtered
2026-08-29,daily,DK,bilhandel.dk,mobility_cars,private,,listings,2086,listings,0,,vend-scraper-v2/daily_filtered
2026-08-29,daily,DK,biltorvet.dk,mobility_cars,dealer,,listings,43876,listings,0,,vend-scraper-v2/daily_filtered
2026-08-29,daily,DK,biltorvet.dk,mobility_cars,private,,listings,1620,listings,0,,vend-scraper-v2/daily_filtered
2026-08-29,daily,SE,blocket.se,mobility_cars,dealer,,listings,117847,listings,0,,vend-scraper-v2/daily_filtered
2026-08-29,daily,SE,blocket.se,mobility_cars,dealer,,new_listings,2443,listings,0,,vend-scraper-v2/daily_filtered
2026-08-29,daily,SE,blocket.se,mobility_cars,private,,listings,25023,listings,0,,vend-scraper-v2/daily_filtered
2026-08-29,daily,SE,blocket.se,mobility_cars,private,,new_listings,1231,listings,0,,vend-scraper-v2/daily_filtered
2026-08-29,daily,SE,blocket.se,mobility_other,dealer,,listings,62210,listings,0,,vend-scraper-v2/daily_filtered
2026-08-29,daily,SE,blocket.se,mobility_other,dealer,,new_listings,882,listings,0,,vend-scraper-v2/daily_filtered
2026-08-29,daily,SE,blocket.se,mobility_other,private,,listings,25102,listings,0,,vend-scraper-v2/daily_filtered
2026-08-29,daily,SE,blocket.se,mobility_other,private,,new_listings,859,listings,0,,vend-scraper-v2/daily_filtered
2026-08-29,daily,FI,etuovi.com,real_estate_homes,,,listings,52948,listings,0,,vend-scraper-v2/daily_filtered
2026-08-29,daily,FI,etuovi.com,real_estate_homes,,,new_listings,195,listings,0,,vend-scraper-v2/daily_filtered
2026-08-29,daily,NO,finn.no,jobs_listings,,,listings,14755,listings,0,,vend-scraper-v2/daily_filtered
2026-08-29,daily,NO,finn.no,jobs_listings,,,new_listings,56,listings,0,,vend-scraper-v2/daily_filtered
2026-08-29,daily,NO,finn.no,jobs_positions,,,listings,29460,listings,0,,vend-scraper-v2/daily_filtered
2026-08-29,daily,NO,finn.no,jobs_positions,,,new_listings,92,listings,0,,vend-scraper-v2/daily_filtered
2026-08-29,daily,NO,finn.no,mobility_cars,dealer,,listings,51300,listings,0,,vend-scraper-v2/daily_filtered
2026-08-29,daily,NO,finn.no,mobility_cars,dealer,,new_listings,607,listings,0,,vend-scraper-v2/daily_filtered
2026-08-29,daily,NO,finn.no,mobility_cars,private,,listings,16988,listings,0,,vend-scraper-v2/daily_filtered
2026-08-29,daily,NO,finn.no,mobility_cars,private,,new_listings,795,listings,0,,vend-scraper-v2/daily_filtered
2026-08-29,daily,NO,finn.no,mobility_other,dealer,,listings,25978,listings,0,,vend-scraper-v2/daily_filtered
2026-08-29,daily,NO,finn.no,mobility_other,dealer,,new_listings,158,listings,0,,vend-scraper-v2/daily_filtered
2026-08-29,daily,NO,finn.no,mobility_other,private,,listings,16497,listings,0,,vend-scraper-v2/daily_filtered
2026-08-29,daily,NO,finn.no,mobility_other,private,,new_listings,587,listings,0,,vend-scraper-v2/daily_filtered
2026-08-29,daily,NO,finn.no,real_estate_homes,,,listings,23124,listings,0,,vend-scraper-v2/daily_filtered
2026-08-29,daily,NO,finn.no,real_estate_homes,,,new_listings,384,listings,0,,vend-scraper-v2/daily_filtered
2026-08-29,daily,NO,finn.no,real_estate_homes_new,,,listings,17981,listings,0,,vend-scraper-v2/daily_filtered
2026-08-29,daily,NO,finn.no,real_estate_homes_new,,,new_listings,405,listings,0,,vend-scraper-v2/daily_filtered
2026-08-29,daily,NO,finn.no,real_estate_other,,,listings,27147,listings,0,,vend-scraper-v2/daily_filtered
2026-08-29,daily,NO,finn.no,real_estate_other,,,new_listings,347,listings,0,,vend-scraper-v2/daily_filtered
2026-08-29,daily,SE,hemnet.se,real_estate_homes,,,listings,35649,listings,0,,vend-scraper-v2/daily_filtered
2026-08-29,daily,SE,hemnet.se,real_estate_homes,,,new_listings,2151,listings,0,,vend-scraper-v2/daily_filtered
2026-08-29,daily,SE,hemnet.se,real_estate_homes_upcoming,,,listings,6034,listings,0,,vend-scraper-v2/daily_filtered
2026-08-29,daily,NO,hjem.no,real_estate_homes,,,listings,8935,listings,0,,vend-scraper-v2/daily_filtered
2026-08-29,daily,FI,oikotie.fi,real_estate_homes,,,listings,48397,listings,0,,vend-scraper-v2/daily_filtered
2026-08-29,daily,FI,oikotie.fi,real_estate_homes,,,new_listings,596,listings,0,,vend-scraper-v2/daily_filtered
2026-08-29,daily,SE,tradera.com,mobility_cars,dealer,,listings,43660,listings,0,,vend-scraper-v2/daily_filtered
2026-08-29,daily,SE,tradera.com,mobility_cars,private,,listings,2721,listings,0,,vend-scraper-v2/daily_filtered
2026-08-29,daily,SE,wayke.se,mobility_cars,dealer,,listings,48826,listings,0,,vend-scraper-v2/daily_filtered
2026-08-30,daily,DK,bilbasen.dk,mobility_cars,dealer,,listings,46587,listings,0,,vend-scraper-v2/daily_filtered
2026-08-30,daily,DK,bilbasen.dk,mobility_cars,private,,listings,3922,listings,0,,vend-scraper-v2/daily_filtered
2026-08-30,daily,DK,bilhandel.dk,mobility_cars,dealer,,listings,25890,listings,0,,vend-scraper-v2/daily_filtered
2026-08-30,daily,DK,bilhandel.dk,mobility_cars,private,,listings,2096,listings,0,,vend-scraper-v2/daily_filtered
2026-08-30,daily,DK,biltorvet.dk,mobility_cars,dealer,,listings,43478,listings,0,,vend-scraper-v2/daily_filtered
2026-08-30,daily,DK,biltorvet.dk,mobility_cars,private,,listings,1646,listings,0,,vend-scraper-v2/daily_filtered
2026-08-30,daily,SE,blocket.se,mobility_cars,dealer,,listings,117579,listings,0,,vend-scraper-v2/daily_filtered
2026-08-30,daily,SE,blocket.se,mobility_cars,dealer,,new_listings,1863,listings,0,,vend-scraper-v2/daily_filtered
2026-08-30,daily,SE,blocket.se,mobility_cars,private,,listings,25041,listings,0,,vend-scraper-v2/daily_filtered
2026-08-30,daily,SE,blocket.se,mobility_cars,private,,new_listings,1389,listings,0,,vend-scraper-v2/daily_filtered
2026-08-30,daily,SE,blocket.se,mobility_other,dealer,,listings,62054,listings,0,,vend-scraper-v2/daily_filtered
2026-08-30,daily,SE,blocket.se,mobility_other,dealer,,new_listings,482,listings,0,,vend-scraper-v2/daily_filtered
2026-08-30,daily,SE,blocket.se,mobility_other,private,,listings,25053,listings,0,,vend-scraper-v2/daily_filtered
2026-08-30,daily,SE,blocket.se,mobility_other,private,,new_listings,1056,listings,0,,vend-scraper-v2/daily_filtered
2026-08-30,daily,FI,etuovi.com,real_estate_homes,,,listings,52915,listings,0,,vend-scraper-v2/daily_filtered
2026-08-30,daily,FI,etuovi.com,real_estate_homes,,,new_listings,189,listings,0,,vend-scraper-v2/daily_filtered
2026-08-30,daily,NO,finn.no,jobs_listings,,,listings,14672,listings,0,,vend-scraper-v2/daily_filtered
2026-08-30,daily,NO,finn.no,jobs_listings,,,new_listings,61,listings,0,,vend-scraper-v2/daily_filtered
2026-08-30,daily,NO,finn.no,jobs_positions,,,listings,29151,listings,0,,vend-scraper-v2/daily_filtered
2026-08-30,daily,NO,finn.no,jobs_positions,,,new_listings,98,listings,0,,vend-scraper-v2/daily_filtered
2026-08-30,daily,NO,finn.no,mobility_cars,dealer,,listings,50583,listings,0,,vend-scraper-v2/daily_filtered
2026-08-30,daily,NO,finn.no,mobility_cars,dealer,,new_listings,367,listings,0,,vend-scraper-v2/daily_filtered
2026-08-30,daily,NO,finn.no,mobility_cars,private,,listings,17192,listings,0,,vend-scraper-v2/daily_filtered
2026-08-30,daily,NO,finn.no,mobility_cars,private,,new_listings,1059,listings,0,,vend-scraper-v2/daily_filtered
2026-08-30,daily,NO,finn.no,mobility_other,dealer,,listings,25670,listings,0,,vend-scraper-v2/daily_filtered
2026-08-30,daily,NO,finn.no,mobility_other,dealer,,new_listings,181,listings,0,,vend-scraper-v2/daily_filtered
2026-08-30,daily,NO,finn.no,mobility_other,private,,listings,16508,listings,0,,vend-scraper-v2/daily_filtered
2026-08-30,daily,NO,finn.no,mobility_other,private,,new_listings,825,listings,0,,vend-scraper-v2/daily_filtered
2026-08-30,daily,NO,finn.no,real_estate_homes,,,listings,22864,listings,0,,vend-scraper-v2/daily_filtered
2026-08-30,daily,NO,finn.no,real_estate_homes,,,new_listings,344,listings,0,,vend-scraper-v2/daily_filtered
2026-08-30,weekly,NO,finn.no,real_estate_homes,,large,package_count,14064,listings,0,,finn-bolig-packages/packages_history
2026-08-30,weekly,NO,finn.no,real_estate_homes,,large,package_share,61.5,pct,0,,finn-bolig-packages/packages_history
2026-08-30,weekly,NO,finn.no,real_estate_homes,,medium,package_count,8136,listings,0,,finn-bolig-packages/packages_history
2026-08-30,weekly,NO,finn.no,real_estate_homes,,medium,package_share,35.6,pct,0,,finn-bolig-packages/packages_history
2026-08-30,weekly,NO,finn.no,real_estate_homes,,small,package_count,663,listings,0,,finn-bolig-packages/packages_history
2026-08-30,weekly,NO,finn.no,real_estate_homes,,small,package_share,2.9,pct,0,,finn-bolig-packages/packages_history
2026-08-30,daily,NO,finn.no,real_estate_homes_new,,,listings,17992,listings,0,,vend-scraper-v2/daily_filtered
2026-08-30,daily,NO,finn.no,real_estate_homes_new,,,new_listings,288,listings,0,,vend-scraper-v2/daily_filtered
2026-08-30,daily,NO,finn.no,real_estate_other,,,listings,27085,listings,0,,vend-scraper-v2/daily_filtered
2026-08-30,daily,NO,finn.no,real_estate_other,,,new_listings,423,listings,0,,vend-scraper-v2/daily_filtered
2026-08-30,daily,SE,hemnet.se,real_estate_homes,,,listings,35603,listings,0,,vend-scraper-v2/daily_filtered
2026-08-30,daily,SE,hemnet.se,real_estate_homes,,,new_listings,769,listings,0,,vend-scraper-v2/daily_filtered
2026-08-30,daily,SE,hemnet.se,real_estate_homes_upcoming,,,listings,6008,listings,0,,vend-scraper-v2/daily_filtered
2026-08-30,daily,NO,hjem.no,real_estate_homes,,,listings,8852,listings,0,,vend-scraper-v2/daily_filtered
2026-08-30,daily,FI,oikotie.fi,real_estate_homes,,,listings,48394,listings,0,,vend-scraper-v2/daily_filtered
2026-08-30,daily,FI,oikotie.fi,real_estate_homes,,,new_listings,343,listings,0,,vend-scraper-v2/daily_filtered
2026-08-30,daily,SE,tradera.com,mobility_cars,dealer,,listings,43432,listings,0,,vend-scraper-v2/daily_filtered
2026-08-30,daily,SE,tradera.com,mobility_cars,private,,listings,2729,listings,0,,vend-scraper-v2/daily_filtered
2026-08-30,daily,SE,wayke.se,mobility_cars,dealer,,listings,48613,listings,0,,vend-scraper-v2/daily_filtered
2026-08-31,daily,DK,bilbasen.dk,mobility_cars,dealer,,listings,46483,listings,0,,vend-scraper-v2/daily_filtered
2026-08-31,daily,DK,bilbasen.dk,mobility_cars,private,,listings,3920,listings,0,,vend-scraper-v2/daily_filtered
2026-08-31,daily,DK,bilhandel.dk,mobility_cars,dealer,,listings,25624,listings,0,,vend-scraper-v2/daily_filtered
2026-08-31,daily,DK,bilhandel.dk,mobility_cars,private,,listings,2084,listings,0,,vend-scraper-v2/daily_filtered
2026-08-31,daily,DK,biltorvet.dk,mobility_cars,dealer,,listings,43392,listings,0,,vend-scraper-v2/daily_filtered
2026-08-31,daily,DK,biltorvet.dk,mobility_cars,private,,listings,1637,listings,0,,vend-scraper-v2/daily_filtered
2026-08-31,daily,SE,blocket.se,mobility_cars,dealer,,listings,117551,listings,0,,vend-scraper-v2/daily_filtered
2026-08-31,daily,SE,blocket.se,mobility_cars,dealer,,new_listings,4712,listings,0,,vend-scraper-v2/daily_filtered
2026-08-31,weekly,SE,blocket.se,mobility_cars,dealer,basis,package_sample_count,7681,sampled_listings,1,,finn-mobility-packages/weekly_package_mix
2026-08-31,weekly,SE,blocket.se,mobility_cars,dealer,basis,package_share,64.3,pct,1,,finn-mobility-packages/weekly_package_mix
2026-08-31,weekly,SE,blocket.se,mobility_cars,dealer,pluss,package_sample_count,608,sampled_listings,1,,finn-mobility-packages/weekly_package_mix
2026-08-31,weekly,SE,blocket.se,mobility_cars,dealer,pluss,package_share,5.1,pct,1,,finn-mobility-packages/weekly_package_mix
2026-08-31,weekly,SE,blocket.se,mobility_cars,dealer,premium,package_sample_count,3649,sampled_listings,1,,finn-mobility-packages/weekly_package_mix
2026-08-31,weekly,SE,blocket.se,mobility_cars,dealer,premium,package_share,30.6,pct,1,,finn-mobility-packages/weekly_package_mix
2026-08-31,daily,SE,blocket.se,mobility_cars,private,,listings,25139,listings,0,,vend-scraper-v2/daily_filtered
2026-08-31,daily,SE,blocket.se,mobility_cars,private,,new_listings,1223,listings,0,,vend-scraper-v2/daily_filtered
2026-08-31,daily,SE,blocket.se,mobility_other,dealer,,listings,62027,listings,0,,vend-scraper-v2/daily_filtered
2026-08-31,daily,SE,blocket.se,mobility_other,dealer,,new_listings,1542,listings,0,,vend-scraper-v2/daily_filtered
2026-08-31,daily,SE,blocket.se,mobility_other,private,,listings,24993,listings,0,,vend-scraper-v2/daily_filtered
2026-08-31,daily,SE,blocket.se,mobility_other,private,,new_listings,776,listings,0,,vend-scraper-v2/daily_filtered
2026-08-31,daily,FI,etuovi.com,real_estate_homes,,,listings,52602,listings,0,,vend-scraper-v2/daily_filtered
2026-08-31,daily,FI,etuovi.com,real_estate_homes,,,new_listings,353,listings,0,,vend-scraper-v2/daily_filtered
2026-08-31,daily,NO,finn.no,jobs_listings,,,listings,14432,listings,0,,vend-scraper-v2/daily_filtered
2026-08-31,daily,NO,finn.no,jobs_listings,,,new_listings,838,listings,0,,vend-scraper-v2/daily_filtered
2026-08-31,daily,NO,finn.no,jobs_positions,,,listings,28877,listings,0,,vend-scraper-v2/daily_filtered
2026-08-31,daily,NO,finn.no,jobs_positions,,,new_listings,1643,listings,0,,vend-scraper-v2/daily_filtered
2026-08-31,daily,NO,finn.no,mobility_cars,dealer,,listings,50558,listings,0,,vend-scraper-v2/daily_filtered
2026-08-31,daily,NO,finn.no,mobility_cars,dealer,,new_listings,1615,listings,0,,vend-scraper-v2/daily_filtered
2026-08-31,weekly,NO,finn.no,mobility_cars,dealer,basis,package_sample_count,1663,sampled_listings,1,,finn-mobility-packages/weekly_package_mix
2026-08-31,weekly,NO,finn.no,mobility_cars,dealer,basis,package_share,32.3,pct,1,,finn-mobility-packages/weekly_package_mix
2026-08-31,weekly,NO,finn.no,mobility_cars,dealer,pluss,package_sample_count,1367,sampled_listings,1,,finn-mobility-packages/weekly_package_mix
2026-08-31,weekly,NO,finn.no,mobility_cars,dealer,pluss,package_share,26.5,pct,1,,finn-mobility-packages/weekly_package_mix
2026-08-31,weekly,NO,finn.no,mobility_cars,dealer,premium,package_sample_count,2123,sampled_listings,1,,finn-mobility-packages/weekly_package_mix
2026-08-31,weekly,NO,finn.no,mobility_cars,dealer,premium,package_share,41.2,pct,1,,finn-mobility-packages/weekly_package_mix
2026-08-31,daily,NO,finn.no,mobility_cars,private,,listings,17311,listings,0,,vend-scraper-v2/daily_filtered
2026-08-31,daily,NO,finn.no,mobility_cars,private,,new_listings,1009,listings,0,,vend-scraper-v2/daily_filtered
2026-08-31,daily,NO,finn.no,mobility_other,dealer,,listings,25669,listings,0,,vend-scraper-v2/daily_filtered
2026-08-31,daily,NO,finn.no,mobility_other,dealer,,new_listings,700,listings,0,,vend-scraper-v2/daily_filtered
2026-08-31,daily,NO,finn.no,mobility_other,private,,listings,16448,listings,0,,vend-scraper-v2/daily_filtered
2026-08-31,daily,NO,finn.no,mobility_other,private,,new_listings,746,listings,0,,vend-scraper-v2/daily_filtered
2026-08-31,daily,NO,finn.no,real_estate_homes,,,listings,22600,listings,0,,vend-scraper-v2/daily_filtered
2026-08-31,daily,NO,finn.no,real_estate_homes,,,new_listings,690,listings,0,,vend-scraper-v2/daily_filtered
2026-08-31,daily,NO,finn.no,real_estate_homes_new,,,listings,17929,listings,0,,vend-scraper-v2/daily_filtered
2026-08-31,daily,NO,finn.no,real_estate_homes_new,,,new_listings,466,listings,0,,vend-scraper-v2/daily_filtered
2026-08-31,daily,NO,finn.no,real_estate_other,,,listings,27171,listings,0,,vend-scraper-v2/daily_filtered
2026-08-31,daily,NO,finn.no,real_estate_other,,,new_listings,667,listings,0,,vend-scraper-v2/daily_filtered
2026-08-31,daily,SE,hemnet.se,real_estate_homes,,,listings,35369,listings,0,,vend-scraper-v2/daily_filtered
2026-08-31,daily,SE,hemnet.se,real_estate_homes,,,new_listings,1359,listings,0,,vend-scraper-v2/daily_filtered
2026-08-31,daily,SE,hemnet.se,real_estate_homes_upcoming,,,listings,5957,listings,0,,vend-scraper-v2/daily_filtered
2026-08-31,daily,NO,hjem.no,real_estate_homes,,,listings,8795,listings,0,,vend-scraper-v2/daily_filtered
2026-08-31,daily,FI,oikotie.fi,real_estate_homes,,,listings,48193,listings,0,,vend-scraper-v2/daily_filtered
2026-08-31,daily,FI,oikotie.fi,real_estate_homes,,,new_listings,537,listings,0,,vend-scraper-v2/daily_filtered
2026-08-31,daily,SE,tradera.com,mobility_cars,dealer,,listings,43476,listings,0,,vend-scraper-v2/daily_filtered
2026-08-31,daily,SE,tradera.com,mobility_cars,private,,listings,2743,listings,0,,vend-scraper-v2/daily_filtered
2026-08-31,daily,SE,wayke.se,mobility_cars,dealer,,listings,48581,listings,0,,vend-scraper-v2/daily_filtered
2026-09-01,daily,DK,bilbasen.dk,mobility_cars,dealer,,listings,46742,listings,0,,vend-scraper-v2/daily_filtered
2026-09-01,daily,DK,bilbasen.dk,mobility_cars,private,,listings,3929,listings,0,,vend-scraper-v2/daily_filtered
2026-09-01,daily,DK,bilhandel.dk,mobility_cars,dealer,,listings,25791,listings,0,,vend-scraper-v2/daily_filtered
2026-09-01,daily,DK,bilhandel.dk,mobility_cars,private,,listings,2080,listings,0,,vend-scraper-v2/daily_filtered
2026-09-01,daily,DK,biltorvet.dk,mobility_cars,dealer,,listings,43503,listings,0,,vend-scraper-v2/daily_filtered
2026-09-01,daily,DK,biltorvet.dk,mobility_cars,private,,listings,1635,listings,0,,vend-scraper-v2/daily_filtered
2026-09-01,daily,SE,blocket.se,mobility_cars,dealer,,listings,118150,listings,0,,vend-scraper-v2/daily_filtered
2026-09-01,daily,SE,blocket.se,mobility_cars,dealer,,new_listings,5550,listings,0,,vend-scraper-v2/daily_filtered
2026-09-01,daily,SE,blocket.se,mobility_cars,private,,listings,25311,listings,0,,vend-scraper-v2/daily_filtered
2026-09-01,daily,SE,blocket.se,mobility_cars,private,,new_listings,1289,listings,0,,vend-scraper-v2/daily_filtered
2026-09-01,daily,SE,blocket.se,mobility_other,dealer,,listings,62048,listings,0,,vend-scraper-v2/daily_filtered
2026-09-01,daily,SE,blocket.se,mobility_other,dealer,,new_listings,1716,listings,0,,vend-scraper-v2/daily_filtered
2026-09-01,daily,SE,blocket.se,mobility_other,private,,listings,24997,listings,0,,vend-scraper-v2/daily_filtered
2026-09-01,daily,SE,blocket.se,mobility_other,private,,new_listings,799,listings,0,,vend-scraper-v2/daily_filtered
2026-09-01,daily,FI,etuovi.com,real_estate_homes,,,listings,52583,listings,0,,vend-scraper-v2/daily_filtered
2026-09-01,daily,FI,etuovi.com,real_estate_homes,,,new_listings,485,listings,0,,vend-scraper-v2/daily_filtered
2026-09-01,daily,NO,finn.no,jobs_listings,,,listings,13703,listings,0,,vend-scraper-v2/daily_filtered
2026-09-01,daily,NO,finn.no,jobs_listings,,,new_listings,877,listings,0,,vend-scraper-v2/daily_filtered
2026-09-01,daily,NO,finn.no,jobs_positions,,,listings,27556,listings,0,,vend-scraper-v2/daily_filtered
2026-09-01,daily,NO,finn.no,jobs_positions,,,new_listings,1710,listings,0,,vend-scraper-v2/daily_filtered
2026-09-01,daily,NO,finn.no,mobility_cars,dealer,,listings,50973,listings,0,,vend-scraper-v2/daily_filtered
2026-09-01,daily,NO,finn.no,mobility_cars,dealer,,new_listings,1962,listings,0,,vend-scraper-v2/daily_filtered
2026-09-01,daily,NO,finn.no,mobility_cars,private,,listings,17440,listings,0,,vend-scraper-v2/daily_filtered
2026-09-01,daily,NO,finn.no,mobility_cars,private,,new_listings,1045,listings,0,,vend-scraper-v2/daily_filtered
2026-09-01,daily,NO,finn.no,mobility_other,dealer,,listings,25881,listings,0,,vend-scraper-v2/daily_filtered
2026-09-01,daily,NO,finn.no,mobility_other,dealer,,new_listings,845,listings,0,,vend-scraper-v2/daily_filtered
2026-09-01,daily,NO,finn.no,mobility_other,private,,listings,16366,listings,0,,vend-scraper-v2/daily_filtered
2026-09-01,daily,NO,finn.no,mobility_other,private,,new_listings,759,listings,0,,vend-scraper-v2/daily_filtered
2026-09-01,daily,NO,finn.no,real_estate_homes,,,listings,22853,listings,0,,vend-scraper-v2/daily_filtered
2026-09-01,daily,NO,finn.no,real_estate_homes,,,new_listings,633,listings,0,,vend-scraper-v2/daily_filtered
2026-09-01,daily,NO,finn.no,real_estate_homes_new,,,listings,17984,listings,0,,vend-scraper-v2/daily_filtered
2026-09-01,daily,NO,finn.no,real_estate_homes_new,,,new_listings,706,listings,0,,vend-scraper-v2/daily_filtered
2026-09-01,daily,NO,finn.no,real_estate_other,,,listings,27157,listings,0,,vend-scraper-v2/daily_filtered
2026-09-01,daily,NO,finn.no,real_estate_other,,,new_listings,659,listings,0,,vend-scraper-v2/daily_filtered
2026-09-01,daily,SE,hemnet.se,real_estate_homes,,,listings,35218,listings,0,,vend-scraper-v2/daily_filtered
2026-09-01,daily,SE,hemnet.se,real_estate_homes,,,new_listings,1833,listings,0,,vend-scraper-v2/daily_filtered
2026-09-01,daily,SE,hemnet.se,real_estate_homes_upcoming,,,listings,6022,listings,0,,vend-scraper-v2/daily_filtered
2026-09-01,daily,NO,hjem.no,real_estate_homes,,,listings,8883,listings,0,,vend-scraper-v2/daily_filtered
2026-09-01,daily,FI,oikotie.fi,real_estate_homes,,,listings,48192,listings,0,,vend-scraper-v2/daily_filtered
2026-09-01,daily,FI,oikotie.fi,real_estate_homes,,,new_listings,797,listings,0,,vend-scraper-v2/daily_filtered
2026-09-01,daily,SE,tradera.com,mobility_cars,dealer,,listings,43829,listings,0,,vend-scraper-v2/daily_filtered
2026-09-01,daily,SE,tradera.com,mobility_cars,private,,listings,2754,listings,0,,vend-scraper-v2/daily_filtered
2026-09-01,daily,SE,wayke.se,mobility_cars,dealer,,listings,48828,listings,0,,vend-scraper-v2/daily_filtered
2026-09-02,daily,DK,bilbasen.dk,mobility_cars,dealer,,listings,46949,listings,0,,vend-scraper-v2/daily_filtered
2026-09-02,daily,DK,bilbasen.dk,mobility_cars,private,,listings,3927,listings,0,,vend-scraper-v2/daily_filtered
2026-09-02,daily,DK,bilhandel.dk,mobility_cars,dealer,,listings,25635,listings,0,,vend-scraper-v2/daily_filtered
2026-09-02,daily,DK,bilhandel.dk,mobility_cars,private,,listings,2071,listings,0,,vend-scraper-v2/daily_filtered
2026-09-02,daily,DK,biltorvet.dk,mobility_cars,dealer,,listings,43645,listings,0,,vend-scraper-v2/daily_filtered
2026-09-02,daily,DK,biltorvet.dk,mobility_cars,private,,listings,1637,listings,0,,vend-scraper-v2/daily_filtered
2026-09-02,daily,SE,blocket.se,mobility_cars,dealer,,listings,118748,listings,0,,vend-scraper-v2/daily_filtered
2026-09-02,daily,SE,blocket.se,mobility_cars,dealer,,new_listings,5447,listings,0,,vend-scraper-v2/daily_filtered
2026-09-02,daily,SE,blocket.se,mobility_cars,private,,listings,25344,listings,0,,vend-scraper-v2/daily_filtered
2026-09-02,daily,SE,blocket.se,mobility_cars,private,,new_listings,1167,listings,0,,vend-scraper-v2/daily_filtered
2026-09-02,daily,SE,blocket.se,mobility_other,dealer,,listings,62134,listings,0,,vend-scraper-v2/daily_filtered
2026-09-02,daily,SE,blocket.se,mobility_other,dealer,,new_listings,1718,listings,0,,vend-scraper-v2/daily_filtered
2026-09-02,daily,SE,blocket.se,mobility_other,private,,listings,24974,listings,0,,vend-scraper-v2/daily_filtered
2026-09-02,daily,SE,blocket.se,mobility_other,private,,new_listings,744,listings,0,,vend-scraper-v2/daily_filtered
2026-09-02,daily,FI,etuovi.com,real_estate_homes,,,listings,52651,listings,0,,vend-scraper-v2/daily_filtered
2026-09-02,daily,FI,etuovi.com,real_estate_homes,,,new_listings,483,listings,0,,vend-scraper-v2/daily_filtered
2026-09-02,daily,NO,finn.no,jobs_listings,,,listings,13825,listings,0,,vend-scraper-v2/daily_filtered
2026-09-02,daily,NO,finn.no,jobs_listings,,,new_listings,760,listings,0,,vend-scraper-v2/daily_filtered
2026-09-02,daily,NO,finn.no,jobs_positions,,,listings,27784,listings,0,,vend-scraper-v2/daily_filtered
2026-09-02,daily,NO,finn.no,jobs_positions,,,new_listings,1342,listings,0,,vend-scraper-v2/daily_filtered
2026-09-02,daily,NO,finn.no,mobility_cars,dealer,,listings,51880,listings,0,,vend-scraper-v2/daily_filtered
2026-09-02,daily,NO,finn.no,mobility_cars,dealer,,new_listings,1993,listings,0,,vend-scraper-v2/daily_filtered
2026-09-02,daily,NO,finn.no,mobility_cars,private,,listings,17501,listings,0,,vend-scraper-v2/daily_filtered
2026-09-02,daily,NO,finn.no,mobility_cars,private,,new_listings,1001,listings,0,,vend-scraper-v2/daily_filtered
2026-09-02,daily,NO,finn.no,mobility_other,dealer,,listings,26078,listings,0,,vend-scraper-v2/daily_filtered
2026-09-02,daily,NO,finn.no,mobility_other,dealer,,new_listings,726,listings,0,,vend-scraper-v2/daily_filtered
2026-09-02,daily,NO,finn.no,mobility_other,private,,listings,16168,listings,0,,vend-scraper-v2/daily_filtered
2026-09-02,daily,NO,finn.no,mobility_other,private,,new_listings,669,listings,0,,vend-scraper-v2/daily_filtered
2026-09-02,daily,NO,finn.no,real_estate_homes,,,listings,23160,listings,0,,vend-scraper-v2/daily_filtered
2026-09-02,daily,NO,finn.no,real_estate_homes,,,new_listings,593,listings,0,,vend-scraper-v2/daily_filtered
2026-09-02,daily,NO,finn.no,real_estate_homes_new,,,listings,18046,listings,0,,vend-scraper-v2/daily_filtered
2026-09-02,daily,NO,finn.no,real_estate_homes_new,,,new_listings,514,listings,0,,vend-scraper-v2/daily_filtered
2026-09-02,daily,NO,finn.no,real_estate_other,,,listings,27227,listings,0,,vend-scraper-v2/daily_filtered
2026-09-02,daily,NO,finn.no,real_estate_other,,,new_listings,670,listings,0,,vend-scraper-v2/daily_filtered
2026-09-02,daily,SE,hemnet.se,real_estate_homes,,,listings,35107,listings,0,,vend-scraper-v2/daily_filtered
2026-09-02,daily,SE,hemnet.se,real_estate_homes,,,new_listings,1781,listings,0,,vend-scraper-v2/daily_filtered
2026-09-02,daily,SE,hemnet.se,real_estate_homes_upcoming,,,listings,6073,listings,0,,vend-scraper-v2/daily_filtered
2026-09-02,daily,NO,hjem.no,real_estate_homes,,,listings,8979,listings,0,,vend-scraper-v2/daily_filtered
2026-09-02,point,FR,leboncoin.fr,mobility_cars,dealer,,listings,446009,listings,0,manual,vend-scraper-v2/leboncoin_manual
2026-09-02,point,FR,leboncoin.fr,mobility_cars,private,,listings,293760,listings,0,manual,vend-scraper-v2/leboncoin_manual
2026-09-02,daily,FI,oikotie.fi,real_estate_homes,,,listings,48255,listings,0,,vend-scraper-v2/daily_filtered
2026-09-02,daily,FI,oikotie.fi,real_estate_homes,,,new_listings,876,listings,0,,vend-scraper-v2/daily_filtered
2026-09-02,daily,SE,tradera.com,mobility_cars,dealer,,listings,44212,listings,0,,vend-scraper-v2/daily_filtered
2026-09-02,daily,SE,tradera.com,mobility_cars,private,,listings,2766,listings,0,,vend-scraper-v2/daily_filtered
2026-09-02,daily,SE,wayke.se,mobility_cars,dealer,,listings,49146,listings,0,,vend-scraper-v2/daily_filtered
2026-09-03,daily,DK,bilbasen.dk,mobility_cars,dealer,,listings,47288,listings,0,,vend-scraper-v2/daily_filtered
2026-09-03,daily,DK,bilbasen.dk,mobility_cars,private,,listings,3906,listings,0,,vend-scraper-v2/daily_filtered
2026-09-03,daily,DK,bilhandel.dk,mobility_cars,dealer,,listings,25720,listings,0,,vend-scraper-v2/daily_filtered
2026-09-03,daily,DK,bilhandel.dk,mobility_cars,private,,listings,2076,listings,0,,vend-scraper-v2/daily_filtered
2026-09-03,daily,DK,biltorvet.dk,mobility_cars,dealer,,listings,43729,listings,0,,vend-scraper-v2/daily_filtered
2026-09-03,daily,DK,biltorvet.dk,mobility_cars,private,,listings,1645,listings,0,,vend-scraper-v2/daily_filtered
2026-09-03,daily,SE,blocket.se,mobility_cars,dealer,,listings,119486,listings,0,,vend-scraper-v2/daily_filtered
2026-09-03,daily,SE,blocket.se,mobility_cars,dealer,,new_listings,5595,listings,0,,vend-scraper-v2/daily_filtered
2026-09-03,daily,SE,blocket.se,mobility_cars,private,,listings,25291,listings,0,,vend-scraper-v2/daily_filtered
2026-09-03,daily,SE,blocket.se,mobility_cars,private,,new_listings,1125,listings,0,,vend-scraper-v2/daily_filtered
2026-09-03,daily,SE,blocket.se,mobility_other,dealer,,listings,62255,listings,0,,vend-scraper-v2/daily_filtered
2026-09-03,daily,SE,blocket.se,mobility_other,dealer,,new_listings,1558,listings,0,,vend-scraper-v2/daily_filtered
2026-09-03,daily,SE,blocket.se,mobility_other,private,,listings,24844,listings,0,,vend-scraper-v2/daily_filtered
2026-09-03,daily,SE,blocket.se,mobility_other,private,,new_listings,704,listings,0,,vend-scraper-v2/daily_filtered
2026-09-03,daily,FI,etuovi.com,real_estate_homes,,,listings,52648,listings,0,,vend-scraper-v2/daily_filtered
2026-09-03,daily,FI,etuovi.com,real_estate_homes,,,new_listings,479,listings,0,,vend-scraper-v2/daily_filtered
2026-09-03,daily,NO,finn.no,jobs_listings,,,listings,14215,listings,0,,vend-scraper-v2/daily_filtered
2026-09-03,daily,NO,finn.no,jobs_listings,,,new_listings,807,listings,0,,vend-scraper-v2/daily_filtered
2026-09-03,daily,NO,finn.no,jobs_positions,,,listings,28358,listings,0,,vend-scraper-v2/daily_filtered
2026-09-03,daily,NO,finn.no,jobs_positions,,,new_listings,1369,listings,0,,vend-scraper-v2/daily_filtered
2026-09-03,daily,NO,finn.no,mobility_cars,dealer,,listings,52187,listings,0,,vend-scraper-v2/daily_filtered
2026-09-03,daily,NO,finn.no,mobility_cars,dealer,,new_listings,2191,listings,0,,vend-scraper-v2/daily_filtered
2026-09-03,daily,NO,finn.no,mobility_cars,private,,listings,17449,listings,0,,vend-scraper-v2/daily_filtered
2026-09-03,daily,NO,finn.no,mobility_cars,private,,new_listings,901,listings,0,,vend-scraper-v2/daily_filtered
2026-09-03,daily,NO,finn.no,mobility_other,dealer,,listings,26277,listings,0,,vend-scraper-v2/daily_filtered
2026-09-03,daily,NO,finn.no,mobility_other,dealer,,new_listings,761,listings,0,,vend-scraper-v2/daily_filtered
2026-09-03,daily,NO,finn.no,mobility_other,private,,listings,16043,listings,0,,vend-scraper-v2/daily_filtered
2026-09-03,daily,NO,finn.no,mobility_other,private,,new_listings,582,listings,0,,vend-scraper-v2/daily_filtered
2026-09-03,daily,NO,finn.no,real_estate_homes,,,listings,22908,listings,0,,vend-scraper-v2/daily_filtered
2026-09-03,daily,NO,finn.no,real_estate_homes,,,new_listings,609,listings,0,,vend-scraper-v2/daily_filtered
2026-09-03,daily,NO,finn.no,real_estate_homes_new,,,listings,18039,listings,0,,vend-scraper-v2/daily_filtered
2026-09-03,daily,NO,finn.no,real_estate_homes_new,,,new_listings,746,listings,0,,vend-scraper-v2/daily_filtered
2026-09-03,daily,NO,finn.no,real_estate_other,,,listings,26991,listings,0,,vend-scraper-v2/daily_filtered
2026-09-03,daily,NO,finn.no,real_estate_other,,,new_listings,570,listings,0,,vend-scraper-v2/daily_filtered
2026-09-03,daily,SE,hemnet.se,real_estate_homes,,,listings,35008,listings,0,,vend-scraper-v2/daily_filtered
2026-09-03,daily,SE,hemnet.se,real_estate_homes,,,new_listings,1852,listings,0,,vend-scraper-v2/daily_filtered
2026-09-03,daily,SE,hemnet.se,real_estate_homes_upcoming,,,listings,6095,listings,0,,vend-scraper-v2/daily_filtered
2026-09-03,daily,NO,hjem.no,real_estate_homes,,,listings,8840,listings,0,,vend-scraper-v2/daily_filtered
2026-09-03,daily,FI,oikotie.fi,real_estate_homes,,,listings,48297,listings,0,,vend-scraper-v2/daily_filtered
2026-09-03,daily,FI,oikotie.fi,real_estate_homes,,,new_listings,871,listings,0,,vend-scraper-v2/daily_filtered
2026-09-03,daily,SE,tradera.com,mobility_cars,dealer,,listings,44665,listings,0,,vend-scraper-v2/daily_filtered
2026-09-03,daily,SE,tradera.com,mobility_cars,private,,listings,2784,listings,0,,vend-scraper-v2/daily_filtered
2026-09-03,daily,SE,wayke.se,mobility_cars,dealer,,listings,49607,listings,0,,vend-scraper-v2/daily_filtered
2026-09-04,daily,DK,bilbasen.dk,mobility_cars,dealer,,listings,47614,listings,0,,vend-scraper-v2/daily_filtered
2026-09-04,daily,DK,bilbasen.dk,mobility_cars,private,,listings,3864,listings,0,,vend-scraper-v2/daily_filtered
2026-09-04,daily,DK,bilhandel.dk,mobility_cars,dealer,,listings,25907,listings,0,,vend-scraper-v2/daily_filtered
2026-09-04,daily,DK,bilhandel.dk,mobility_cars,private,,listings,2070,listings,0,,vend-scraper-v2/daily_filtered
2026-09-04,daily,DK,biltorvet.dk,mobility_cars,dealer,,listings,43839,listings,0,,vend-scraper-v2/daily_filtered
2026-09-04,daily,DK,biltorvet.dk,mobility_cars,private,,listings,1635,listings,0,,vend-scraper-v2/daily_filtered
2026-09-04,daily,SE,blocket.se,mobility_cars,dealer,,listings,120261,listings,0,,vend-scraper-v2/daily_filtered
2026-09-04,daily,SE,blocket.se,mobility_cars,dealer,,new_listings,5835,listings,0,,vend-scraper-v2/daily_filtered
2026-09-04,daily,SE,blocket.se,mobility_cars,private,,listings,25254,listings,0,,vend-scraper-v2/daily_filtered
2026-09-04,daily,SE,blocket.se,mobility_cars,private,,new_listings,1163,listings,0,,vend-scraper-v2/daily_filtered
2026-09-04,daily,SE,blocket.se,mobility_other,dealer,,listings,62602,listings,0,,vend-scraper-v2/daily_filtered
2026-09-04,daily,SE,blocket.se,mobility_other,dealer,,new_listings,1659,listings,0,,vend-scraper-v2/daily_filtered
2026-09-04,daily,SE,blocket.se,mobility_other,private,,listings,24682,listings,0,,vend-scraper-v2/daily_filtered
2026-09-04,daily,SE,blocket.se,mobility_other,private,,new_listings,664,listings,0,,vend-scraper-v2/daily_filtered
2026-09-04,daily,FI,etuovi.com,real_estate_homes,,,listings,52716,listings,0,,vend-scraper-v2/daily_filtered
2026-09-04,daily,FI,etuovi.com,real_estate_homes,,,new_listings,480,listings,0,,vend-scraper-v2/daily_filtered
2026-09-04,daily,NO,finn.no,jobs_listings,,,listings,14672,listings,0,,vend-scraper-v2/daily_filtered
2026-09-04,daily,NO,finn.no,jobs_listings,,,new_listings,863,listings,0,,vend-scraper-v2/daily_filtered
2026-09-04,daily,NO,finn.no,jobs_positions,,,listings,28786,listings,0,,vend-scraper-v2/daily_filtered
2026-09-04,daily,NO,finn.no,jobs_positions,,,new_listings,1489,listings,0,,vend-scraper-v2/daily_filtered
2026-09-04,daily,NO,finn.no,mobility_cars,dealer,,listings,52254,listings,0,,vend-scraper-v2/daily_filtered
2026-09-04,daily,NO,finn.no,mobility_cars,dealer,,new_listings,1771,listings,0,,vend-scraper-v2/daily_filtered
2026-09-04,daily,NO,finn.no,mobility_cars,private,,listings,17367,listings,0,,vend-scraper-v2/daily_filtered
2026-09-04,daily,NO,finn.no,mobility_cars,private,,new_listings,827,listings,0,,vend-scraper-v2/daily_filtered
2026-09-04,daily,NO,finn.no,mobility_other,dealer,,listings,26491,listings,0,,vend-scraper-v2/daily_filtered
2026-09-04,daily,NO,finn.no,mobility_other,dealer,,new_listings,573,listings,0,,vend-scraper-v2/daily_filtered
2026-09-04,daily,NO,finn.no,mobility_other,private,,listings,15836,listings,0,,vend-scraper-v2/daily_filtered
2026-09-04,daily,NO,finn.no,mobility_other,private,,new_listings,502,listings,0,,vend-scraper-v2/daily_filtered
2026-09-04,daily,NO,finn.no,real_estate_homes,,,listings,23170,listings,0,,vend-scraper-v2/daily_filtered
2026-09-04,daily,NO,finn.no,real_estate_homes,,,new_listings,1114,listings,0,,vend-scraper-v2/daily_filtered
2026-09-04,daily,NO,finn.no,real_estate_homes_new,,,listings,18068,listings,0,,vend-scraper-v2/daily_filtered
2026-09-04,daily,NO,finn.no,real_estate_homes_new,,,new_listings,480,listings,0,,vend-scraper-v2/daily_filtered
2026-09-04,daily,NO,finn.no,real_estate_other,,,listings,26970,listings,0,,vend-scraper-v2/daily_filtered
2026-09-04,daily,NO,finn.no,real_estate_other,,,new_listings,581,listings,0,,vend-scraper-v2/daily_filtered
2026-09-04,daily,SE,hemnet.se,real_estate_homes,,,listings,35471,listings,0,,vend-scraper-v2/daily_filtered
2026-09-04,daily,SE,hemnet.se,real_estate_homes,,,new_listings,2443,listings,0,,vend-scraper-v2/daily_filtered
2026-09-04,daily,SE,hemnet.se,real_estate_homes_upcoming,,,listings,5963,listings,0,,vend-scraper-v2/daily_filtered
2026-09-04,daily,NO,hjem.no,real_estate_homes,,,listings,8941,listings,0,,vend-scraper-v2/daily_filtered
2026-09-04,daily,FI,oikotie.fi,real_estate_homes,,,listings,48321,listings,0,,vend-scraper-v2/daily_filtered
2026-09-04,daily,FI,oikotie.fi,real_estate_homes,,,new_listings,860,listings,0,,vend-scraper-v2/daily_filtered
2026-09-04,daily,SE,tradera.com,mobility_cars,dealer,,listings,44733,listings,0,,vend-scraper-v2/daily_filtered
2026-09-04,daily,SE,tradera.com,mobility_cars,private,,listings,2767,listings,0,,vend-scraper-v2/daily_filtered
2026-09-04,daily,SE,wayke.se,mobility_cars,dealer,,listings,50126,listings,0,,vend-scraper-v2/daily_filtered
2026-09-05,daily,DK,bilbasen.dk,mobility_cars,dealer,,listings,47506,listings,0,,vend-scraper-v2/daily_filtered
2026-09-05,daily,DK,bilbasen.dk,mobility_cars,private,,listings,3883,listings,0,,vend-scraper-v2/daily_filtered
2026-09-05,daily,DK,bilhandel.dk,mobility_cars,dealer,,listings,25839,listings,0,,vend-scraper-v2/daily_filtered
2026-09-05,daily,DK,bilhandel.dk,mobility_cars,private,,listings,2082,listings,0,,vend-scraper-v2/daily_filtered
2026-09-05,daily,DK,biltorvet.dk,mobility_cars,dealer,,listings,43752,listings,0,,vend-scraper-v2/daily_filtered
2026-09-05,daily,DK,biltorvet.dk,mobility_cars,private,,listings,1642,listings,0,,vend-scraper-v2/daily_filtered
2026-09-05,daily,SE,blocket.se,mobility_cars,dealer,,listings,119589,listings,0,,vend-scraper-v2/daily_filtered
2026-09-05,daily,SE,blocket.se,mobility_cars,dealer,,new_listings,2535,listings,0,,vend-scraper-v2/daily_filtered
2026-09-05,daily,SE,blocket.se,mobility_cars,private,,listings,25221,listings,0,,vend-scraper-v2/daily_filtered
2026-09-05,daily,SE,blocket.se,mobility_cars,private,,new_listings,1320,listings,0,,vend-scraper-v2/daily_filtered
2026-09-05,daily,SE,blocket.se,mobility_other,dealer,,listings,62594,listings,0,,vend-scraper-v2/daily_filtered
2026-09-05,daily,SE,blocket.se,mobility_other,dealer,,new_listings,540,listings,0,,vend-scraper-v2/daily_filtered
2026-09-05,daily,SE,blocket.se,mobility_other,private,,listings,24529,listings,0,,vend-scraper-v2/daily_filtered
2026-09-05,daily,SE,blocket.se,mobility_other,private,,new_listings,753,listings,0,,vend-scraper-v2/daily_filtered
2026-09-05,daily,FI,etuovi.com,real_estate_homes,,,listings,52719,listings,0,,vend-scraper-v2/daily_filtered
2026-09-05,daily,FI,etuovi.com,real_estate_homes,,,new_listings,247,listings,0,,vend-scraper-v2/daily_filtered
2026-09-05,daily,NO,finn.no,jobs_listings,,,listings,14387,listings,0,,vend-scraper-v2/daily_filtered
2026-09-05,daily,NO,finn.no,jobs_listings,,,new_listings,49,listings,0,,vend-scraper-v2/daily_filtered
2026-09-05,daily,NO,finn.no,jobs_positions,,,listings,28276,listings,0,,vend-scraper-v2/daily_filtered
2026-09-05,daily,NO,finn.no,jobs_positions,,,new_listings,79,listings,0,,vend-scraper-v2/daily_filtered
2026-09-05,daily,NO,finn.no,mobility_cars,dealer,,listings,51901,listings,0,,vend-scraper-v2/daily_filtered
2026-09-05,daily,NO,finn.no,mobility_cars,dealer,,new_listings,445,listings,0,,vend-scraper-v2/daily_filtered
2026-09-05,daily,NO,finn.no,mobility_cars,private,,listings,17371,listings,0,,vend-scraper-v2/daily_filtered
2026-09-05,daily,NO,finn.no,mobility_cars,private,,new_listings,692,listings,0,,vend-scraper-v2/daily_filtered
2026-09-05,daily,NO,finn.no,mobility_other,dealer,,listings,26415,listings,0,,vend-scraper-v2/daily_filtered
2026-09-05,daily,NO,finn.no,mobility_other,dealer,,new_listings,163,listings,0,,vend-scraper-v2/daily_filtered
2026-09-05,daily,NO,finn.no,mobility_other,private,,listings,15646,listings,0,,vend-scraper-v2/daily_filtered
2026-09-05,daily,NO,finn.no,mobility_other,private,,new_listings,480,listings,0,,vend-scraper-v2/daily_filtered
2026-09-05,daily,NO,finn.no,real_estate_homes,,,listings,23002,listings,0,,vend-scraper-v2/daily_filtered
2026-09-05,daily,NO,finn.no,real_estate_homes,,,new_listings,427,listings,0,,vend-scraper-v2/daily_filtered
2026-09-05,daily,NO,finn.no,real_estate_homes_new,,,listings,18062,listings,0,,vend-scraper-v2/daily_filtered
2026-09-05,daily,NO,finn.no,real_estate_homes_new,,,new_listings,763,listings,0,,vend-scraper-v2/daily_filtered
2026-09-05,daily,NO,finn.no,real_estate_other,,,listings,26746,listings,0,,vend-scraper-v2/daily_filtered
2026-09-05,daily,NO,finn.no,real_estate_other,,,new_listings,273,listings,0,,vend-scraper-v2/daily_filtered
2026-09-05,daily,SE,hemnet.se,real_estate_homes,,,listings,35628,listings,0,,vend-scraper-v2/daily_filtered
2026-09-05,daily,SE,hemnet.se,real_estate_homes,,,new_listings,2063,listings,0,,vend-scraper-v2/daily_filtered
2026-09-05,daily,SE,hemnet.se,real_estate_homes_upcoming,,,listings,5951,listings,0,,vend-scraper-v2/daily_filtered
2026-09-05,daily,NO,hjem.no,real_estate_homes,,,listings,8871,listings,0,,vend-scraper-v2/daily_filtered
2026-09-05,daily,FI,oikotie.fi,real_estate_homes,,,listings,48320,listings,0,,vend-scraper-v2/daily_filtered
2026-09-05,daily,FI,oikotie.fi,real_estate_homes,,,new_listings,635,listings,0,,vend-scraper-v2/daily_filtered
2026-09-05,daily,SE,tradera.com,mobility_cars,dealer,,listings,44393,listings,0,,vend-scraper-v2/daily_filtered
2026-09-05,daily,SE,tradera.com,mobility_cars,private,,listings,2761,listings,0,,vend-scraper-v2/daily_filtered
2026-09-05,daily,SE,wayke.se,mobility_cars,dealer,,listings,49784,listings,0,,vend-scraper-v2/daily_filtered
2026-09-06,daily,DK,bilbasen.dk,mobility_cars,dealer,,listings,46912,listings,0,,vend-scraper-v2/daily_filtered
2026-09-06,daily,DK,bilbasen.dk,mobility_cars,private,,listings,3954,listings,0,,vend-scraper-v2/daily_filtered
2026-09-06,daily,DK,bilhandel.dk,mobility_cars,dealer,,listings,25525,listings,0,,vend-scraper-v2/daily_filtered
2026-09-06,daily,DK,bilhandel.dk,mobility_cars,private,,listings,2079,listings,0,,vend-scraper-v2/daily_filtered
2026-09-06,daily,DK,biltorvet.dk,mobility_cars,dealer,,listings,43305,listings,0,,vend-scraper-v2/daily_filtered
2026-09-06,daily,DK,biltorvet.dk,mobility_cars,private,,listings,1650,listings,0,,vend-scraper-v2/daily_filtered
2026-09-06,daily,SE,blocket.se,mobility_cars,dealer,,listings,119347,listings,0,,vend-scraper-v2/daily_filtered
2026-09-06,daily,SE,blocket.se,mobility_cars,dealer,,new_listings,2003,listings,0,,vend-scraper-v2/daily_filtered
2026-09-06,daily,SE,blocket.se,mobility_cars,private,,listings,25401,listings,0,,vend-scraper-v2/daily_filtered
2026-09-06,daily,SE,blocket.se,mobility_cars,private,,new_listings,1454,listings,0,,vend-scraper-v2/daily_filtered
2026-09-06,daily,SE,blocket.se,mobility_other,dealer,,listings,62463,listings,0,,vend-scraper-v2/daily_filtered
2026-09-06,daily,SE,blocket.se,mobility_other,dealer,,new_listings,442,listings,0,,vend-scraper-v2/daily_filtered
2026-09-06,daily,SE,blocket.se,mobility_other,private,,listings,24518,listings,0,,vend-scraper-v2/daily_filtered
2026-09-06,daily,SE,blocket.se,mobility_other,private,,new_listings,1032,listings,0,,vend-scraper-v2/daily_filtered
2026-09-06,daily,FI,etuovi.com,real_estate_homes,,,listings,52665,listings,0,,vend-scraper-v2/daily_filtered
2026-09-06,daily,FI,etuovi.com,real_estate_homes,,,new_listings,162,listings,0,,vend-scraper-v2/daily_filtered
2026-09-06,daily,NO,finn.no,jobs_listings,,,listings,14334,listings,0,,vend-scraper-v2/daily_filtered
2026-09-06,daily,NO,finn.no,jobs_listings,,,new_listings,38,listings,0,,vend-scraper-v2/daily_filtered
2026-09-06,daily,NO,finn.no,jobs_positions,,,listings,28187,listings,0,,vend-scraper-v2/daily_filtered
2026-09-06,daily,NO,finn.no,jobs_positions,,,new_listings,57,listings,0,,vend-scraper-v2/daily_filtered
2026-09-06,daily,NO,finn.no,mobility_cars,dealer,,listings,51098,listings,0,,vend-scraper-v2/daily_filtered
2026-09-06,daily,NO,finn.no,mobility_cars,dealer,,new_listings,367,listings,0,,vend-scraper-v2/daily_filtered
2026-09-06,daily,NO,finn.no,mobility_cars,private,,listings,17614,listings,0,,vend-scraper-v2/daily_filtered
2026-09-06,daily,NO,finn.no,mobility_cars,private,,new_listings,1046,listings,0,,vend-scraper-v2/daily_filtered
2026-09-06,daily,NO,finn.no,mobility_other,dealer,,listings,26110,listings,0,,vend-scraper-v2/daily_filtered
2026-09-06,daily,NO,finn.no,mobility_other,dealer,,new_listings,210,listings,0,,vend-scraper-v2/daily_filtered
2026-09-06,daily,NO,finn.no,mobility_other,private,,listings,15612,listings,0,,vend-scraper-v2/daily_filtered
2026-09-06,daily,NO,finn.no,mobility_other,private,,new_listings,717,listings,0,,vend-scraper-v2/daily_filtered
2026-09-06,daily,NO,finn.no,real_estate_homes,,,listings,22801,listings,0,,vend-scraper-v2/daily_filtered
2026-09-06,daily,NO,finn.no,real_estate_homes,,,new_listings,342,listings,0,,vend-scraper-v2/daily_filtered
2026-09-06,weekly,NO,finn.no,real_estate_homes,,large,package_count,14069,listings,0,,finn-bolig-packages/packages_history
2026-09-06,weekly,NO,finn.no,real_estate_homes,,large,package_share,61.7,pct,0,,finn-bolig-packages/packages_history
2026-09-06,weekly,NO,finn.no,real_estate_homes,,medium,package_count,8072,listings,0,,finn-bolig-packages/packages_history
2026-09-06,weekly,NO,finn.no,real_estate_homes,,medium,package_share,35.4,pct,0,,finn-bolig-packages/packages_history
2026-09-06,weekly,NO,finn.no,real_estate_homes,,small,package_count,659,listings,0,,finn-bolig-packages/packages_history
2026-09-06,weekly,NO,finn.no,real_estate_homes,,small,package_share,2.9,pct,0,,finn-bolig-packages/packages_history
2026-09-06,daily,NO,finn.no,real_estate_homes_new,,,listings,18076,listings,0,,vend-scraper-v2/daily_filtered
2026-09-06,daily,NO,finn.no,real_estate_homes_new,,,new_listings,501,listings,0,,vend-scraper-v2/daily_filtered
2026-09-06,daily,NO,finn.no,real_estate_other,,,listings,26624,listings,0,,vend-scraper-v2/daily_filtered
2026-09-06,daily,NO,finn.no,real_estate_other,,,new_listings,362,listings,0,,vend-scraper-v2/daily_filtered
2026-09-06,daily,SE,hemnet.se,real_estate_homes,,,listings,35597,listings,0,,vend-scraper-v2/daily_filtered
2026-09-06,daily,SE,hemnet.se,real_estate_homes,,,new_listings,901,listings,0,,vend-scraper-v2/daily_filtered
2026-09-06,daily,SE,hemnet.se,real_estate_homes_upcoming,,,listings,5935,listings,0,,vend-scraper-v2/daily_filtered
2026-09-06,daily,NO,hjem.no,real_estate_homes,,,listings,8823,listings,0,,vend-scraper-v2/daily_filtered
2026-09-06,daily,FI,oikotie.fi,real_estate_homes,,,listings,48289,listings,0,,vend-scraper-v2/daily_filtered
2026-09-06,daily,FI,oikotie.fi,real_estate_homes,,,new_listings,365,listings,0,,vend-scraper-v2/daily_filtered
2026-09-06,daily,SE,tradera.com,mobility_cars,dealer,,listings,44184,listings,0,,vend-scraper-v2/daily_filtered
2026-09-06,daily,SE,tradera.com,mobility_cars,private,,listings,2749,listings,0,,vend-scraper-v2/daily_filtered
2026-09-06,daily,SE,wayke.se,mobility_cars,dealer,,listings,49510,listings,0,,vend-scraper-v2/daily_filtered
2026-09-07,daily,DK,bilbasen.dk,mobility_cars,dealer,,listings,47036,listings,0,,vend-scraper-v2/daily_filtered
2026-09-07,daily,DK,bilbasen.dk,mobility_cars,private,,listings,3979,listings,0,,vend-scraper-v2/daily_filtered
2026-09-07,daily,DK,bilhandel.dk,mobility_cars,dealer,,listings,25656,listings,0,,vend-scraper-v2/daily_filtered
2026-09-07,daily,DK,bilhandel.dk,mobility_cars,private,,listings,2095,listings,0,,vend-scraper-v2/daily_filtered
2026-09-07,daily,DK,biltorvet.dk,mobility_cars,dealer,,listings,43475,listings,0,,vend-scraper-v2/daily_filtered
2026-09-07,daily,DK,biltorvet.dk,mobility_cars,private,,listings,1656,listings,0,,vend-scraper-v2/daily_filtered
2026-09-07,daily,SE,blocket.se,mobility_cars,dealer,,listings,119634,listings,0,,vend-scraper-v2/daily_filtered
2026-09-07,daily,SE,blocket.se,mobility_cars,dealer,,new_listings,4990,listings,0,,vend-scraper-v2/daily_filtered
2026-09-07,weekly,SE,blocket.se,mobility_cars,dealer,basis,package_sample_count,8009,sampled_listings,1,,finn-mobility-packages/weekly_package_mix
2026-09-07,weekly,SE,blocket.se,mobility_cars,dealer,basis,package_share,66.3,pct,1,,finn-mobility-packages/weekly_package_mix
2026-09-07,weekly,SE,blocket.se,mobility_cars,dealer,pluss,package_sample_count,295,sampled_listings,1,,finn-mobility-packages/weekly_package_mix
2026-09-07,weekly,SE,blocket.se,mobility_cars,dealer,pluss,package_share,2.4,pct,1,,finn-mobility-packages/weekly_package_mix
2026-09-07,weekly,SE,blocket.se,mobility_cars,dealer,premium,package_sample_count,3781,sampled_listings,1,,finn-mobility-packages/weekly_package_mix
2026-09-07,weekly,SE,blocket.se,mobility_cars,dealer,premium,package_share,31.3,pct,1,,finn-mobility-packages/weekly_package_mix
2026-09-07,daily,SE,blocket.se,mobility_cars,private,,listings,25484,listings,0,,vend-scraper-v2/daily_filtered
2026-09-07,daily,SE,blocket.se,mobility_cars,private,,new_listings,1223,listings,0,,vend-scraper-v2/daily_filtered
2026-09-07,daily,SE,blocket.se,mobility_other,dealer,,listings,62616,listings,0,,vend-scraper-v2/daily_filtered
2026-09-07,daily,SE,blocket.se,mobility_other,dealer,,new_listings,1754,listings,0,,vend-scraper-v2/daily_filtered
2026-09-07,daily,SE,blocket.se,mobility_other,private,,listings,24448,listings,0,,vend-scraper-v2/daily_filtered
2026-09-07,daily,SE,blocket.se,mobility_other,private,,new_listings,695,listings,0,,vend-scraper-v2/daily_filtered
2026-09-07,daily,FI,etuovi.com,real_estate_homes,,,listings,52606,listings,0,,vend-scraper-v2/daily_filtered
2026-09-07,daily,FI,etuovi.com,real_estate_homes,,,new_listings,354,listings,0,,vend-scraper-v2/daily_filtered
2026-09-07,daily,NO,finn.no,jobs_listings,,,listings,14155,listings,0,,vend-scraper-v2/daily_filtered
2026-09-07,daily,NO,finn.no,jobs_listings,,,new_listings,921,listings,0,,vend-scraper-v2/daily_filtered
2026-09-07,daily,NO,finn.no,jobs_positions,,,listings,28048,listings,0,,vend-scraper-v2/daily_filtered
2026-09-07,daily,NO,finn.no,jobs_positions,,,new_listings,1674,listings,0,,vend-scraper-v2/daily_filtered
2026-09-07,daily,NO,finn.no,mobility_cars,dealer,,listings,50985,listings,0,,vend-scraper-v2/daily_filtered
2026-09-07,daily,NO,finn.no,mobility_cars,dealer,,new_listings,1811,listings,0,,vend-scraper-v2/daily_filtered
2026-09-07,weekly,NO,finn.no,mobility_cars,dealer,basis,package_sample_count,1611,sampled_listings,1,,finn-mobility-packages/weekly_package_mix
2026-09-07,weekly,NO,finn.no,mobility_cars,dealer,basis,package_share,31,pct,1,,finn-mobility-packages/weekly_package_mix
2026-09-07,weekly,NO,finn.no,mobility_cars,dealer,pluss,package_sample_count,1499,sampled_listings,1,,finn-mobility-packages/weekly_package_mix
2026-09-07,weekly,NO,finn.no,mobility_cars,dealer,pluss,package_share,28.9,pct,1,,finn-mobility-packages/weekly_package_mix
2026-09-07,weekly,NO,finn.no,mobility_cars,dealer,premium,package_sample_count,2079,sampled_listings,1,,finn-mobility-packages/weekly_package_mix
2026-09-07,weekly,NO,finn.no,mobility_cars,dealer,premium,package_share,40.1,pct,1,,finn-mobility-packages/weekly_package_mix
2026-09-07,daily,NO,finn.no,mobility_cars,private,,listings,17821,listings,0,,vend-scraper-v2/daily_filtered
2026-09-07,daily,NO,finn.no,mobility_cars,private,,new_listings,1218,listings,0,,vend-scraper-v2/daily_filtered
2026-09-07,daily,NO,finn.no,mobility_other,dealer,,listings,26048,listings,0,,vend-scraper-v2/daily_filtered
2026-09-07,daily,NO,finn.no,mobility_other,dealer,,new_listings,715,listings,0,,vend-scraper-v2/daily_filtered
2026-09-07,daily,NO,finn.no,mobility_other,private,,listings,15613,listings,0,,vend-scraper-v2/daily_filtered
2026-09-07,daily,NO,finn.no,mobility_other,private,,new_listings,830,listings,0,,vend-scraper-v2/daily_filtered
2026-09-07,daily,NO,finn.no,real_estate_homes,,,listings,22654,listings,0,,vend-scraper-v2/daily_filtered
2026-09-07,daily,NO,finn.no,real_estate_homes,,,new_listings,749,listings,0,,vend-scraper-v2/daily_filtered
2026-09-07,daily,NO,finn.no,real_estate_homes_new,,,listings,18045,listings,0,,vend-scraper-v2/daily_filtered
2026-09-07,daily,NO,finn.no,real_estate_homes_new,,,new_listings,605,listings,0,,vend-scraper-v2/daily_filtered
2026-09-07,daily,NO,finn.no,real_estate_other,,,listings,26657,listings,0,,vend-scraper-v2/daily_filtered
2026-09-07,daily,NO,finn.no,real_estate_other,,,new_listings,643,listings,0,,vend-scraper-v2/daily_filtered
2026-09-07,daily,SE,hemnet.se,real_estate_homes,,,listings,35389,listings,0,,vend-scraper-v2/daily_filtered
2026-09-07,daily,SE,hemnet.se,real_estate_homes,,,new_listings,1460,listings,0,,vend-scraper-v2/daily_filtered
2026-09-07,daily,SE,hemnet.se,real_estate_homes_upcoming,,,listings,5897,listings,0,,vend-scraper-v2/daily_filtered
2026-09-07,daily,NO,hjem.no,real_estate_homes,,,listings,8798,listings,0,,vend-scraper-v2/daily_filtered
2026-09-07,daily,FI,oikotie.fi,real_estate_homes,,,listings,48234,listings,0,,vend-scraper-v2/daily_filtered
2026-09-07,daily,FI,oikotie.fi,real_estate_homes,,,new_listings,469,listings,0,,vend-scraper-v2/daily_filtered
2026-09-07,daily,SE,tradera.com,mobility_cars,dealer,,listings,44397,listings,0,,vend-scraper-v2/daily_filtered
2026-09-07,daily,SE,tradera.com,mobility_cars,private,,listings,2761,listings,0,,vend-scraper-v2/daily_filtered
2026-09-07,daily,SE,wayke.se,mobility_cars,dealer,,listings,49663,listings,0,,vend-scraper-v2/daily_filtered
2026-09-08,daily,DK,bilbasen.dk,mobility_cars,dealer,,listings,47245,listings,0,,vend-scraper-v2/daily_filtered
2026-09-08,daily,DK,bilbasen.dk,mobility_cars,private,,listings,3965,listings,0,,vend-scraper-v2/daily_filtered
2026-09-08,daily,DK,bilhandel.dk,mobility_cars,dealer,,listings,25928,listings,0,,vend-scraper-v2/daily_filtered
2026-09-08,daily,DK,bilhandel.dk,mobility_cars,private,,listings,2098,listings,0,,vend-scraper-v2/daily_filtered
2026-09-08,daily,DK,biltorvet.dk,mobility_cars,dealer,,listings,43643,listings,0,,vend-scraper-v2/daily_filtered
2026-09-08,daily,DK,biltorvet.dk,mobility_cars,private,,listings,1682,listings,0,,vend-scraper-v2/daily_filtered
2026-09-08,daily,SE,blocket.se,mobility_cars,dealer,,listings,120267,listings,0,,vend-scraper-v2/daily_filtered
2026-09-08,daily,SE,blocket.se,mobility_cars,dealer,,new_listings,5187,listings,0,,vend-scraper-v2/daily_filtered
2026-09-08,daily,SE,blocket.se,mobility_cars,private,,listings,25499,listings,0,,vend-scraper-v2/daily_filtered
2026-09-08,daily,SE,blocket.se,mobility_cars,private,,new_listings,1160,listings,0,,vend-scraper-v2/daily_filtered
2026-09-08,daily,SE,blocket.se,mobility_other,dealer,,listings,62600,listings,0,,vend-scraper-v2/daily_filtered
2026-09-08,daily,SE,blocket.se,mobility_other,dealer,,new_listings,1469,listings,0,,vend-scraper-v2/daily_filtered
2026-09-08,daily,SE,blocket.se,mobility_other,private,,listings,24400,listings,0,,vend-scraper-v2/daily_filtered
2026-09-08,daily,SE,blocket.se,mobility_other,private,,new_listings,682,listings,0,,vend-scraper-v2/daily_filtered
2026-09-08,daily,FI,etuovi.com,real_estate_homes,,,listings,52648,listings,0,,vend-scraper-v2/daily_filtered
2026-09-08,daily,FI,etuovi.com,real_estate_homes,,,new_listings,517,listings,0,,vend-scraper-v2/daily_filtered
2026-09-08,daily,NO,finn.no,jobs_listings,,,listings,14400,listings,0,,vend-scraper-v2/daily_filtered
2026-09-08,daily,NO,finn.no,jobs_listings,,,new_listings,798,listings,0,,vend-scraper-v2/daily_filtered
2026-09-08,daily,NO,finn.no,jobs_positions,,,listings,28639,listings,0,,vend-scraper-v2/daily_filtered
2026-09-08,daily,NO,finn.no,jobs_positions,,,new_listings,1493,listings,0,,vend-scraper-v2/daily_filtered
2026-09-08,daily,NO,finn.no,mobility_cars,dealer,,listings,51517,listings,0,,vend-scraper-v2/daily_filtered
2026-09-08,daily,NO,finn.no,mobility_cars,dealer,,new_listings,2231,listings,0,,vend-scraper-v2/daily_filtered
2026-09-08,daily,NO,finn.no,mobility_cars,private,,listings,17856,listings,0,,vend-scraper-v2/daily_filtered
2026-09-08,daily,NO,finn.no,mobility_cars,private,,new_listings,951,listings,0,,vend-scraper-v2/daily_filtered
2026-09-08,daily,NO,finn.no,mobility_other,dealer,,listings,26212,listings,0,,vend-scraper-v2/daily_filtered
2026-09-08,daily,NO,finn.no,mobility_other,dealer,,new_listings,875,listings,0,,vend-scraper-v2/daily_filtered
2026-09-08,daily,NO,finn.no,mobility_other,private,,listings,15417,listings,0,,vend-scraper-v2/daily_filtered
2026-09-08,daily,NO,finn.no,mobility_other,private,,new_listings,597,listings,0,,vend-scraper-v2/daily_filtered
2026-09-08,daily,NO,finn.no,real_estate_homes,,,listings,22994,listings,0,,vend-scraper-v2/daily_filtered
2026-09-08,daily,NO,finn.no,real_estate_homes,,,new_listings,677,listings,0,,vend-scraper-v2/daily_filtered
2026-09-08,daily,NO,finn.no,real_estate_homes_new,,,listings,18079,listings,0,,vend-scraper-v2/daily_filtered
2026-09-08,daily,NO,finn.no,real_estate_homes_new,,,new_listings,715,listings,0,,vend-scraper-v2/daily_filtered
2026-09-08,daily,NO,finn.no,real_estate_other,,,listings,26702,listings,0,,vend-scraper-v2/daily_filtered
2026-09-08,daily,NO,finn.no,real_estate_other,,,new_listings,576,listings,0,,vend-scraper-v2/daily_filtered
2026-09-08,daily,SE,hemnet.se,real_estate_homes,,,listings,35173,listings,0,,vend-scraper-v2/daily_filtered
2026-09-08,daily,SE,hemnet.se,real_estate_homes,,,new_listings,1835,listings,0,,vend-scraper-v2/daily_filtered
2026-09-08,daily,SE,hemnet.se,real_estate_homes_upcoming,,,listings,5956,listings,0,,vend-scraper-v2/daily_filtered
2026-09-08,daily,NO,hjem.no,real_estate_homes,,,listings,8923,listings,0,,vend-scraper-v2/daily_filtered
2026-09-08,daily,FI,oikotie.fi,real_estate_homes,,,listings,48247,listings,0,,vend-scraper-v2/daily_filtered
2026-09-08,daily,FI,oikotie.fi,real_estate_homes,,,new_listings,714,listings,0,,vend-scraper-v2/daily_filtered
2026-09-08,daily,SE,tradera.com,mobility_cars,dealer,,listings,44491,listings,0,,vend-scraper-v2/daily_filtered
2026-09-08,daily,SE,tradera.com,mobility_cars,private,,listings,2780,listings,0,,vend-scraper-v2/daily_filtered
2026-09-08,daily,SE,wayke.se,mobility_cars,dealer,,listings,50344,listings,0,,vend-scraper-v2/daily_filtered
2026-09-09,daily,DK,bilbasen.dk,mobility_cars,dealer,,listings,47446,listings,0,,vend-scraper-v2/daily_filtered
2026-09-09,daily,DK,bilbasen.dk,mobility_cars,private,,listings,3998,listings,0,,vend-scraper-v2/daily_filtered
2026-09-09,daily,DK,bilhandel.dk,mobility_cars,dealer,,listings,26069,listings,0,,vend-scraper-v2/daily_filtered
2026-09-09,daily,DK,bilhandel.dk,mobility_cars,private,,listings,2099,listings,0,,vend-scraper-v2/daily_filtered
2026-09-09,daily,DK,biltorvet.dk,mobility_cars,dealer,,listings,43774,listings,0,,vend-scraper-v2/daily_filtered
2026-09-09,daily,DK,biltorvet.dk,mobility_cars,private,,listings,1687,listings,0,,vend-scraper-v2/daily_filtered
2026-09-09,daily,SE,blocket.se,mobility_cars,dealer,,listings,120923,listings,0,,vend-scraper-v2/daily_filtered
2026-09-09,daily,SE,blocket.se,mobility_cars,dealer,,new_listings,5303,listings,0,,vend-scraper-v2/daily_filtered
2026-09-09,daily,SE,blocket.se,mobility_cars,private,,listings,25535,listings,0,,vend-scraper-v2/daily_filtered
2026-09-09,daily,SE,blocket.se,mobility_cars,private,,new_listings,1127,listings,0,,vend-scraper-v2/daily_filtered
2026-09-09,daily,SE,blocket.se,mobility_other,dealer,,listings,62739,listings,0,,vend-scraper-v2/daily_filtered
2026-09-09,daily,SE,blocket.se,mobility_other,dealer,,new_listings,1366,listings,0,,vend-scraper-v2/daily_filtered
2026-09-09,daily,SE,blocket.se,mobility_other,private,,listings,24338,listings,0,,vend-scraper-v2/daily_filtered
2026-09-09,daily,SE,blocket.se,mobility_other,private,,new_listings,640,listings,0,,vend-scraper-v2/daily_filtered
2026-09-09,daily,FI,etuovi.com,real_estate_homes,,,listings,52608,listings,0,,vend-scraper-v2/daily_filtered
2026-09-09,daily,FI,etuovi.com,real_estate_homes,,,new_listings,468,listings,0,,vend-scraper-v2/daily_filtered
2026-09-09,daily,NO,finn.no,jobs_listings,,,listings,14694,listings,0,,vend-scraper-v2/daily_filtered
2026-09-09,daily,NO,finn.no,jobs_listings,,,new_listings,718,listings,0,,vend-scraper-v2/daily_filtered
2026-09-09,daily,NO,finn.no,jobs_positions,,,listings,29230,listings,0,,vend-scraper-v2/daily_filtered
2026-09-09,daily,NO,finn.no,jobs_positions,,,new_listings,1384,listings,0,,vend-scraper-v2/daily_filtered
2026-09-09,daily,NO,finn.no,mobility_cars,dealer,,listings,52555,listings,0,,vend-scraper-v2/daily_filtered
2026-09-09,daily,NO,finn.no,mobility_cars,dealer,,new_listings,1955,listings,0,,vend-scraper-v2/daily_filtered
2026-09-09,daily,NO,finn.no,mobility_cars,private,,listings,17751,listings,0,,vend-scraper-v2/daily_filtered
2026-09-09,daily,NO,finn.no,mobility_cars,private,,new_listings,879,listings,0,,vend-scraper-v2/daily_filtered
2026-09-09,daily,NO,finn.no,mobility_other,dealer,,listings,26302,listings,0,,vend-scraper-v2/daily_filtered
2026-09-09,daily,NO,finn.no,mobility_other,dealer,,new_listings,713,listings,0,,vend-scraper-v2/daily_filtered
2026-09-09,daily,NO,finn.no,mobility_other,private,,listings,15250,listings,0,,vend-scraper-v2/daily_filtered
2026-09-09,daily,NO,finn.no,mobility_other,private,,new_listings,595,listings,0,,vend-scraper-v2/daily_filtered
2026-09-09,daily,NO,finn.no,real_estate_homes,,,listings,23285,listings,0,,vend-scraper-v2/daily_filtered
2026-09-09,daily,NO,finn.no,real_estate_homes,,,new_listings,540,listings,0,,vend-scraper-v2/daily_filtered
2026-09-09,daily,NO,finn.no,real_estate_homes_new,,,listings,18070,listings,0,,vend-scraper-v2/daily_filtered
2026-09-09,daily,NO,finn.no,real_estate_homes_new,,,new_listings,592,listings,0,,vend-scraper-v2/daily_filtered
2026-09-09,daily,NO,finn.no,real_estate_other,,,listings,26729,listings,0,,vend-scraper-v2/daily_filtered
2026-09-09,daily,NO,finn.no,real_estate_other,,,new_listings,528,listings,0,,vend-scraper-v2/daily_filtered
2026-09-09,daily,SE,hemnet.se,real_estate_homes,,,listings,34980,listings,0,,vend-scraper-v2/daily_filtered
2026-09-09,daily,SE,hemnet.se,real_estate_homes,,,new_listings,1701,listings,0,,vend-scraper-v2/daily_filtered
2026-09-09,daily,SE,hemnet.se,real_estate_homes_upcoming,,,listings,6006,listings,0,,vend-scraper-v2/daily_filtered
2026-09-09,daily,NO,hjem.no,real_estate_homes,,,listings,9037,listings,0,,vend-scraper-v2/daily_filtered
2026-09-09,daily,FI,oikotie.fi,real_estate_homes,,,listings,48208,listings,0,,vend-scraper-v2/daily_filtered
2026-09-09,daily,FI,oikotie.fi,real_estate_homes,,,new_listings,800,listings,0,,vend-scraper-v2/daily_filtered
2026-09-09,daily,SE,tradera.com,mobility_cars,dealer,,listings,45140,listings,0,,vend-scraper-v2/daily_filtered
2026-09-09,daily,SE,tradera.com,mobility_cars,private,,listings,2788,listings,0,,vend-scraper-v2/daily_filtered
2026-09-09,daily,SE,wayke.se,mobility_cars,dealer,,listings,50791,listings,0,,vend-scraper-v2/daily_filtered
2026-09-10,daily,DK,bilbasen.dk,mobility_cars,dealer,,listings,47773,listings,0,,vend-scraper-v2/daily_filtered
2026-09-10,daily,DK,bilbasen.dk,mobility_cars,private,,listings,3980,listings,0,,vend-scraper-v2/daily_filtered
2026-09-10,daily,DK,bilhandel.dk,mobility_cars,dealer,,listings,26242,listings,0,,vend-scraper-v2/daily_filtered
2026-09-10,daily,DK,bilhandel.dk,mobility_cars,private,,listings,2103,listings,0,,vend-scraper-v2/daily_filtered
2026-09-10,daily,DK,biltorvet.dk,mobility_cars,dealer,,listings,44056,listings,0,,vend-scraper-v2/daily_filtered
2026-09-10,daily,DK,biltorvet.dk,mobility_cars,private,,listings,1707,listings,0,,vend-scraper-v2/daily_filtered
2026-09-10,daily,SE,blocket.se,mobility_cars,dealer,,listings,121368,listings,0,,vend-scraper-v2/daily_filtered
2026-09-10,daily,SE,blocket.se,mobility_cars,dealer,,new_listings,5288,listings,0,,vend-scraper-v2/daily_filtered
2026-09-10,daily,SE,blocket.se,mobility_cars,private,,listings,25480,listings,0,,vend-scraper-v2/daily_filtered
2026-09-10,daily,SE,blocket.se,mobility_cars,private,,new_listings,1022,listings,0,,vend-scraper-v2/daily_filtered
2026-09-10,daily,SE,blocket.se,mobility_other,dealer,,listings,62801,listings,0,,vend-scraper-v2/daily_filtered
2026-09-10,daily,SE,blocket.se,mobility_other,dealer,,new_listings,1355,listings,0,,vend-scraper-v2/daily_filtered
2026-09-10,daily,SE,blocket.se,mobility_other,private,,listings,24202,listings,0,,vend-scraper-v2/daily_filtered
2026-09-10,daily,SE,blocket.se,mobility_other,private,,new_listings,623,listings,0,,vend-scraper-v2/daily_filtered
2026-09-10,daily,FI,etuovi.com,real_estate_homes,,,listings,52620,listings,0,,vend-scraper-v2/daily_filtered
2026-09-10,daily,FI,etuovi.com,real_estate_homes,,,new_listings,487,listings,0,,vend-scraper-v2/daily_filtered
2026-09-10,daily,NO,finn.no,jobs_listings,,,listings,15121,listings,0,,vend-scraper-v2/daily_filtered
2026-09-10,daily,NO,finn.no,jobs_listings,,,new_listings,782,listings,0,,vend-scraper-v2/daily_filtered
2026-09-10,daily,NO,finn.no,jobs_positions,,,listings,30117,listings,0,,vend-scraper-v2/daily_filtered
2026-09-10,daily,NO,finn.no,jobs_positions,,,new_listings,1469,listings,0,,vend-scraper-v2/daily_filtered
2026-09-10,daily,NO,finn.no,mobility_cars,dealer,,listings,52625,listings,0,,vend-scraper-v2/daily_filtered
2026-09-10,daily,NO,finn.no,mobility_cars,dealer,,new_listings,2256,listings,0,,vend-scraper-v2/daily_filtered
2026-09-10,daily,NO,finn.no,mobility_cars,private,,listings,17710,listings,0,,vend-scraper-v2/daily_filtered
2026-09-10,daily,NO,finn.no,mobility_cars,private,,new_listings,903,listings,0,,vend-scraper-v2/daily_filtered
2026-09-10,daily,NO,finn.no,mobility_other,dealer,,listings,26351,listings,0,,vend-scraper-v2/daily_filtered
2026-09-10,daily,NO,finn.no,mobility_other,dealer,,new_listings,782,listings,0,,vend-scraper-v2/daily_filtered
2026-09-10,daily,NO,finn.no,mobility_other,private,,listings,15118,listings,0,,vend-scraper-v2/daily_filtered
2026-09-10,daily,NO,finn.no,mobility_other,private,,new_listings,574,listings,0,,vend-scraper-v2/daily_filtered
2026-09-10,daily,NO,finn.no,real_estate_homes,,,listings,23210,listings,0,,vend-scraper-v2/daily_filtered
2026-09-10,daily,NO,finn.no,real_estate_homes,,,new_listings,593,listings,0,,vend-scraper-v2/daily_filtered
2026-09-10,daily,NO,finn.no,real_estate_homes_new,,,listings,18050,listings,0,,vend-scraper-v2/daily_filtered
2026-09-10,daily,NO,finn.no,real_estate_homes_new,,,new_listings,639,listings,0,,vend-scraper-v2/daily_filtered
2026-09-10,daily,NO,finn.no,real_estate_other,,,listings,26616,listings,0,,vend-scraper-v2/daily_filtered
2026-09-10,daily,NO,finn.no,real_estate_other,,,new_listings,493,listings,0,,vend-scraper-v2/daily_filtered
2026-09-10,daily,SE,hemnet.se,real_estate_homes,,,listings,34794,listings,0,,vend-scraper-v2/daily_filtered
2026-09-10,daily,SE,hemnet.se,real_estate_homes,,,new_listings,1757,listings,0,,vend-scraper-v2/daily_filtered
2026-09-10,daily,SE,hemnet.se,real_estate_homes_upcoming,,,listings,6038,listings,0,,vend-scraper-v2/daily_filtered
2026-09-10,daily,NO,hjem.no,real_estate_homes,,,listings,8968,listings,0,,vend-scraper-v2/daily_filtered
2026-09-10,daily,FI,oikotie.fi,real_estate_homes,,,listings,48221,listings,0,,vend-scraper-v2/daily_filtered
2026-09-10,daily,FI,oikotie.fi,real_estate_homes,,,new_listings,798,listings,0,,vend-scraper-v2/daily_filtered
2026-09-10,daily,SE,tradera.com,mobility_cars,dealer,,listings,45518,listings,0,,vend-scraper-v2/daily_filtered
2026-09-10,daily,SE,tradera.com,mobility_cars,private,,listings,2790,listings,0,,vend-scraper-v2/daily_filtered
2026-09-10,daily,SE,wayke.se,mobility_cars,dealer,,listings,51059,listings,0,,vend-scraper-v2/daily_filtered
2026-09-11,daily,DK,bilbasen.dk,mobility_cars,dealer,,listings,48034,listings,0,,vend-scraper-v2/daily_filtered
2026-09-11,daily,DK,bilbasen.dk,mobility_cars,private,,listings,3964,listings,0,,vend-scraper-v2/daily_filtered
2026-09-11,daily,DK,bilhandel.dk,mobility_cars,dealer,,listings,26574,listings,0,,vend-scraper-v2/daily_filtered
2026-09-11,daily,DK,bilhandel.dk,mobility_cars,private,,listings,2113,listings,0,,vend-scraper-v2/daily_filtered
2026-09-11,daily,DK,biltorvet.dk,mobility_cars,dealer,,listings,44378,listings,0,,vend-scraper-v2/daily_filtered
2026-09-11,daily,DK,biltorvet.dk,mobility_cars,private,,listings,1709,listings,0,,vend-scraper-v2/daily_filtered
2026-09-11,daily,SE,blocket.se,mobility_cars,dealer,,listings,122191,listings,0,,vend-scraper-v2/daily_filtered
2026-09-11,daily,SE,blocket.se,mobility_cars,dealer,,new_listings,5914,listings,0,,vend-scraper-v2/daily_filtered
2026-09-11,daily,SE,blocket.se,mobility_cars,private,,listings,25438,listings,0,,vend-scraper-v2/daily_filtered
2026-09-11,daily,SE,blocket.se,mobility_cars,private,,new_listings,1127,listings,0,,vend-scraper-v2/daily_filtered
2026-09-11,daily,SE,blocket.se,mobility_other,dealer,,listings,62765,listings,0,,vend-scraper-v2/daily_filtered
2026-09-11,daily,SE,blocket.se,mobility_other,dealer,,new_listings,1952,listings,0,,vend-scraper-v2/daily_filtered
2026-09-11,daily,SE,blocket.se,mobility_other,private,,listings,23963,listings,0,,vend-scraper-v2/daily_filtered
2026-09-11,daily,SE,blocket.se,mobility_other,private,,new_listings,585,listings,0,,vend-scraper-v2/daily_filtered
2026-09-11,daily,FI,etuovi.com,real_estate_homes,,,listings,52735,listings,0,,vend-scraper-v2/daily_filtered
2026-09-11,daily,FI,etuovi.com,real_estate_homes,,,new_listings,557,listings,0,,vend-scraper-v2/daily_filtered
2026-09-11,daily,NO,finn.no,jobs_listings,,,listings,15447,listings,0,,vend-scraper-v2/daily_filtered
2026-09-11,daily,NO,finn.no,jobs_listings,,,new_listings,855,listings,0,,vend-scraper-v2/daily_filtered
2026-09-11,daily,NO,finn.no,jobs_positions,,,listings,30731,listings,0,,vend-scraper-v2/daily_filtered
2026-09-11,daily,NO,finn.no,jobs_positions,,,new_listings,1647,listings,0,,vend-scraper-v2/daily_filtered
2026-09-11,daily,NO,finn.no,mobility_cars,dealer,,listings,52866,listings,0,,vend-scraper-v2/daily_filtered
2026-09-11,daily,NO,finn.no,mobility_cars,dealer,,new_listings,1934,listings,0,,vend-scraper-v2/daily_filtered
2026-09-11,daily,NO,finn.no,mobility_cars,private,,listings,17602,listings,0,,vend-scraper-v2/daily_filtered
2026-09-11,daily,NO,finn.no,mobility_cars,private,,new_listings,804,listings,0,,vend-scraper-v2/daily_filtered
2026-09-11,daily,NO,finn.no,mobility_other,dealer,,listings,26532,listings,0,,vend-scraper-v2/daily_filtered
2026-09-11,daily,NO,finn.no,mobility_other,dealer,,new_listings,614,listings,0,,vend-scraper-v2/daily_filtered
2026-09-11,daily,NO,finn.no,mobility_other,private,,listings,14911,listings,0,,vend-scraper-v2/daily_filtered
2026-09-11,daily,NO,finn.no,mobility_other,private,,new_listings,465,listings,0,,vend-scraper-v2/daily_filtered
2026-09-11,daily,NO,finn.no,real_estate_homes,,,listings,23430,listings,0,,vend-scraper-v2/daily_filtered
2026-09-11,daily,NO,finn.no,real_estate_homes,,,new_listings,1154,listings,0,,vend-scraper-v2/daily_filtered
2026-09-11,daily,NO,finn.no,real_estate_homes_new,,,listings,18019,listings,0,,vend-scraper-v2/daily_filtered
2026-09-11,daily,NO,finn.no,real_estate_homes_new,,,new_listings,550,listings,0,,vend-scraper-v2/daily_filtered
2026-09-11,daily,NO,finn.no,real_estate_other,,,listings,26590,listings,0,,vend-scraper-v2/daily_filtered
2026-09-11,daily,NO,finn.no,real_estate_other,,,new_listings,503,listings,0,,vend-scraper-v2/daily_filtered
2026-09-11,daily,SE,hemnet.se,real_estate_homes,,,listings,35302,listings,0,,vend-scraper-v2/daily_filtered
2026-09-11,daily,SE,hemnet.se,real_estate_homes,,,new_listings,2572,listings,0,,vend-scraper-v2/daily_filtered
2026-09-11,daily,SE,hemnet.se,real_estate_homes_upcoming,,,listings,5934,listings,0,,vend-scraper-v2/daily_filtered
2026-09-11,daily,NO,hjem.no,real_estate_homes,,,listings,9116,listings,0,,vend-scraper-v2/daily_filtered
2026-09-11,daily,FI,oikotie.fi,real_estate_homes,,,listings,48307,listings,0,,vend-scraper-v2/daily_filtered
2026-09-11,daily,FI,oikotie.fi,real_estate_homes,,,new_listings,879,listings,0,,vend-scraper-v2/daily_filtered
2026-09-11,daily,SE,tradera.com,mobility_cars,dealer,,listings,45939,listings,0,,vend-scraper-v2/daily_filtered
2026-09-11,daily,SE,tradera.com,mobility_cars,private,,listings,2793,listings,0,,vend-scraper-v2/daily_filtered
2026-09-11,daily,SE,wayke.se,mobility_cars,dealer,,listings,51441,listings,0,,vend-scraper-v2/daily_filtered
2026-09-12,daily,DK,bilbasen.dk,mobility_cars,dealer,,listings,47942,listings,0,,vend-scraper-v2/daily_filtered
2026-09-12,daily,DK,bilbasen.dk,mobility_cars,private,,listings,4006,listings,0,,vend-scraper-v2/daily_filtered
2026-09-12,daily,DK,bilhandel.dk,mobility_cars,dealer,,listings,26508,listings,0,,vend-scraper-v2/daily_filtered
2026-09-12,daily,DK,bilhandel.dk,mobility_cars,private,,listings,2108,listings,0,,vend-scraper-v2/daily_filtered
2026-09-12,daily,DK,biltorvet.dk,mobility_cars,dealer,,listings,44283,listings,0,,vend-scraper-v2/daily_filtered
2026-09-12,daily,DK,biltorvet.dk,mobility_cars,private,,listings,1708,listings,0,,vend-scraper-v2/daily_filtered
2026-09-12,daily,SE,blocket.se,mobility_cars,dealer,,listings,121516,listings,0,,vend-scraper-v2/daily_filtered
2026-09-12,daily,SE,blocket.se,mobility_cars,dealer,,new_listings,2353,listings,0,,vend-scraper-v2/daily_filtered
2026-09-12,daily,SE,blocket.se,mobility_cars,private,,listings,25492,listings,0,,vend-scraper-v2/daily_filtered
2026-09-12,daily,SE,blocket.se,mobility_cars,private,,new_listings,1341,listings,0,,vend-scraper-v2/daily_filtered
2026-09-12,daily,SE,blocket.se,mobility_other,dealer,,listings,62718,listings,0,,vend-scraper-v2/daily_filtered
2026-09-12,daily,SE,blocket.se,mobility_other,dealer,,new_listings,502,listings,0,,vend-scraper-v2/daily_filtered
2026-09-12,daily,SE,blocket.se,mobility_other,private,,listings,23775,listings,0,,vend-scraper-v2/daily_filtered
2026-09-12,daily,SE,blocket.se,mobility_other,private,,new_listings,713,listings,0,,vend-scraper-v2/daily_filtered
2026-09-12,daily,FI,etuovi.com,real_estate_homes,,,listings,52718,listings,0,,vend-scraper-v2/daily_filtered
2026-09-12,daily,FI,etuovi.com,real_estate_homes,,,new_listings,210,listings,0,,vend-scraper-v2/daily_filtered
2026-09-12,daily,NO,finn.no,jobs_listings,,,listings,15065,listings,0,,vend-scraper-v2/daily_filtered
2026-09-12,daily,NO,finn.no,jobs_listings,,,new_listings,32,listings,0,,vend-scraper-v2/daily_filtered
2026-09-12,daily,NO,finn.no,jobs_positions,,,listings,29900,listings,0,,vend-scraper-v2/daily_filtered
2026-09-12,daily,NO,finn.no,jobs_positions,,,new_listings,61,listings,0,,vend-scraper-v2/daily_filtered
2026-09-12,daily,NO,finn.no,mobility_cars,dealer,,listings,52289,listings,0,,vend-scraper-v2/daily_filtered
2026-09-12,daily,NO,finn.no,mobility_cars,dealer,,new_listings,589,listings,0,,vend-scraper-v2/daily_filtered
2026-09-12,daily,NO,finn.no,mobility_cars,private,,listings,17596,listings,0,,vend-scraper-v2/daily_filtered
2026-09-12,daily,NO,finn.no,mobility_cars,private,,new_listings,802,listings,0,,vend-scraper-v2/daily_filtered
2026-09-12,daily,NO,finn.no,mobility_other,dealer,,listings,26448,listings,0,,vend-scraper-v2/daily_filtered
2026-09-12,daily,NO,finn.no,mobility_other,dealer,,new_listings,261,listings,0,,vend-scraper-v2/daily_filtered
2026-09-12,daily,NO,finn.no,mobility_other,private,,listings,14750,listings,0,,vend-scraper-v2/daily_filtered
2026-09-12,daily,NO,finn.no,mobility_other,private,,new_listings,511,listings,0,,vend-scraper-v2/daily_filtered
2026-09-12,daily,NO,finn.no,real_estate_homes,,,listings,23305,listings,0,,vend-scraper-v2/daily_filtered
2026-09-12,daily,NO,finn.no,real_estate_homes,,,new_listings,387,listings,0,,vend-scraper-v2/daily_filtered
2026-09-12,daily,NO,finn.no,real_estate_homes_new,,,listings,18018,listings,0,,vend-scraper-v2/daily_filtered
2026-09-12,daily,NO,finn.no,real_estate_homes_new,,,new_listings,436,listings,0,,vend-scraper-v2/daily_filtered
2026-09-12,daily,NO,finn.no,real_estate_other,,,listings,26494,listings,0,,vend-scraper-v2/daily_filtered
2026-09-12,daily,NO,finn.no,real_estate_other,,,new_listings,320,listings,0,,vend-scraper-v2/daily_filtered
2026-09-12,daily,SE,hemnet.se,real_estate_homes,,,listings,35425,listings,0,,vend-scraper-v2/daily_filtered
2026-09-12,daily,SE,hemnet.se,real_estate_homes,,,new_listings,2195,listings,0,,vend-scraper-v2/daily_filtered
2026-09-12,daily,SE,hemnet.se,real_estate_homes_upcoming,,,listings,5923,listings,0,,vend-scraper-v2/daily_filtered
2026-09-12,daily,NO,hjem.no,real_estate_homes,,,listings,9062,listings,0,,vend-scraper-v2/daily_filtered
2026-09-12,daily,FI,oikotie.fi,real_estate_homes,,,listings,48255,listings,0,,vend-scraper-v2/daily_filtered
2026-09-12,daily,FI,oikotie.fi,real_estate_homes,,,new_listings,629,listings,0,,vend-scraper-v2/daily_filtered
2026-09-12,daily,SE,tradera.com,mobility_cars,dealer,,listings,45509,listings,0,,vend-scraper-v2/daily_filtered
2026-09-12,daily,SE,tradera.com,mobility_cars,private,,listings,2792,listings,0,,vend-scraper-v2/daily_filtered
2026-09-12,daily,SE,wayke.se,mobility_cars,dealer,,listings,51048,listings,0,,vend-scraper-v2/daily_filtered
2026-09-13,daily,DK,bilbasen.dk,mobility_cars,dealer,,listings,47310,listings,0,,vend-scraper-v2/daily_filtered
2026-09-13,daily,DK,bilbasen.dk,mobility_cars,private,,listings,4055,listings,0,,vend-scraper-v2/daily_filtered
2026-09-13,daily,DK,bilhandel.dk,mobility_cars,dealer,,listings,26217,listings,0,,vend-scraper-v2/daily_filtered
2026-09-13,daily,DK,bilhandel.dk,mobility_cars,private,,listings,2127,listings,0,,vend-scraper-v2/daily_filtered
2026-09-13,daily,DK,biltorvet.dk,mobility_cars,dealer,,listings,43824,listings,0,,vend-scraper-v2/daily_filtered
2026-09-13,daily,DK,biltorvet.dk,mobility_cars,private,,listings,1708,listings,0,,vend-scraper-v2/daily_filtered
2026-09-13,daily,SE,blocket.se,mobility_cars,dealer,,listings,121250,listings,0,,vend-scraper-v2/daily_filtered
2026-09-13,daily,SE,blocket.se,mobility_cars,dealer,,new_listings,1659,listings,0,,vend-scraper-v2/daily_filtered
2026-09-13,daily,SE,blocket.se,mobility_cars,private,,listings,25518,listings,0,,vend-scraper-v2/daily_filtered
2026-09-13,daily,SE,blocket.se,mobility_cars,private,,new_listings,1244,listings,0,,vend-scraper-v2/daily_filtered
2026-09-13,daily,SE,blocket.se,mobility_other,dealer,,listings,62596,listings,0,,vend-scraper-v2/daily_filtered
2026-09-13,daily,SE,blocket.se,mobility_other,dealer,,new_listings,458,listings,0,,vend-scraper-v2/daily_filtered
2026-09-13,daily,SE,blocket.se,mobility_other,private,,listings,23640,listings,0,,vend-scraper-v2/daily_filtered
2026-09-13,daily,SE,blocket.se,mobility_other,private,,new_listings,795,listings,0,,vend-scraper-v2/daily_filtered
2026-09-13,daily,FI,etuovi.com,real_estate_homes,,,listings,52737,listings,0,,vend-scraper-v2/daily_filtered
2026-09-13,daily,FI,etuovi.com,real_estate_homes,,,new_listings,214,listings,0,,vend-scraper-v2/daily_filtered
2026-09-13,daily,NO,finn.no,jobs_listings,,,listings,14966,listings,0,,vend-scraper-v2/daily_filtered
2026-09-13,daily,NO,finn.no,jobs_listings,,,new_listings,49,listings,0,,vend-scraper-v2/daily_filtered
2026-09-13,daily,NO,finn.no,jobs_positions,,,listings,29752,listings,0,,vend-scraper-v2/daily_filtered
2026-09-13,daily,NO,finn.no,jobs_positions,,,new_listings,91,listings,0,,vend-scraper-v2/daily_filtered
2026-09-13,daily,NO,finn.no,mobility_cars,dealer,,listings,51534,listings,0,,vend-scraper-v2/daily_filtered
2026-09-13,daily,NO,finn.no,mobility_cars,dealer,,new_listings,276,listings,0,,vend-scraper-v2/daily_filtered
2026-09-13,daily,NO,finn.no,mobility_cars,private,,listings,17855,listings,0,,vend-scraper-v2/daily_filtered
2026-09-13,daily,NO,finn.no,mobility_cars,private,,new_listings,1150,listings,0,,vend-scraper-v2/daily_filtered
2026-09-13,daily,NO,finn.no,mobility_other,dealer,,listings,26103,listings,0,,vend-scraper-v2/daily_filtered
2026-09-13,daily,NO,finn.no,mobility_other,dealer,,new_listings,128,listings,0,,vend-scraper-v2/daily_filtered
2026-09-13,daily,NO,finn.no,mobility_other,private,,listings,14776,listings,0,,vend-scraper-v2/daily_filtered
2026-09-13,daily,NO,finn.no,mobility_other,private,,new_listings,744,listings,0,,vend-scraper-v2/daily_filtered
2026-09-13,daily,NO,finn.no,real_estate_homes,,,listings,23204,listings,0,,vend-scraper-v2/daily_filtered
2026-09-13,daily,NO,finn.no,real_estate_homes,,,new_listings,345,listings,0,,vend-scraper-v2/daily_filtered
2026-09-13,weekly,NO,finn.no,real_estate_homes,,large,package_count,14298,listings,0,,finn-bolig-packages/packages_history
2026-09-13,weekly,NO,finn.no,real_estate_homes,,large,package_share,61.6,pct,0,,finn-bolig-packages/packages_history
2026-09-13,weekly,NO,finn.no,real_estate_homes,,medium,package_count,8258,listings,0,,finn-bolig-packages/packages_history
2026-09-13,weekly,NO,finn.no,real_estate_homes,,medium,package_share,35.6,pct,0,,finn-bolig-packages/packages_history
2026-09-13,weekly,NO,finn.no,real_estate_homes,,small,package_count,649,listings,0,,finn-bolig-packages/packages_history
2026-09-13,weekly,NO,finn.no,real_estate_homes,,small,package_share,2.8,pct,0,,finn-bolig-packages/packages_history
2026-09-13,daily,NO,finn.no,real_estate_homes_new,,,listings,18022,listings,0,,vend-scraper-v2/daily_filtered
2026-09-13,daily,NO,finn.no,real_estate_homes_new,,,new_listings,419,listings,0,,vend-scraper-v2/daily_filtered
2026-09-13,daily,NO,finn.no,real_estate_other,,,listings,26482,listings,0,,vend-scraper-v2/daily_filtered
2026-09-13,daily,NO,finn.no,real_estate_other,,,new_listings,386,listings,0,,vend-scraper-v2/daily_filtered
2026-09-13,daily,SE,hemnet.se,real_estate_homes,,,listings,35406,listings,0,,vend-scraper-v2/daily_filtered
2026-09-13,daily,SE,hemnet.se,real_estate_homes,,,new_listings,855,listings,0,,vend-scraper-v2/daily_filtered
2026-09-13,daily,SE,hemnet.se,real_estate_homes_upcoming,,,listings,5901,listings,0,,vend-scraper-v2/daily_filtered
2026-09-13,daily,NO,hjem.no,real_estate_homes,,,listings,9063,listings,0,,vend-scraper-v2/daily_filtered
2026-09-13,daily,FI,oikotie.fi,real_estate_homes,,,listings,48244,listings,0,,vend-scraper-v2/daily_filtered
2026-09-13,daily,FI,oikotie.fi,real_estate_homes,,,new_listings,333,listings,0,,vend-scraper-v2/daily_filtered
2026-09-13,daily,SE,tradera.com,mobility_cars,dealer,,listings,45248,listings,0,,vend-scraper-v2/daily_filtered
2026-09-13,daily,SE,tradera.com,mobility_cars,private,,listings,2797,listings,0,,vend-scraper-v2/daily_filtered
2026-09-13,daily,SE,wayke.se,mobility_cars,dealer,,listings,50712,listings,0,,vend-scraper-v2/daily_filtered
2026-09-14,daily,DK,bilbasen.dk,mobility_cars,dealer,,listings,47247,listings,0,,vend-scraper-v2/daily_filtered
2026-09-14,daily,DK,bilbasen.dk,mobility_cars,private,,listings,4078,listings,0,,vend-scraper-v2/daily_filtered
2026-09-14,daily,DK,bilhandel.dk,mobility_cars,dealer,,listings,26210,listings,0,,vend-scraper-v2/daily_filtered
2026-09-14,daily,DK,bilhandel.dk,mobility_cars,private,,listings,2117,listings,0,,vend-scraper-v2/daily_filtered
2026-09-14,daily,DK,biltorvet.dk,mobility_cars,dealer,,listings,43770,listings,0,,vend-scraper-v2/daily_filtered
2026-09-14,daily,DK,biltorvet.dk,mobility_cars,private,,listings,1724,listings,0,,vend-scraper-v2/daily_filtered
2026-09-14,daily,SE,blocket.se,mobility_cars,dealer,,listings,121441,listings,0,,vend-scraper-v2/daily_filtered
2026-09-14,daily,SE,blocket.se,mobility_cars,dealer,,new_listings,4608,listings,0,,vend-scraper-v2/daily_filtered
2026-09-14,weekly,SE,blocket.se,mobility_cars,dealer,basis,package_sample_count,8265,sampled_listings,1,,finn-mobility-packages/weekly_package_mix
2026-09-14,weekly,SE,blocket.se,mobility_cars,dealer,basis,package_share,67.6,pct,1,,finn-mobility-packages/weekly_package_mix
2026-09-14,weekly,SE,blocket.se,mobility_cars,dealer,pluss,package_sample_count,252,sampled_listings,1,,finn-mobility-packages/weekly_package_mix
2026-09-14,weekly,SE,blocket.se,mobility_cars,dealer,pluss,package_share,2.1,pct,1,,finn-mobility-packages/weekly_package_mix
2026-09-14,weekly,SE,blocket.se,mobility_cars,dealer,premium,package_sample_count,3715,sampled_listings,1,,finn-mobility-packages/weekly_package_mix
2026-09-14,weekly,SE,blocket.se,mobility_cars,dealer,premium,package_share,30.4,pct,1,,finn-mobility-packages/weekly_package_mix
2026-09-14,daily,SE,blocket.se,mobility_cars,private,,listings,25621,listings,0,,vend-scraper-v2/daily_filtered
2026-09-14,daily,SE,blocket.se,mobility_cars,private,,new_listings,1120,listings,0,,vend-scraper-v2/daily_filtered
2026-09-14,daily,SE,blocket.se,mobility_other,dealer,,listings,62609,listings,0,,vend-scraper-v2/daily_filtered
2026-09-14,daily,SE,blocket.se,mobility_other,dealer,,new_listings,1597,listings,0,,vend-scraper-v2/daily_filtered
2026-09-14,daily,SE,blocket.se,mobility_other,private,,listings,23502,listings,0,,vend-scraper-v2/daily_filtered
2026-09-14,daily,SE,blocket.se,mobility_other,private,,new_listings,632,listings,0,,vend-scraper-v2/daily_filtered
2026-09-14,daily,FI,etuovi.com,real_estate_homes,,,listings,52618,listings,0,,vend-scraper-v2/daily_filtered
2026-09-14,daily,FI,etuovi.com,real_estate_homes,,,new_listings,338,listings,0,,vend-scraper-v2/daily_filtered
2026-09-14,daily,NO,finn.no,jobs_listings,,,listings,14626,listings,0,,vend-scraper-v2/daily_filtered
2026-09-14,daily,NO,finn.no,jobs_listings,,,new_listings,837,listings,0,,vend-scraper-v2/daily_filtered
2026-09-14,daily,NO,finn.no,jobs_positions,,,listings,29458,listings,0,,vend-scraper-v2/daily_filtered
2026-09-14,daily,NO,finn.no,jobs_positions,,,new_listings,1582,listings,0,,vend-scraper-v2/daily_filtered
2026-09-14,daily,NO,finn.no,mobility_cars,dealer,,listings,51581,listings,0,,vend-scraper-v2/daily_filtered
2026-09-14,daily,NO,finn.no,mobility_cars,dealer,,new_listings,1697,listings,0,,vend-scraper-v2/daily_filtered
2026-09-14,weekly,NO,finn.no,mobility_cars,dealer,basis,package_sample_count,1764,sampled_listings,1,,finn-mobility-packages/weekly_package_mix
2026-09-14,weekly,NO,finn.no,mobility_cars,dealer,basis,package_share,33.8,pct,1,,finn-mobility-packages/weekly_package_mix
2026-09-14,weekly,NO,finn.no,mobility_cars,dealer,pluss,package_sample_count,1228,sampled_listings,1,,finn-mobility-packages/weekly_package_mix
2026-09-14,weekly,NO,finn.no,mobility_cars,dealer,pluss,package_share,23.5,pct,1,,finn-mobility-packages/weekly_package_mix
2026-09-14,weekly,NO,finn.no,mobility_cars,dealer,premium,package_sample_count,2231,sampled_listings,1,,finn-mobility-packages/weekly_package_mix
2026-09-14,weekly,NO,finn.no,mobility_cars,dealer,premium,package_share,42.7,pct,1,,finn-mobility-packages/weekly_package_mix
2026-09-14,daily,NO,finn.no,mobility_cars,private,,listings,17976,listings,0,,vend-scraper-v2/daily_filtered
2026-09-14,daily,NO,finn.no,mobility_cars,private,,new_listings,1027,listings,0,,vend-scraper-v2/daily_filtered
2026-09-14,daily,NO,finn.no,mobility_other,dealer,,listings,26209,listings,0,,vend-scraper-v2/daily_filtered
2026-09-14,daily,NO,finn.no,mobility_other,dealer,,new_listings,691,listings,0,,vend-scraper-v2/daily_filtered
2026-09-14,daily,NO,finn.no,mobility_other,private,,listings,14684,listings,0,,vend-scraper-v2/daily_filtered
2026-09-14,daily,NO,finn.no,mobility_other,private,,new_listings,614,listings,0,,vend-scraper-v2/daily_filtered
2026-09-14,daily,NO,finn.no,real_estate_homes,,,listings,23009,listings,0,,vend-scraper-v2/daily_filtered
2026-09-14,daily,NO,finn.no,real_estate_homes,,,new_listings,733,listings,0,,vend-scraper-v2/daily_filtered
2026-09-14,daily,NO,finn.no,real_estate_homes_new,,,listings,17963,listings,0,,vend-scraper-v2/daily_filtered
2026-09-14,daily,NO,finn.no,real_estate_homes_new,,,new_listings,545,listings,0,,vend-scraper-v2/daily_filtered
2026-09-14,daily,NO,finn.no,real_estate_other,,,listings,26503,listings,0,,vend-scraper-v2/daily_filtered
2026-09-14,daily,NO,finn.no,real_estate_other,,,new_listings,556,listings,0,,vend-scraper-v2/daily_filtered
2026-09-14,daily,SE,hemnet.se,real_estate_homes,,,listings,35220,listings,0,,vend-scraper-v2/daily_filtered
2026-09-14,daily,SE,hemnet.se,real_estate_homes,,,new_listings,1423,listings,0,,vend-scraper-v2/daily_filtered
2026-09-14,daily,SE,hemnet.se,real_estate_homes_upcoming,,,listings,5832,listings,0,,vend-scraper-v2/daily_filtered
2026-09-14,daily,NO,hjem.no,real_estate_homes,,,listings,9023,listings,0,,vend-scraper-v2/daily_filtered
2026-09-14,daily,FI,oikotie.fi,real_estate_homes,,,listings,48173,listings,0,,vend-scraper-v2/daily_filtered
2026-09-14,daily,FI,oikotie.fi,real_estate_homes,,,new_listings,508,listings,0,,vend-scraper-v2/daily_filtered
2026-09-14,daily,SE,tradera.com,mobility_cars,dealer,,listings,46033,listings,0,,vend-scraper-v2/daily_filtered
2026-09-14,daily,SE,tradera.com,mobility_cars,private,,listings,2819,listings,0,,vend-scraper-v2/daily_filtered
2026-09-14,daily,SE,wayke.se,mobility_cars,dealer,,listings,51028,listings,0,,vend-scraper-v2/daily_filtered
2026-09-15,daily,DK,bilbasen.dk,mobility_cars,dealer,,listings,47462,listings,0,,vend-scraper-v2/daily_filtered
2026-09-15,daily,DK,bilbasen.dk,mobility_cars,private,,listings,4060,listings,0,,vend-scraper-v2/daily_filtered
2026-09-15,daily,DK,bilhandel.dk,mobility_cars,dealer,,listings,26405,listings,0,,vend-scraper-v2/daily_filtered
2026-09-15,daily,DK,bilhandel.dk,mobility_cars,private,,listings,2134,listings,0,,vend-scraper-v2/daily_filtered
2026-09-15,daily,DK,biltorvet.dk,mobility_cars,dealer,,listings,43903,listings,0,,vend-scraper-v2/daily_filtered
2026-09-15,daily,DK,biltorvet.dk,mobility_cars,private,,listings,1721,listings,0,,vend-scraper-v2/daily_filtered
2026-09-15,daily,SE,blocket.se,mobility_cars,dealer,,listings,121873,listings,0,,vend-scraper-v2/daily_filtered
2026-09-15,daily,SE,blocket.se,mobility_cars,dealer,,new_listings,5071,listings,0,,vend-scraper-v2/daily_filtered
2026-09-15,daily,SE,blocket.se,mobility_cars,private,,listings,25701,listings,0,,vend-scraper-v2/daily_filtered
2026-09-15,daily,SE,blocket.se,mobility_cars,private,,new_listings,1121,listings,0,,vend-scraper-v2/daily_filtered
2026-09-15,daily,SE,blocket.se,mobility_other,dealer,,listings,62755,listings,0,,vend-scraper-v2/daily_filtered
2026-09-15,daily,SE,blocket.se,mobility_other,dealer,,new_listings,1675,listings,0,,vend-scraper-v2/daily_filtered
2026-09-15,daily,SE,blocket.se,mobility_other,private,,listings,23389,listings,0,,vend-scraper-v2/daily_filtered
2026-09-15,daily,SE,blocket.se,mobility_other,private,,new_listings,596,listings,0,,vend-scraper-v2/daily_filtered
2026-09-15,daily,FI,etuovi.com,real_estate_homes,,,listings,52569,listings,0,,vend-scraper-v2/daily_filtered
2026-09-15,daily,FI,etuovi.com,real_estate_homes,,,new_listings,380,listings,0,,vend-scraper-v2/daily_filtered
2026-09-15,daily,NO,finn.no,jobs_listings,,,listings,14852,listings,0,,vend-scraper-v2/daily_filtered
2026-09-15,daily,NO,finn.no,jobs_listings,,,new_listings,868,listings,0,,vend-scraper-v2/daily_filtered
2026-09-15,daily,NO,finn.no,jobs_positions,,,listings,29724,listings,0,,vend-scraper-v2/daily_filtered
2026-09-15,daily,NO,finn.no,jobs_positions,,,new_listings,1594,listings,0,,vend-scraper-v2/daily_filtered
2026-09-15,daily,NO,finn.no,mobility_cars,dealer,,listings,52040,listings,0,,vend-scraper-v2/daily_filtered
2026-09-15,daily,NO,finn.no,mobility_cars,dealer,,new_listings,1989,listings,0,,vend-scraper-v2/daily_filtered
2026-09-15,daily,NO,finn.no,mobility_cars,private,,listings,17924,listings,0,,vend-scraper-v2/daily_filtered
2026-09-15,daily,NO,finn.no,mobility_cars,private,,new_listings,961,listings,0,,vend-scraper-v2/daily_filtered
2026-09-15,daily,NO,finn.no,mobility_other,dealer,,listings,26271,listings,0,,vend-scraper-v2/daily_filtered
2026-09-15,daily,NO,finn.no,mobility_other,dealer,,new_listings,643,listings,0,,vend-scraper-v2/daily_filtered
2026-09-15,daily,NO,finn.no,mobility_other,private,,listings,14564,listings,0,,vend-scraper-v2/daily_filtered
2026-09-15,daily,NO,finn.no,mobility_other,private,,new_listings,556,listings,0,,vend-scraper-v2/daily_filtered
2026-09-15,daily,NO,finn.no,real_estate_homes,,,listings,23360,listings,0,,vend-scraper-v2/daily_filtered
2026-09-15,daily,NO,finn.no,real_estate_homes,,,new_listings,706,listings,0,,vend-scraper-v2/daily_filtered
2026-09-15,daily,NO,finn.no,real_estate_homes_new,,,listings,18074,listings,0,,vend-scraper-v2/daily_filtered
2026-09-15,daily,NO,finn.no,real_estate_homes_new,,,new_listings,555,listings,0,,vend-scraper-v2/daily_filtered
2026-09-15,daily,NO,finn.no,real_estate_other,,,listings,26625,listings,0,,vend-scraper-v2/daily_filtered
2026-09-15,daily,NO,finn.no,real_estate_other,,,new_listings,632,listings,0,,vend-scraper-v2/daily_filtered
2026-09-15,daily,SE,hemnet.se,real_estate_homes,,,listings,35058,listings,0,,vend-scraper-v2/daily_filtered
2026-09-15,daily,SE,hemnet.se,real_estate_homes_upcoming,,,listings,5895,listings,0,,vend-scraper-v2/daily_filtered
2026-09-15,daily,NO,hjem.no,real_estate_homes,,,listings,9156,listings,0,,vend-scraper-v2/daily_filtered
2026-09-15,daily,FI,oikotie.fi,real_estate_homes,,,listings,48089,listings,0,,vend-scraper-v2/daily_filtered
2026-09-15,daily,FI,oikotie.fi,real_estate_homes,,,new_listings,628,listings,0,,vend-scraper-v2/daily_filtered
2026-09-15,daily,SE,tradera.com,mobility_cars,dealer,,listings,46153,listings,0,,vend-scraper-v2/daily_filtered
2026-09-15,daily,SE,tradera.com,mobility_cars,private,,listings,2841,listings,0,,vend-scraper-v2/daily_filtered
2026-09-15,daily,SE,wayke.se,mobility_cars,dealer,,listings,51287,listings,0,,vend-scraper-v2/daily_filtered
2026-09-16,daily,DK,bilbasen.dk,mobility_cars,dealer,,listings,47580,listings,0,,vend-scraper-v2/daily_filtered
2026-09-16,daily,DK,bilbasen.dk,mobility_cars,private,,listings,4058,listings,0,,vend-scraper-v2/daily_filtered
2026-09-16,daily,DK,bilhandel.dk,mobility_cars,dealer,,listings,26532,listings,0,,vend-scraper-v2/daily_filtered
2026-09-16,daily,DK,bilhandel.dk,mobility_cars,private,,listings,2140,listings,0,,vend-scraper-v2/daily_filtered
2026-09-16,daily,DK,biltorvet.dk,mobility_cars,dealer,,listings,44082,listings,0,,vend-scraper-v2/daily_filtered
2026-09-16,daily,DK,biltorvet.dk,mobility_cars,private,,listings,1748,listings,0,,vend-scraper-v2/daily_filtered
2026-09-16,daily,SE,blocket.se,mobility_cars,dealer,,listings,122543,listings,0,,vend-scraper-v2/daily_filtered
2026-09-16,daily,SE,blocket.se,mobility_cars,dealer,,new_listings,5238,listings,0,,vend-scraper-v2/daily_filtered
2026-09-16,daily,SE,blocket.se,mobility_cars,private,,listings,25676,listings,0,,vend-scraper-v2/daily_filtered
2026-09-16,daily,SE,blocket.se,mobility_cars,private,,new_listings,1046,listings,0,,vend-scraper-v2/daily_filtered
2026-09-16,daily,SE,blocket.se,mobility_other,dealer,,listings,62765,listings,0,,vend-scraper-v2/daily_filtered
2026-09-16,daily,SE,blocket.se,mobility_other,dealer,,new_listings,1717,listings,0,,vend-scraper-v2/daily_filtered
2026-09-16,daily,SE,blocket.se,mobility_other,private,,listings,23282,listings,0,,vend-scraper-v2/daily_filtered
2026-09-16,daily,SE,blocket.se,mobility_other,private,,new_listings,569,listings,0,,vend-scraper-v2/daily_filtered
2026-09-16,daily,FI,etuovi.com,real_estate_homes,,,listings,52555,listings,0,,vend-scraper-v2/daily_filtered
2026-09-16,daily,FI,etuovi.com,real_estate_homes,,,new_listings,442,listings,0,,vend-scraper-v2/daily_filtered
2026-09-16,daily,NO,finn.no,jobs_listings,,,listings,14909,listings,0,,vend-scraper-v2/daily_filtered
2026-09-16,daily,NO,finn.no,jobs_listings,,,new_listings,794,listings,0,,vend-scraper-v2/daily_filtered
2026-09-16,daily,NO,finn.no,jobs_positions,,,listings,29615,listings,0,,vend-scraper-v2/daily_filtered
2026-09-16,daily,NO,finn.no,jobs_positions,,,new_listings,1322,listings,0,,vend-scraper-v2/daily_filtered
2026-09-16,daily,NO,finn.no,mobility_cars,dealer,,listings,52858,listings,0,,vend-scraper-v2/daily_filtered
2026-09-16,daily,NO,finn.no,mobility_cars,dealer,,new_listings,1989,listings,0,,vend-scraper-v2/daily_filtered
2026-09-16,daily,NO,finn.no,mobility_cars,private,,listings,17883,listings,0,,vend-scraper-v2/daily_filtered
2026-09-16,daily,NO,finn.no,mobility_cars,private,,new_listings,947,listings,0,,vend-scraper-v2/daily_filtered
2026-09-16,daily,NO,finn.no,mobility_other,dealer,,listings,26394,listings,0,,vend-scraper-v2/daily_filtered
2026-09-16,daily,NO,finn.no,mobility_other,dealer,,new_listings,724,listings,0,,vend-scraper-v2/daily_filtered
2026-09-16,daily,NO,finn.no,mobility_other,private,,listings,14361,listings,0,,vend-scraper-v2/daily_filtered
2026-09-16,daily,NO,finn.no,mobility_other,private,,new_listings,522,listings,0,,vend-scraper-v2/daily_filtered
2026-09-16,daily,NO,finn.no,real_estate_homes,,,listings,23697,listings,0,,vend-scraper-v2/daily_filtered
2026-09-16,daily,NO,finn.no,real_estate_homes,,,new_listings,647,listings,0,,vend-scraper-v2/daily_filtered
2026-09-16,daily,NO,finn.no,real_estate_homes_new,,,listings,18044,listings,0,,vend-scraper-v2/daily_filtered
2026-09-16,daily,NO,finn.no,real_estate_homes_new,,,new_listings,721,listings,0,,vend-scraper-v2/daily_filtered
2026-09-16,daily,NO,finn.no,real_estate_other,,,listings,26581,listings,0,,vend-scraper-v2/daily_filtered
2026-09-16,daily,NO,finn.no,real_estate_other,,,new_listings,537,listings,0,,vend-scraper-v2/daily_filtered
2026-09-16,daily,SE,hemnet.se,real_estate_homes,,,listings,34949,listings,0,,vend-scraper-v2/daily_filtered
2026-09-16,daily,SE,hemnet.se,real_estate_homes_upcoming,,,listings,5953,listings,0,,vend-scraper-v2/daily_filtered
2026-09-16,daily,NO,hjem.no,real_estate_homes,,,listings,9282,listings,0,,vend-scraper-v2/daily_filtered
2026-09-16,daily,FI,oikotie.fi,real_estate_homes,,,listings,48113,listings,0,,vend-scraper-v2/daily_filtered
2026-09-16,daily,FI,oikotie.fi,real_estate_homes,,,new_listings,698,listings,0,,vend-scraper-v2/daily_filtered
2026-09-16,daily,SE,tradera.com,mobility_cars,dealer,,listings,46451,listings,0,,vend-scraper-v2/daily_filtered
2026-09-16,daily,SE,tradera.com,mobility_cars,private,,listings,2844,listings,0,,vend-scraper-v2/daily_filtered
2026-09-16,daily,SE,wayke.se,mobility_cars,dealer,,listings,51596,listings,0,,vend-scraper-v2/daily_filtered
2026-09-17,daily,DK,bilbasen.dk,mobility_cars,dealer,,listings,47821,listings,0,,vend-scraper-v2/daily_filtered
2026-09-17,daily,DK,bilbasen.dk,mobility_cars,private,,listings,4048,listings,0,,vend-scraper-v2/daily_filtered
2026-09-17,daily,DK,bilhandel.dk,mobility_cars,dealer,,listings,26605,listings,0,,vend-scraper-v2/daily_filtered
2026-09-17,daily,DK,bilhandel.dk,mobility_cars,private,,listings,2137,listings,0,,vend-scraper-v2/daily_filtered
2026-09-17,daily,DK,biltorvet.dk,mobility_cars,dealer,,listings,44297,listings,0,,vend-scraper-v2/daily_filtered
2026-09-17,daily,DK,biltorvet.dk,mobility_cars,private,,listings,1747,listings,0,,vend-scraper-v2/daily_filtered
2026-09-17,daily,SE,blocket.se,mobility_cars,dealer,,listings,123167,listings,0,,vend-scraper-v2/daily_filtered
2026-09-17,daily,SE,blocket.se,mobility_cars,dealer,,new_listings,5206,listings,0,,vend-scraper-v2/daily_filtered
2026-09-17,daily,SE,blocket.se,mobility_cars,private,,listings,25664,listings,0,,vend-scraper-v2/daily_filtered
2026-09-17,daily,SE,blocket.se,mobility_cars,private,,new_listings,1039,listings,0,,vend-scraper-v2/daily_filtered
2026-09-17,daily,SE,blocket.se,mobility_other,dealer,,listings,62896,listings,0,,vend-scraper-v2/daily_filtered
2026-09-17,daily,SE,blocket.se,mobility_other,dealer,,new_listings,1592,listings,0,,vend-scraper-v2/daily_filtered
2026-09-17,daily,SE,blocket.se,mobility_other,private,,listings,23080,listings,0,,vend-scraper-v2/daily_filtered
2026-09-17,daily,SE,blocket.se,mobility_other,private,,new_listings,576,listings,0,,vend-scraper-v2/daily_filtered
2026-09-17,daily,FI,etuovi.com,real_estate_homes,,,listings,52607,listings,0,,vend-scraper-v2/daily_filtered
2026-09-17,daily,FI,etuovi.com,real_estate_homes,,,new_listings,457,listings,0,,vend-scraper-v2/daily_filtered
2026-09-17,daily,NO,finn.no,jobs_listings,,,listings,15215,listings,0,,vend-scraper-v2/daily_filtered
2026-09-17,daily,NO,finn.no,jobs_listings,,,new_listings,800,listings,0,,vend-scraper-v2/daily_filtered
2026-09-17,daily,NO,finn.no,jobs_positions,,,listings,30088,listings,0,,vend-scraper-v2/daily_filtered
2026-09-17,daily,NO,finn.no,jobs_positions,,,new_listings,1229,listings,0,,vend-scraper-v2/daily_filtered
2026-09-17,daily,NO,finn.no,mobility_cars,dealer,,listings,52994,listings,0,,vend-scraper-v2/daily_filtered
2026-09-17,daily,NO,finn.no,mobility_cars,dealer,,new_listings,1979,listings,0,,vend-scraper-v2/daily_filtered
2026-09-17,daily,NO,finn.no,mobility_cars,private,,listings,17873,listings,0,,vend-scraper-v2/daily_filtered
2026-09-17,daily,NO,finn.no,mobility_cars,private,,new_listings,958,listings,0,,vend-scraper-v2/daily_filtered
2026-09-17,daily,NO,finn.no,mobility_other,dealer,,listings,26557,listings,0,,vend-scraper-v2/daily_filtered
2026-09-17,daily,NO,finn.no,mobility_other,dealer,,new_listings,716,listings,0,,vend-scraper-v2/daily_filtered
2026-09-17,daily,NO,finn.no,mobility_other,private,,listings,14131,listings,0,,vend-scraper-v2/daily_filtered
2026-09-17,daily,NO,finn.no,mobility_other,private,,new_listings,482,listings,0,,vend-scraper-v2/daily_filtered
2026-09-17,daily,NO,finn.no,real_estate_homes,,,listings,23505,listings,0,,vend-scraper-v2/daily_filtered
2026-09-17,daily,NO,finn.no,real_estate_homes,,,new_listings,506,listings,0,,vend-scraper-v2/daily_filtered
2026-09-17,daily,NO,finn.no,real_estate_homes_new,,,listings,18076,listings,0,,vend-scraper-v2/daily_filtered
2026-09-17,daily,NO,finn.no,real_estate_homes_new,,,new_listings,598,listings,0,,vend-scraper-v2/daily_filtered
2026-09-17,daily,NO,finn.no,real_estate_other,,,listings,26446,listings,0,,vend-scraper-v2/daily_filtered
2026-09-17,daily,NO,finn.no,real_estate_other,,,new_listings,494,listings,0,,vend-scraper-v2/daily_filtered
2026-09-17,daily,SE,hemnet.se,real_estate_homes,,,listings,34820,listings,0,,vend-scraper-v2/daily_filtered
2026-09-17,daily,SE,hemnet.se,real_estate_homes_upcoming,,,listings,5998,listings,0,,vend-scraper-v2/daily_filtered
2026-09-17,daily,NO,hjem.no,real_estate_homes,,,listings,9178,listings,0,,vend-scraper-v2/daily_filtered
2026-09-17,daily,FI,oikotie.fi,real_estate_homes,,,listings,48135,listings,0,,vend-scraper-v2/daily_filtered
2026-09-17,daily,FI,oikotie.fi,real_estate_homes,,,new_listings,777,listings,0,,vend-scraper-v2/daily_filtered
2026-09-17,daily,SE,tradera.com,mobility_cars,dealer,,listings,46949,listings,0,,vend-scraper-v2/daily_filtered
2026-09-17,daily,SE,tradera.com,mobility_cars,private,,listings,2864,listings,0,,vend-scraper-v2/daily_filtered
2026-09-17,daily,SE,wayke.se,mobility_cars,dealer,,listings,52083,listings,0,,vend-scraper-v2/daily_filtered
2026-09-18,daily,DK,bilbasen.dk,mobility_cars,dealer,,listings,48058,listings,0,,vend-scraper-v2/daily_filtered
2026-09-18,daily,DK,bilbasen.dk,mobility_cars,private,,listings,4035,listings,0,,vend-scraper-v2/daily_filtered
2026-09-18,daily,DK,bilhandel.dk,mobility_cars,dealer,,listings,26732,listings,0,,vend-scraper-v2/daily_filtered
2026-09-18,daily,DK,bilhandel.dk,mobility_cars,private,,listings,2126,listings,0,,vend-scraper-v2/daily_filtered
2026-09-18,daily,DK,biltorvet.dk,mobility_cars,dealer,,listings,44490,listings,0,,vend-scraper-v2/daily_filtered
2026-09-18,daily,DK,biltorvet.dk,mobility_cars,private,,listings,1760,listings,0,,vend-scraper-v2/daily_filtered
2026-09-18,daily,SE,blocket.se,mobility_cars,dealer,,listings,123357,listings,0,,vend-scraper-v2/daily_filtered
2026-09-18,daily,SE,blocket.se,mobility_cars,dealer,,new_listings,5563,listings,0,,vend-scraper-v2/daily_filtered
2026-09-18,daily,SE,blocket.se,mobility_cars,private,,listings,25666,listings,0,,vend-scraper-v2/daily_filtered
2026-09-18,daily,SE,blocket.se,mobility_cars,private,,new_listings,1166,listings,0,,vend-scraper-v2/daily_filtered
2026-09-18,daily,SE,blocket.se,mobility_other,dealer,,listings,63429,listings,0,,vend-scraper-v2/daily_filtered
2026-09-18,daily,SE,blocket.se,mobility_other,dealer,,new_listings,1965,listings,0,,vend-scraper-v2/daily_filtered
2026-09-18,daily,SE,blocket.se,mobility_other,private,,listings,22860,listings,0,,vend-scraper-v2/daily_filtered
2026-09-18,daily,SE,blocket.se,mobility_other,private,,new_listings,523,listings,0,,vend-scraper-v2/daily_filtered
2026-09-18,daily,FI,etuovi.com,real_estate_homes,,,listings,52693,listings,0,,vend-scraper-v2/daily_filtered
2026-09-18,daily,FI,etuovi.com,real_estate_homes,,,new_listings,499,listings,0,,vend-scraper-v2/daily_filtered
2026-09-18,daily,NO,finn.no,jobs_listings,,,listings,15480,listings,0,,vend-scraper-v2/daily_filtered
2026-09-18,daily,NO,finn.no,jobs_listings,,,new_listings,813,listings,0,,vend-scraper-v2/daily_filtered
2026-09-18,daily,NO,finn.no,jobs_positions,,,listings,30623,listings,0,,vend-scraper-v2/daily_filtered
2026-09-18,daily,NO,finn.no,jobs_positions,,,new_listings,1438,listings,0,,vend-scraper-v2/daily_filtered
2026-09-18,daily,NO,finn.no,mobility_cars,dealer,,listings,53211,listings,0,,vend-scraper-v2/daily_filtered
2026-09-18,daily,NO,finn.no,mobility_cars,dealer,,new_listings,1923,listings,0,,vend-scraper-v2/daily_filtered
2026-09-18,daily,NO,finn.no,mobility_cars,private,,listings,17836,listings,0,,vend-scraper-v2/daily_filtered
2026-09-18,daily,NO,finn.no,mobility_cars,private,,new_listings,895,listings,0,,vend-scraper-v2/daily_filtered
2026-09-18,daily,NO,finn.no,mobility_other,dealer,,listings,26798,listings,0,,vend-scraper-v2/daily_filtered
2026-09-18,daily,NO,finn.no,mobility_other,dealer,,new_listings,631,listings,0,,vend-scraper-v2/daily_filtered
2026-09-18,daily,NO,finn.no,mobility_other,private,,listings,13935,listings,0,,vend-scraper-v2/daily_filtered
2026-09-18,daily,NO,finn.no,mobility_other,private,,new_listings,514,listings,0,,vend-scraper-v2/daily_filtered
2026-09-18,daily,NO,finn.no,real_estate_homes,,,listings,23581,listings,0,,vend-scraper-v2/daily_filtered
2026-09-18,daily,NO,finn.no,real_estate_homes,,,new_listings,1045,listings,0,,vend-scraper-v2/daily_filtered
2026-09-18,daily,NO,finn.no,real_estate_homes_new,,,listings,18092,listings,0,,vend-scraper-v2/daily_filtered
2026-09-18,daily,NO,finn.no,real_estate_homes_new,,,new_listings,774,listings,0,,vend-scraper-v2/daily_filtered
2026-09-18,daily,NO,finn.no,real_estate_other,,,listings,26432,listings,0,,vend-scraper-v2/daily_filtered
2026-09-18,daily,NO,finn.no,real_estate_other,,,new_listings,556,listings,0,,vend-scraper-v2/daily_filtered
2026-09-18,daily,SE,hemnet.se,real_estate_homes,,,listings,35254,listings,0,,vend-scraper-v2/daily_filtered
2026-09-18,daily,SE,hemnet.se,real_estate_homes,,,new_listings,2308,listings,0,,vend-scraper-v2/daily_filtered
2026-09-18,daily,SE,hemnet.se,real_estate_homes_upcoming,,,listings,5929,listings,0,,vend-scraper-v2/daily_filtered
2026-09-18,daily,NO,hjem.no,real_estate_homes,,,listings,9207,listings,0,,vend-scraper-v2/daily_filtered
2026-09-18,daily,FI,oikotie.fi,real_estate_homes,,,listings,48195,listings,0,,vend-scraper-v2/daily_filtered
2026-09-18,daily,FI,oikotie.fi,real_estate_homes,,,new_listings,828,listings,0,,vend-scraper-v2/daily_filtered
2026-09-18,daily,SE,tradera.com,mobility_cars,dealer,,listings,46939,listings,0,,vend-scraper-v2/daily_filtered
2026-09-18,daily,SE,tradera.com,mobility_cars,private,,listings,2861,listings,0,,vend-scraper-v2/daily_filtered
2026-09-18,daily,SE,wayke.se,mobility_cars,dealer,,listings,52370,listings,0,,vend-scraper-v2/daily_filtered
2026-09-19,daily,DK,bilbasen.dk,mobility_cars,dealer,,listings,47930,listings,0,,vend-scraper-v2/daily_filtered
2026-09-19,daily,DK,bilbasen.dk,mobility_cars,private,,listings,4086,listings,0,,vend-scraper-v2/daily_filtered
2026-09-19,daily,DK,bilhandel.dk,mobility_cars,dealer,,listings,26664,listings,0,,vend-scraper-v2/daily_filtered
2026-09-19,daily,DK,bilhandel.dk,mobility_cars,private,,listings,2132,listings,0,,vend-scraper-v2/daily_filtered
2026-09-19,daily,DK,biltorvet.dk,mobility_cars,dealer,,listings,44412,listings,0,,vend-scraper-v2/daily_filtered
2026-09-19,daily,DK,biltorvet.dk,mobility_cars,private,,listings,1778,listings,0,,vend-scraper-v2/daily_filtered
2026-09-19,daily,SE,blocket.se,mobility_cars,dealer,,listings,122596,listings,0,,vend-scraper-v2/daily_filtered
2026-09-19,daily,SE,blocket.se,mobility_cars,dealer,,new_listings,2484,listings,0,,vend-scraper-v2/daily_filtered
2026-09-19,daily,SE,blocket.se,mobility_cars,private,,listings,25731,listings,0,,vend-scraper-v2/daily_filtered
2026-09-19,daily,SE,blocket.se,mobility_cars,private,,new_listings,1298,listings,0,,vend-scraper-v2/daily_filtered
2026-09-19,daily,SE,blocket.se,mobility_other,dealer,,listings,63444,listings,0,,vend-scraper-v2/daily_filtered
2026-09-19,daily,SE,blocket.se,mobility_other,dealer,,new_listings,570,listings,0,,vend-scraper-v2/daily_filtered
2026-09-19,daily,SE,blocket.se,mobility_other,private,,listings,22653,listings,0,,vend-scraper-v2/daily_filtered
2026-09-19,daily,SE,blocket.se,mobility_other,private,,new_listings,651,listings,0,,vend-scraper-v2/daily_filtered
2026-09-19,daily,FI,etuovi.com,real_estate_homes,,,listings,52611,listings,0,,vend-scraper-v2/daily_filtered
2026-09-19,daily,FI,etuovi.com,real_estate_homes,,,new_listings,198,listings,0,,vend-scraper-v2/daily_filtered
2026-09-19,daily,NO,finn.no,jobs_listings,,,listings,15044,listings,0,,vend-scraper-v2/daily_filtered
2026-09-19,daily,NO,finn.no,jobs_listings,,,new_listings,45,listings,0,,vend-scraper-v2/daily_filtered
2026-09-19,daily,NO,finn.no,jobs_positions,,,listings,29801,listings,0,,vend-scraper-v2/daily_filtered
2026-09-19,daily,NO,finn.no,jobs_positions,,,new_listings,82,listings,0,,vend-scraper-v2/daily_filtered
2026-09-19,daily,NO,finn.no,mobility_cars,dealer,,listings,52637,listings,0,,vend-scraper-v2/daily_filtered
2026-09-19,daily,NO,finn.no,mobility_cars,dealer,,new_listings,629,listings,0,,vend-scraper-v2/daily_filtered
2026-09-19,daily,NO,finn.no,mobility_cars,private,,listings,17808,listings,0,,vend-scraper-v2/daily_filtered
2026-09-19,daily,NO,finn.no,mobility_cars,private,,new_listings,839,listings,0,,vend-scraper-v2/daily_filtered
2026-09-19,daily,NO,finn.no,mobility_other,dealer,,listings,26688,listings,0,,vend-scraper-v2/daily_filtered
2026-09-19,daily,NO,finn.no,mobility_other,dealer,,new_listings,155,listings,0,,vend-scraper-v2/daily_filtered
2026-09-19,daily,NO,finn.no,mobility_other,private,,listings,13757,listings,0,,vend-scraper-v2/daily_filtered
2026-09-19,daily,NO,finn.no,mobility_other,private,,new_listings,507,listings,0,,vend-scraper-v2/daily_filtered
2026-09-19,daily,NO,finn.no,real_estate_homes,,,listings,23322,listings,0,,vend-scraper-v2/daily_filtered
2026-09-19,daily,NO,finn.no,real_estate_homes,,,new_listings,315,listings,0,,vend-scraper-v2/daily_filtered
2026-09-19,daily,NO,finn.no,real_estate_homes_new,,,listings,18093,listings,0,,vend-scraper-v2/daily_filtered
2026-09-19,daily,NO,finn.no,real_estate_homes_new,,,new_listings,385,listings,0,,vend-scraper-v2/daily_filtered
2026-09-19,daily,NO,finn.no,real_estate_other,,,listings,26333,listings,0,,vend-scraper-v2/daily_filtered
2026-09-19,daily,NO,finn.no,real_estate_other,,,new_listings,323,listings,0,,vend-scraper-v2/daily_filtered
2026-09-19,daily,SE,hemnet.se,real_estate_homes,,,listings,35382,listings,0,,vend-scraper-v2/daily_filtered
2026-09-19,daily,SE,hemnet.se,real_estate_homes,,,new_listings,1926,listings,0,,vend-scraper-v2/daily_filtered
2026-09-19,daily,SE,hemnet.se,real_estate_homes_upcoming,,,listings,5919,listings,0,,vend-scraper-v2/daily_filtered
2026-09-19,daily,NO,hjem.no,real_estate_homes,,,listings,9093,listings,0,,vend-scraper-v2/daily_filtered
2026-09-19,daily,FI,oikotie.fi,real_estate_homes,,,listings,48184,listings,0,,vend-scraper-v2/daily_filtered
2026-09-19,daily,FI,oikotie.fi,real_estate_homes,,,new_listings,626,listings,0,,vend-scraper-v2/daily_filtered
2026-09-19,daily,SE,tradera.com,mobility_cars,dealer,,listings,46394,listings,0,,vend-scraper-v2/daily_filtered
2026-09-19,daily,SE,tradera.com,mobility_cars,private,,listings,2856,listings,0,,vend-scraper-v2/daily_filtered
2026-09-19,daily,SE,wayke.se,mobility_cars,dealer,,listings,51960,listings,0,,vend-scraper-v2/daily_filtered
2026-09-20,daily,DK,bilbasen.dk,mobility_cars,dealer,,listings,47320,listings,0,,vend-scraper-v2/daily_filtered
2026-09-20,daily,DK,bilbasen.dk,mobility_cars,private,,listings,4134,listings,0,,vend-scraper-v2/daily_filtered
2026-09-20,daily,DK,bilhandel.dk,mobility_cars,dealer,,listings,26324,listings,0,,vend-scraper-v2/daily_filtered
2026-09-20,daily,DK,bilhandel.dk,mobility_cars,private,,listings,2154,listings,0,,vend-scraper-v2/daily_filtered
2026-09-20,daily,DK,biltorvet.dk,mobility_cars,dealer,,listings,43969,listings,0,,vend-scraper-v2/daily_filtered
2026-09-20,daily,DK,biltorvet.dk,mobility_cars,private,,listings,1773,listings,0,,vend-scraper-v2/daily_filtered
2026-09-20,daily,SE,blocket.se,mobility_cars,dealer,,listings,122350,listings,0,,vend-scraper-v2/daily_filtered
2026-09-20,daily,SE,blocket.se,mobility_cars,dealer,,new_listings,1531,listings,0,,vend-scraper-v2/daily_filtered
2026-09-20,daily,SE,blocket.se,mobility_cars,private,,listings,25847,listings,0,,vend-scraper-v2/daily_filtered
2026-09-20,daily,SE,blocket.se,mobility_cars,private,,new_listings,1366,listings,0,,vend-scraper-v2/daily_filtered
2026-09-20,daily,SE,blocket.se,mobility_other,dealer,,listings,63242,listings,0,,vend-scraper-v2/daily_filtered
2026-09-20,daily,SE,blocket.se,mobility_other,dealer,,new_listings,372,listings,0,,vend-scraper-v2/daily_filtered
2026-09-20,daily,SE,blocket.se,mobility_other,private,,listings,22502,listings,0,,vend-scraper-v2/daily_filtered
2026-09-20,daily,SE,blocket.se,mobility_other,private,,new_listings,743,listings,0,,vend-scraper-v2/daily_filtered
2026-09-20,daily,FI,etuovi.com,real_estate_homes,,,listings,52596,listings,0,,vend-scraper-v2/daily_filtered
2026-09-20,daily,FI,etuovi.com,real_estate_homes,,,new_listings,173,listings,0,,vend-scraper-v2/daily_filtered
2026-09-20,daily,NO,finn.no,jobs_listings,,,listings,15006,listings,0,,vend-scraper-v2/daily_filtered
2026-09-20,daily,NO,finn.no,jobs_listings,,,new_listings,57,listings,0,,vend-scraper-v2/daily_filtered
2026-09-20,daily,NO,finn.no,jobs_positions,,,listings,29722,listings,0,,vend-scraper-v2/daily_filtered
2026-09-20,daily,NO,finn.no,jobs_positions,,,new_listings,94,listings,0,,vend-scraper-v2/daily_filtered
2026-09-20,daily,NO,finn.no,mobility_cars,dealer,,listings,51790,listings,0,,vend-scraper-v2/daily_filtered
2026-09-20,daily,NO,finn.no,mobility_cars,dealer,,new_listings,443,listings,0,,vend-scraper-v2/daily_filtered
2026-09-20,daily,NO,finn.no,mobility_cars,private,,listings,18039,listings,0,,vend-scraper-v2/daily_filtered
2026-09-20,daily,NO,finn.no,mobility_cars,private,,new_listings,1143,listings,0,,vend-scraper-v2/daily_filtered
2026-09-20,daily,NO,finn.no,mobility_other,dealer,,listings,26437,listings,0,,vend-scraper-v2/daily_filtered
2026-09-20,daily,NO,finn.no,mobility_other,dealer,,new_listings,197,listings,0,,vend-scraper-v2/daily_filtered
2026-09-20,daily,NO,finn.no,mobility_other,private,,listings,13740,listings,0,,vend-scraper-v2/daily_filtered
2026-09-20,daily,NO,finn.no,mobility_other,private,,new_listings,626,listings,0,,vend-scraper-v2/daily_filtered
2026-09-20,daily,NO,finn.no,real_estate_homes,,,listings,23022,listings,0,,vend-scraper-v2/daily_filtered
2026-09-20,daily,NO,finn.no,real_estate_homes,,,new_listings,213,listings,0,,vend-scraper-v2/daily_filtered
2026-09-20,weekly,NO,finn.no,real_estate_homes,,large,package_count,14156,listings,0,,finn-bolig-packages/packages_history
2026-09-20,weekly,NO,finn.no,real_estate_homes,,large,package_share,61.5,pct,0,,finn-bolig-packages/packages_history
2026-09-20,weekly,NO,finn.no,real_estate_homes,,medium,package_count,8209,listings,0,,finn-bolig-packages/packages_history
2026-09-20,weekly,NO,finn.no,real_estate_homes,,medium,package_share,35.7,pct,0,,finn-bolig-packages/packages_history
2026-09-20,weekly,NO,finn.no,real_estate_homes,,small,package_count,656,listings,0,,finn-bolig-packages/packages_history
2026-09-20,weekly,NO,finn.no,real_estate_homes,,small,package_share,2.8,pct,0,,finn-bolig-packages/packages_history
2026-09-20,daily,NO,finn.no,real_estate_homes_new,,,listings,18075,listings,0,,vend-scraper-v2/daily_filtered
2026-09-20,daily,NO,finn.no,real_estate_homes_new,,,new_listings,400,listings,0,,vend-scraper-v2/daily_filtered
2026-09-20,daily,NO,finn.no,real_estate_other,,,listings,26357,listings,0,,vend-scraper-v2/daily_filtered
2026-09-20,daily,NO,finn.no,real_estate_other,,,new_listings,422,listings,0,,vend-scraper-v2/daily_filtered
2026-09-20,daily,SE,hemnet.se,real_estate_homes,,,listings,35367,listings,0,,vend-scraper-v2/daily_filtered
2026-09-20,daily,SE,hemnet.se,real_estate_homes,,,new_listings,787,listings,0,,vend-scraper-v2/daily_filtered
2026-09-20,daily,SE,hemnet.se,real_estate_homes_upcoming,,,listings,5908,listings,0,,vend-scraper-v2/daily_filtered
2026-09-20,daily,NO,hjem.no,real_estate_homes,,,listings,9010,listings,0,,vend-scraper-v2/daily_filtered
2026-09-20,daily,FI,oikotie.fi,real_estate_homes,,,listings,48153,listings,0,,vend-scraper-v2/daily_filtered
2026-09-20,daily,FI,oikotie.fi,real_estate_homes,,,new_listings,340,listings,0,,vend-scraper-v2/daily_filtered
2026-09-20,daily,SE,tradera.com,mobility_cars,dealer,,listings,45996,listings,0,,vend-scraper-v2/daily_filtered
2026-09-20,daily,SE,tradera.com,mobility_cars,private,,listings,2870,listings,0,,vend-scraper-v2/daily_filtered
2026-09-20,daily,SE,wayke.se,mobility_cars,dealer,,listings,51565,listings,0,,vend-scraper-v2/daily_filtered
2026-09-21,daily,DK,bilbasen.dk,mobility_cars,dealer,,listings,47284,listings,0,,vend-scraper-v2/daily_filtered
2026-09-21,daily,DK,bilbasen.dk,mobility_cars,private,,listings,4130,listings,0,,vend-scraper-v2/daily_filtered
2026-09-21,daily,DK,bilhandel.dk,mobility_cars,dealer,,listings,26362,listings,0,,vend-scraper-v2/daily_filtered
2026-09-21,daily,DK,bilhandel.dk,mobility_cars,private,,listings,2160,listings,0,,vend-scraper-v2/daily_filtered
2026-09-21,daily,DK,biltorvet.dk,mobility_cars,dealer,,listings,43859,listings,0,,vend-scraper-v2/daily_filtered
2026-09-21,daily,DK,biltorvet.dk,mobility_cars,private,,listings,1799,listings,0,,vend-scraper-v2/daily_filtered
2026-09-21,daily,SE,blocket.se,mobility_cars,dealer,,listings,122365,listings,0,,vend-scraper-v2/daily_filtered
2026-09-21,daily,SE,blocket.se,mobility_cars,dealer,,new_listings,4635,listings,0,,vend-scraper-v2/daily_filtered
2026-09-21,weekly,SE,blocket.se,mobility_cars,dealer,basis,package_sample_count,8120,sampled_listings,1,,finn-mobility-packages/weekly_package_mix
2026-09-21,weekly,SE,blocket.se,mobility_cars,dealer,basis,package_share,66.2,pct,1,,finn-mobility-packages/weekly_package_mix
2026-09-21,weekly,SE,blocket.se,mobility_cars,dealer,pluss,package_sample_count,403,sampled_listings,1,,finn-mobility-packages/weekly_package_mix
2026-09-21,weekly,SE,blocket.se,mobility_cars,dealer,pluss,package_share,3.3,pct,1,,finn-mobility-packages/weekly_package_mix
2026-09-21,weekly,SE,blocket.se,mobility_cars,dealer,premium,package_sample_count,3750,sampled_listings,1,,finn-mobility-packages/weekly_package_mix
2026-09-21,weekly,SE,blocket.se,mobility_cars,dealer,premium,package_share,30.6,pct,1,,finn-mobility-packages/weekly_package_mix
2026-09-21,daily,SE,blocket.se,mobility_cars,private,,listings,25869,listings,0,,vend-scraper-v2/daily_filtered
2026-09-21,daily,SE,blocket.se,mobility_cars,private,,new_listings,1109,listings,0,,vend-scraper-v2/daily_filtered
2026-09-21,daily,SE,blocket.se,mobility_other,dealer,,listings,63354,listings,0,,vend-scraper-v2/daily_filtered
2026-09-21,daily,SE,blocket.se,mobility_other,dealer,,new_listings,1614,listings,0,,vend-scraper-v2/daily_filtered
2026-09-21,daily,SE,blocket.se,mobility_other,private,,listings,22357,listings,0,,vend-scraper-v2/daily_filtered
2026-09-21,daily,SE,blocket.se,mobility_other,private,,new_listings,576,listings,0,,vend-scraper-v2/daily_filtered
2026-09-21,daily,FI,etuovi.com,real_estate_homes,,,listings,52537,listings,0,,vend-scraper-v2/daily_filtered
2026-09-21,daily,FI,etuovi.com,real_estate_homes,,,new_listings,378,listings,0,,vend-scraper-v2/daily_filtered
2026-09-21,daily,NO,finn.no,jobs_listings,,,listings,14494,listings,0,,vend-scraper-v2/daily_filtered
2026-09-21,daily,NO,finn.no,jobs_listings,,,new_listings,809,listings,0,,vend-scraper-v2/daily_filtered
2026-09-21,daily,NO,finn.no,jobs_positions,,,listings,29179,listings,0,,vend-scraper-v2/daily_filtered
2026-09-21,daily,NO,finn.no,jobs_positions,,,new_listings,1469,listings,0,,vend-scraper-v2/daily_filtered
2026-09-21,daily,NO,finn.no,mobility_cars,dealer,,listings,51818,listings,0,,vend-scraper-v2/daily_filtered
2026-09-21,daily,NO,finn.no,mobility_cars,dealer,,new_listings,1929,listings,0,,vend-scraper-v2/daily_filtered
2026-09-21,weekly,NO,finn.no,mobility_cars,dealer,basis,package_sample_count,1739,sampled_listings,1,,finn-mobility-packages/weekly_package_mix
2026-09-21,weekly,NO,finn.no,mobility_cars,dealer,basis,package_share,33.3,pct,1,,finn-mobility-packages/weekly_package_mix
2026-09-21,weekly,NO,finn.no,mobility_cars,dealer,pluss,package_sample_count,1277,sampled_listings,1,,finn-mobility-packages/weekly_package_mix
2026-09-21,weekly,NO,finn.no,mobility_cars,dealer,pluss,package_share,24.4,pct,1,,finn-mobility-packages/weekly_package_mix
2026-09-21,weekly,NO,finn.no,mobility_cars,dealer,premium,package_sample_count,2208,sampled_listings,1,,finn-mobility-packages/weekly_package_mix
2026-09-21,weekly,NO,finn.no,mobility_cars,dealer,premium,package_share,42.3,pct,1,,finn-mobility-packages/weekly_package_mix
2026-09-21,daily,NO,finn.no,mobility_cars,private,,listings,18046,listings,0,,vend-scraper-v2/daily_filtered
2026-09-21,daily,NO,finn.no,mobility_cars,private,,new_listings,936,listings,0,,vend-scraper-v2/daily_filtered
2026-09-21,daily,NO,finn.no,mobility_other,dealer,,listings,26518,listings,0,,vend-scraper-v2/daily_filtered
2026-09-21,daily,NO,finn.no,mobility_other,dealer,,new_listings,700,listings,0,,vend-scraper-v2/daily_filtered
2026-09-21,daily,NO,finn.no,mobility_other,private,,listings,13679,listings,0,,vend-scraper-v2/daily_filtered
2026-09-21,daily,NO,finn.no,mobility_other,private,,new_listings,576,listings,0,,vend-scraper-v2/daily_filtered
2026-09-21,daily,NO,finn.no,real_estate_homes,,,listings,22758,listings,0,,vend-scraper-v2/daily_filtered
2026-09-21,daily,NO,finn.no,real_estate_homes,,,new_listings,518,listings,0,,vend-scraper-v2/daily_filtered
2026-09-21,daily,NO,finn.no,real_estate_homes_new,,,listings,18046,listings,0,,vend-scraper-v2/daily_filtered
2026-09-21,daily,NO,finn.no,real_estate_homes_new,,,new_listings,550,listings,0,,vend-scraper-v2/daily_filtered
2026-09-21,daily,NO,finn.no,real_estate_other,,,listings,26362,listings,0,,vend-scraper-v2/daily_filtered
2026-09-21,daily,NO,finn.no,real_estate_other,,,new_listings,561,listings,0,,vend-scraper-v2/daily_filtered
2026-09-21,daily,SE,hemnet.se,real_estate_homes,,,listings,35140,listings,0,,vend-scraper-v2/daily_filtered
2026-09-21,daily,SE,hemnet.se,real_estate_homes,,,new_listings,1515,listings,0,,vend-scraper-v2/daily_filtered
2026-09-21,daily,SE,hemnet.se,real_estate_homes_upcoming,,,listings,5891,listings,0,,vend-scraper-v2/daily_filtered
2026-09-21,daily,NO,hjem.no,real_estate_homes,,,listings,8930,listings,0,,vend-scraper-v2/daily_filtered
2026-09-21,daily,FI,oikotie.fi,real_estate_homes,,,listings,48123,listings,0,,vend-scraper-v2/daily_filtered
2026-09-21,daily,FI,oikotie.fi,real_estate_homes,,,new_listings,498,listings,0,,vend-scraper-v2/daily_filtered
2026-09-21,daily,SE,tradera.com,mobility_cars,dealer,,listings,46308,listings,0,,vend-scraper-v2/daily_filtered
2026-09-21,daily,SE,tradera.com,mobility_cars,private,,listings,2893,listings,0,,vend-scraper-v2/daily_filtered
2026-09-21,daily,SE,wayke.se,mobility_cars,dealer,,listings,51616,listings,0,,vend-scraper-v2/daily_filtered
2026-09-22,daily,DK,bilbasen.dk,mobility_cars,dealer,,listings,47317,listings,0,,vend-scraper-v2/daily_filtered
2026-09-22,daily,DK,bilbasen.dk,mobility_cars,private,,listings,4128,listings,0,,vend-scraper-v2/daily_filtered
2026-09-22,daily,DK,bilhandel.dk,mobility_cars,dealer,,listings,26428,listings,0,,vend-scraper-v2/daily_filtered
2026-09-22,daily,DK,bilhandel.dk,mobility_cars,private,,listings,2153,listings,0,,vend-scraper-v2/daily_filtered
2026-09-22,daily,DK,biltorvet.dk,mobility_cars,dealer,,listings,43944,listings,0,,vend-scraper-v2/daily_filtered
2026-09-22,daily,DK,biltorvet.dk,mobility_cars,private,,listings,1812,listings,0,,vend-scraper-v2/daily_filtered
2026-09-22,daily,SE,blocket.se,mobility_cars,dealer,,listings,122816,listings,0,,vend-scraper-v2/daily_filtered
2026-09-22,daily,SE,blocket.se,mobility_cars,dealer,,new_listings,5485,listings,0,,vend-scraper-v2/daily_filtered
2026-09-22,daily,SE,blocket.se,mobility_cars,private,,listings,25906,listings,0,,vend-scraper-v2/daily_filtered
2026-09-22,daily,SE,blocket.se,mobility_cars,private,,new_listings,1116,listings,0,,vend-scraper-v2/daily_filtered
2026-09-22,daily,SE,blocket.se,mobility_other,dealer,,listings,63427,listings,0,,vend-scraper-v2/daily_filtered
2026-09-22,daily,SE,blocket.se,mobility_other,dealer,,new_listings,1541,listings,0,,vend-scraper-v2/daily_filtered
2026-09-22,daily,SE,blocket.se,mobility_other,private,,listings,22151,listings,0,,vend-scraper-v2/daily_filtered
2026-09-22,daily,SE,blocket.se,mobility_other,private,,new_listings,513,listings,0,,vend-scraper-v2/daily_filtered
2026-09-22,daily,FI,etuovi.com,real_estate_homes,,,listings,52576,listings,0,,vend-scraper-v2/daily_filtered
2026-09-22,daily,FI,etuovi.com,real_estate_homes,,,new_listings,422,listings,0,,vend-scraper-v2/daily_filtered
2026-09-22,daily,NO,finn.no,jobs_listings,,,listings,14643,listings,0,,vend-scraper-v2/daily_filtered
2026-09-22,daily,NO,finn.no,jobs_listings,,,new_listings,814,listings,0,,vend-scraper-v2/daily_filtered
2026-09-22,daily,NO,finn.no,jobs_positions,,,listings,29411,listings,0,,vend-scraper-v2/daily_filtered
2026-09-22,daily,NO,finn.no,jobs_positions,,,new_listings,1408,listings,0,,vend-scraper-v2/daily_filtered
2026-09-22,daily,NO,finn.no,mobility_cars,dealer,,listings,52298,listings,0,,vend-scraper-v2/daily_filtered
2026-09-22,daily,NO,finn.no,mobility_cars,dealer,,new_listings,2107,listings,0,,vend-scraper-v2/daily_filtered
2026-09-22,daily,NO,finn.no,mobility_cars,private,,listings,18049,listings,0,,vend-scraper-v2/daily_filtered
2026-09-22,daily,NO,finn.no,mobility_cars,private,,new_listings,972,listings,0,,vend-scraper-v2/daily_filtered
2026-09-22,daily,NO,finn.no,mobility_other,dealer,,listings,26669,listings,0,,vend-scraper-v2/daily_filtered
2026-09-22,daily,NO,finn.no,mobility_other,dealer,,new_listings,641,listings,0,,vend-scraper-v2/daily_filtered
2026-09-22,daily,NO,finn.no,mobility_other,private,,listings,13519,listings,0,,vend-scraper-v2/daily_filtered
2026-09-22,daily,NO,finn.no,mobility_other,private,,new_listings,519,listings,0,,vend-scraper-v2/daily_filtered
2026-09-22,daily,NO,finn.no,real_estate_homes,,,listings,23047,listings,0,,vend-scraper-v2/daily_filtered
2026-09-22,daily,NO,finn.no,real_estate_homes,,,new_listings,564,listings,0,,vend-scraper-v2/daily_filtered
2026-09-22,daily,NO,finn.no,real_estate_homes_new,,,listings,18146,listings,0,,vend-scraper-v2/daily_filtered
2026-09-22,daily,NO,finn.no,real_estate_homes_new,,,new_listings,555,listings,0,,vend-scraper-v2/daily_filtered
2026-09-22,daily,NO,finn.no,real_estate_other,,,listings,26459,listings,0,,vend-scraper-v2/daily_filtered
2026-09-22,daily,NO,finn.no,real_estate_other,,,new_listings,598,listings,0,,vend-scraper-v2/daily_filtered
2026-09-22,daily,SE,hemnet.se,real_estate_homes,,,listings,34934,listings,0,,vend-scraper-v2/daily_filtered
2026-09-22,daily,SE,hemnet.se,real_estate_homes,,,new_listings,1864,listings,0,,vend-scraper-v2/daily_filtered
2026-09-22,daily,SE,hemnet.se,real_estate_homes_upcoming,,,listings,5925,listings,0,,vend-scraper-v2/daily_filtered
2026-09-22,daily,NO,hjem.no,real_estate_homes,,,listings,9046,listings,0,,vend-scraper-v2/daily_filtered
2026-09-22,daily,FI,oikotie.fi,real_estate_homes,,,listings,48114,listings,0,,vend-scraper-v2/daily_filtered
2026-09-22,daily,FI,oikotie.fi,real_estate_homes,,,new_listings,665,listings,0,,vend-scraper-v2/daily_filtered
2026-09-22,daily,SE,tradera.com,mobility_cars,dealer,,listings,46550,listings,0,,vend-scraper-v2/daily_filtered
2026-09-22,daily,SE,tradera.com,mobility_cars,private,,listings,2904,listings,0,,vend-scraper-v2/daily_filtered
2026-09-22,daily,SE,wayke.se,mobility_cars,dealer,,listings,51972,listings,0,,vend-scraper-v2/daily_filtered
2026-09-23,daily,DK,bilbasen.dk,mobility_cars,dealer,,listings,47581,listings,0,,vend-scraper-v2/daily_filtered
2026-09-23,daily,DK,bilbasen.dk,mobility_cars,private,,listings,4121,listings,0,,vend-scraper-v2/daily_filtered
2026-09-23,daily,DK,bilhandel.dk,mobility_cars,dealer,,listings,26529,listings,0,,vend-scraper-v2/daily_filtered
2026-09-23,daily,DK,bilhandel.dk,mobility_cars,private,,listings,2153,listings,0,,vend-scraper-v2/daily_filtered
2026-09-23,daily,DK,biltorvet.dk,mobility_cars,dealer,,listings,44165,listings,0,,vend-scraper-v2/daily_filtered
2026-09-23,daily,DK,biltorvet.dk,mobility_cars,private,,listings,1828,listings,0,,vend-scraper-v2/daily_filtered
2026-09-23,daily,SE,blocket.se,mobility_cars,dealer,,listings,123153,listings,0,,vend-scraper-v2/daily_filtered
2026-09-23,daily,SE,blocket.se,mobility_cars,dealer,,new_listings,5103,listings,0,,vend-scraper-v2/daily_filtered
2026-09-23,daily,SE,blocket.se,mobility_cars,private,,listings,25914,listings,0,,vend-scraper-v2/daily_filtered
2026-09-23,daily,SE,blocket.se,mobility_cars,private,,new_listings,1082,listings,0,,vend-scraper-v2/daily_filtered
2026-09-23,daily,SE,blocket.se,mobility_other,dealer,,listings,63689,listings,0,,vend-scraper-v2/daily_filtered
2026-09-23,daily,SE,blocket.se,mobility_other,dealer,,new_listings,1720,listings,0,,vend-scraper-v2/daily_filtered
2026-09-23,daily,SE,blocket.se,mobility_other,private,,listings,21978,listings,0,,vend-scraper-v2/daily_filtered
2026-09-23,daily,SE,blocket.se,mobility_other,private,,new_listings,527,listings,0,,vend-scraper-v2/daily_filtered
2026-09-23,daily,FI,etuovi.com,real_estate_homes,,,listings,52599,listings,0,,vend-scraper-v2/daily_filtered
2026-09-23,daily,FI,etuovi.com,real_estate_homes,,,new_listings,446,listings,0,,vend-scraper-v2/daily_filtered
2026-09-23,daily,NO,finn.no,jobs_listings,,,listings,14840,listings,0,,vend-scraper-v2/daily_filtered
2026-09-23,daily,NO,finn.no,jobs_listings,,,new_listings,727,listings,0,,vend-scraper-v2/daily_filtered
2026-09-23,daily,NO,finn.no,jobs_positions,,,listings,29820,listings,0,,vend-scraper-v2/daily_filtered
2026-09-23,daily,NO,finn.no,jobs_positions,,,new_listings,1436,listings,0,,vend-scraper-v2/daily_filtered
2026-09-23,daily,NO,finn.no,mobility_cars,dealer,,listings,53253,listings,0,,vend-scraper-v2/daily_filtered
2026-09-23,daily,NO,finn.no,mobility_cars,dealer,,new_listings,2174,listings,0,,vend-scraper-v2/daily_filtered
2026-09-23,daily,NO,finn.no,mobility_cars,private,,listings,18010,listings,0,,vend-scraper-v2/daily_filtered
2026-09-23,daily,NO,finn.no,mobility_cars,private,,new_listings,894,listings,0,,vend-scraper-v2/daily_filtered
2026-09-23,daily,NO,finn.no,mobility_other,dealer,,listings,26824,listings,0,,vend-scraper-v2/daily_filtered
2026-09-23,daily,NO,finn.no,mobility_other,dealer,,new_listings,636,listings,0,,vend-scraper-v2/daily_filtered
2026-09-23,daily,NO,finn.no,mobility_other,private,,listings,13353,listings,0,,vend-scraper-v2/daily_filtered
2026-09-23,daily,NO,finn.no,mobility_other,private,,new_listings,507,listings,0,,vend-scraper-v2/daily_filtered
2026-09-23,daily,NO,finn.no,real_estate_homes,,,listings,23320,listings,0,,vend-scraper-v2/daily_filtered
2026-09-23,daily,NO,finn.no,real_estate_homes,,,new_listings,495,listings,0,,vend-scraper-v2/daily_filtered
2026-09-23,daily,NO,finn.no,real_estate_homes_new,,,listings,18033,listings,0,,vend-scraper-v2/daily_filtered
2026-09-23,daily,NO,finn.no,real_estate_homes_new,,,new_listings,418,listings,0,,vend-scraper-v2/daily_filtered
2026-09-23,daily,NO,finn.no,real_estate_other,,,listings,26487,listings,0,,vend-scraper-v2/daily_filtered
2026-09-23,daily,NO,finn.no,real_estate_other,,,new_listings,556,listings,0,,vend-scraper-v2/daily_filtered
2026-09-23,daily,SE,hemnet.se,real_estate_homes,,,listings,34769,listings,0,,vend-scraper-v2/daily_filtered
2026-09-23,daily,SE,hemnet.se,real_estate_homes,,,new_listings,1526,listings,0,,vend-scraper-v2/daily_filtered
2026-09-23,daily,SE,hemnet.se,real_estate_homes_upcoming,,,listings,5940,listings,0,,vend-scraper-v2/daily_filtered
2026-09-23,daily,NO,hjem.no,real_estate_homes,,,listings,9128,listings,0,,vend-scraper-v2/daily_filtered
2026-09-23,daily,FI,oikotie.fi,real_estate_homes,,,listings,48121,listings,0,,vend-scraper-v2/daily_filtered
2026-09-23,daily,FI,oikotie.fi,real_estate_homes,,,new_listings,697,listings,0,,vend-scraper-v2/daily_filtered
2026-09-23,daily,SE,tradera.com,mobility_cars,dealer,,listings,47235,listings,0,,vend-scraper-v2/daily_filtered
2026-09-23,daily,SE,tradera.com,mobility_cars,private,,listings,2924,listings,0,,vend-scraper-v2/daily_filtered
2026-09-23,daily,SE,wayke.se,mobility_cars,dealer,,listings,52088,listings,0,,vend-scraper-v2/daily_filtered
2026-09-24,daily,DK,bilbasen.dk,mobility_cars,dealer,,listings,47716,listings,0,,vend-scraper-v2/daily_filtered
2026-09-24,daily,DK,bilbasen.dk,mobility_cars,private,,listings,4136,listings,0,,vend-scraper-v2/daily_filtered
2026-09-24,daily,DK,bilhandel.dk,mobility_cars,dealer,,listings,26632,listings,0,,vend-scraper-v2/daily_filtered
2026-09-24,daily,DK,bilhandel.dk,mobility_cars,private,,listings,2150,listings,0,,vend-scraper-v2/daily_filtered
2026-09-24,daily,DK,biltorvet.dk,mobility_cars,dealer,,listings,44302,listings,0,,vend-scraper-v2/daily_filtered
2026-09-24,daily,DK,biltorvet.dk,mobility_cars,private,,listings,1844,listings,0,,vend-scraper-v2/daily_filtered
2026-09-24,daily,SE,blocket.se,mobility_cars,dealer,,listings,123578,listings,0,,vend-scraper-v2/daily_filtered
2026-09-24,daily,SE,blocket.se,mobility_cars,dealer,,new_listings,5022,listings,0,,vend-scraper-v2/daily_filtered
2026-09-24,daily,SE,blocket.se,mobility_cars,private,,listings,25932,listings,0,,vend-scraper-v2/daily_filtered
2026-09-24,daily,SE,blocket.se,mobility_cars,private,,new_listings,1083,listings,0,,vend-scraper-v2/daily_filtered
2026-09-24,daily,SE,blocket.se,mobility_other,dealer,,listings,63738,listings,0,,vend-scraper-v2/daily_filtered
2026-09-24,daily,SE,blocket.se,mobility_other,dealer,,new_listings,1474,listings,0,,vend-scraper-v2/daily_filtered
2026-09-24,daily,SE,blocket.se,mobility_other,private,,listings,21679,listings,0,,vend-scraper-v2/daily_filtered
2026-09-24,daily,SE,blocket.se,mobility_other,private,,new_listings,483,listings,0,,vend-scraper-v2/daily_filtered
2026-09-24,daily,FI,etuovi.com,real_estate_homes,,,listings,52661,listings,0,,vend-scraper-v2/daily_filtered
2026-09-24,daily,FI,etuovi.com,real_estate_homes,,,new_listings,448,listings,0,,vend-scraper-v2/daily_filtered
2026-09-24,daily,NO,finn.no,jobs_listings,,,listings,15064,listings,0,,vend-scraper-v2/daily_filtered
2026-09-24,daily,NO,finn.no,jobs_listings,,,new_listings,721,listings,0,,vend-scraper-v2/daily_filtered
2026-09-24,daily,NO,finn.no,jobs_positions,,,listings,30216,listings,0,,vend-scraper-v2/daily_filtered
2026-09-24,daily,NO,finn.no,jobs_positions,,,new_listings,1289,listings,0,,vend-scraper-v2/daily_filtered
2026-09-24,daily,NO,finn.no,mobility_cars,dealer,,listings,53340,listings,0,,vend-scraper-v2/daily_filtered
2026-09-24,daily,NO,finn.no,mobility_cars,dealer,,new_listings,1760,listings,0,,vend-scraper-v2/daily_filtered
2026-09-24,daily,NO,finn.no,mobility_cars,private,,listings,17980,listings,0,,vend-scraper-v2/daily_filtered
2026-09-24,daily,NO,finn.no,mobility_cars,private,,new_listings,897,listings,0,,vend-scraper-v2/daily_filtered
2026-09-24,daily,NO,finn.no,mobility_other,dealer,,listings,26959,listings,0,,vend-scraper-v2/daily_filtered
2026-09-24,daily,NO,finn.no,mobility_other,dealer,,new_listings,772,listings,0,,vend-scraper-v2/daily_filtered
2026-09-24,daily,NO,finn.no,mobility_other,private,,listings,13182,listings,0,,vend-scraper-v2/daily_filtered
2026-09-24,daily,NO,finn.no,mobility_other,private,,new_listings,465,listings,0,,vend-scraper-v2/daily_filtered
2026-09-24,daily,NO,finn.no,real_estate_homes,,,listings,23123,listings,0,,vend-scraper-v2/daily_filtered
2026-09-24,daily,NO,finn.no,real_estate_homes,,,new_listings,496,listings,0,,vend-scraper-v2/daily_filtered
2026-09-24,daily,NO,finn.no,real_estate_homes_new,,,listings,18016,listings,0,,vend-scraper-v2/daily_filtered
2026-09-24,daily,NO,finn.no,real_estate_homes_new,,,new_listings,429,listings,0,,vend-scraper-v2/daily_filtered
2026-09-24,daily,NO,finn.no,real_estate_other,,,listings,26431,listings,0,,vend-scraper-v2/daily_filtered
2026-09-24,daily,NO,finn.no,real_estate_other,,,new_listings,506,listings,0,,vend-scraper-v2/daily_filtered
2026-09-24,daily,SE,hemnet.se,real_estate_homes,,,listings,34586,listings,0,,vend-scraper-v2/daily_filtered
2026-09-24,daily,SE,hemnet.se,real_estate_homes,,,new_listings,1544,listings,0,,vend-scraper-v2/daily_filtered
2026-09-24,daily,SE,hemnet.se,real_estate_homes_upcoming,,,listings,5973,listings,0,,vend-scraper-v2/daily_filtered
2026-09-24,daily,NO,hjem.no,real_estate_homes,,,listings,9021,listings,0,,vend-scraper-v2/daily_filtered
2026-09-24,daily,FI,oikotie.fi,real_estate_homes,,,listings,48153,listings,0,,vend-scraper-v2/daily_filtered
2026-09-24,daily,FI,oikotie.fi,real_estate_homes,,,new_listings,761,listings,0,,vend-scraper-v2/daily_filtered
2026-09-24,daily,SE,tradera.com,mobility_cars,dealer,,listings,47342,listings,0,,vend-scraper-v2/daily_filtered
2026-09-24,daily,SE,tradera.com,mobility_cars,private,,listings,2956,listings,0,,vend-scraper-v2/daily_filtered
2026-09-24,daily,SE,wayke.se,mobility_cars,dealer,,listings,52305,listings,0,,vend-scraper-v2/daily_filtered
2026-09-25,daily,DK,bilbasen.dk,mobility_cars,dealer,,listings,48063,listings,0,,vend-scraper-v2/daily_filtered
2026-09-25,daily,DK,bilbasen.dk,mobility_cars,private,,listings,4123,listings,0,,vend-scraper-v2/daily_filtered
2026-09-25,daily,DK,bilhandel.dk,mobility_cars,dealer,,listings,26701,listings,0,,vend-scraper-v2/daily_filtered
2026-09-25,daily,DK,bilhandel.dk,mobility_cars,private,,listings,2153,listings,0,,vend-scraper-v2/daily_filtered
2026-09-25,daily,DK,biltorvet.dk,mobility_cars,dealer,,listings,44573,listings,0,,vend-scraper-v2/daily_filtered
2026-09-25,daily,DK,biltorvet.dk,mobility_cars,private,,listings,1862,listings,0,,vend-scraper-v2/daily_filtered
2026-09-25,daily,SE,blocket.se,mobility_cars,dealer,,listings,123944,listings,0,,vend-scraper-v2/daily_filtered
2026-09-25,daily,SE,blocket.se,mobility_cars,dealer,,new_listings,5526,listings,0,,vend-scraper-v2/daily_filtered
2026-09-25,daily,SE,blocket.se,mobility_cars,private,,listings,25984,listings,0,,vend-scraper-v2/daily_filtered
2026-09-25,daily,SE,blocket.se,mobility_cars,private,,new_listings,1429,listings,0,,vend-scraper-v2/daily_filtered
2026-09-25,daily,SE,blocket.se,mobility_other,dealer,,listings,64016,listings,0,,vend-scraper-v2/daily_filtered
2026-09-25,daily,SE,blocket.se,mobility_other,dealer,,new_listings,1583,listings,0,,vend-scraper-v2/daily_filtered
2026-09-25,daily,SE,blocket.se,mobility_other,private,,listings,21407,listings,0,,vend-scraper-v2/daily_filtered
2026-09-25,daily,SE,blocket.se,mobility_other,private,,new_listings,559,listings,0,,vend-scraper-v2/daily_filtered
2026-09-25,daily,FI,etuovi.com,real_estate_homes,,,listings,52722,listings,0,,vend-scraper-v2/daily_filtered
2026-09-25,daily,FI,etuovi.com,real_estate_homes,,,new_listings,472,listings,0,,vend-scraper-v2/daily_filtered
2026-09-25,daily,NO,finn.no,jobs_listings,,,listings,15423,listings,0,,vend-scraper-v2/daily_filtered
2026-09-25,daily,NO,finn.no,jobs_listings,,,new_listings,883,listings,0,,vend-scraper-v2/daily_filtered
2026-09-25,daily,NO,finn.no,jobs_positions,,,listings,30657,listings,0,,vend-scraper-v2/daily_filtered
2026-09-25,daily,NO,finn.no,jobs_positions,,,new_listings,1535,listings,0,,vend-scraper-v2/daily_filtered
2026-09-25,daily,NO,finn.no,mobility_cars,dealer,,listings,53508,listings,0,,vend-scraper-v2/daily_filtered
2026-09-25,daily,NO,finn.no,mobility_cars,dealer,,new_listings,1890,listings,0,,vend-scraper-v2/daily_filtered
2026-09-25,daily,NO,finn.no,mobility_cars,private,,listings,17892,listings,0,,vend-scraper-v2/daily_filtered
2026-09-25,daily,NO,finn.no,mobility_cars,private,,new_listings,820,listings,0,,vend-scraper-v2/daily_filtered
2026-09-25,daily,NO,finn.no,mobility_other,dealer,,listings,27253,listings,0,,vend-scraper-v2/daily_filtered
2026-09-25,daily,NO,finn.no,mobility_other,dealer,,new_listings,716,listings,0,,vend-scraper-v2/daily_filtered
2026-09-25,daily,NO,finn.no,mobility_other,private,,listings,12957,listings,0,,vend-scraper-v2/daily_filtered
2026-09-25,daily,NO,finn.no,mobility_other,private,,new_listings,403,listings,0,,vend-scraper-v2/daily_filtered
2026-09-25,daily,NO,finn.no,real_estate_homes,,,listings,23132,listings,0,,vend-scraper-v2/daily_filtered
2026-09-25,daily,NO,finn.no,real_estate_homes,,,new_listings,893,listings,0,,vend-scraper-v2/daily_filtered
2026-09-25,daily,NO,finn.no,real_estate_homes_new,,,listings,18022,listings,0,,vend-scraper-v2/daily_filtered
2026-09-25,daily,NO,finn.no,real_estate_homes_new,,,new_listings,409,listings,0,,vend-scraper-v2/daily_filtered
2026-09-25,daily,NO,finn.no,real_estate_other,,,listings,26576,listings,0,,vend-scraper-v2/daily_filtered
2026-09-25,daily,NO,finn.no,real_estate_other,,,new_listings,649,listings,0,,vend-scraper-v2/daily_filtered
2026-09-25,daily,SE,hemnet.se,real_estate_homes,,,listings,34958,listings,0,,vend-scraper-v2/daily_filtered
2026-09-25,daily,SE,hemnet.se,real_estate_homes,,,new_listings,2135,listings,0,,vend-scraper-v2/daily_filtered
2026-09-25,daily,SE,hemnet.se,real_estate_homes_upcoming,,,listings,5902,listings,0,,vend-scraper-v2/daily_filtered
2026-09-25,daily,NO,hjem.no,real_estate_homes,,,listings,8971,listings,0,,vend-scraper-v2/daily_filtered
2026-09-25,daily,FI,oikotie.fi,real_estate_homes,,,listings,48212,listings,0,,vend-scraper-v2/daily_filtered
2026-09-25,daily,FI,oikotie.fi,real_estate_homes,,,new_listings,809,listings,0,,vend-scraper-v2/daily_filtered
2026-09-25,daily,SE,tradera.com,mobility_cars,dealer,,listings,47561,listings,0,,vend-scraper-v2/daily_filtered
2026-09-25,daily,SE,tradera.com,mobility_cars,private,,listings,2947,listings,0,,vend-scraper-v2/daily_filtered
2026-09-25,daily,SE,wayke.se,mobility_cars,dealer,,listings,52564,listings,0,,vend-scraper-v2/daily_filtered
2026-09-26,daily,DK,bilbasen.dk,mobility_cars,dealer,,listings,47961,listings,0,,vend-scraper-v2/daily_filtered
2026-09-26,daily,DK,bilbasen.dk,mobility_cars,private,,listings,4146,listings,0,,vend-scraper-v2/daily_filtered
2026-09-26,daily,DK,bilhandel.dk,mobility_cars,dealer,,listings,26601,listings,0,,vend-scraper-v2/daily_filtered
2026-09-26,daily,DK,bilhandel.dk,mobility_cars,private,,listings,2172,listings,0,,vend-scraper-v2/daily_filtered
2026-09-26,daily,DK,biltorvet.dk,mobility_cars,dealer,,listings,44462,listings,0,,vend-scraper-v2/daily_filtered
2026-09-26,daily,DK,biltorvet.dk,mobility_cars,private,,listings,1889,listings,0,,vend-scraper-v2/daily_filtered
2026-09-26,daily,SE,blocket.se,mobility_cars,dealer,,listings,123108,listings,0,,vend-scraper-v2/daily_filtered
2026-09-26,daily,SE,blocket.se,mobility_cars,dealer,,new_listings,2361,listings,0,,vend-scraper-v2/daily_filtered
2026-09-26,daily,SE,blocket.se,mobility_cars,private,,listings,26013,listings,0,,vend-scraper-v2/daily_filtered
2026-09-26,daily,SE,blocket.se,mobility_cars,private,,new_listings,1453,listings,0,,vend-scraper-v2/daily_filtered
2026-09-26,daily,SE,blocket.se,mobility_other,dealer,,listings,64033,listings,0,,vend-scraper-v2/daily_filtered
2026-09-26,daily,SE,blocket.se,mobility_other,dealer,,new_listings,624,listings,0,,vend-scraper-v2/daily_filtered
2026-09-26,daily,SE,blocket.se,mobility_other,private,,listings,21231,listings,0,,vend-scraper-v2/daily_filtered
2026-09-26,daily,SE,blocket.se,mobility_other,private,,new_listings,652,listings,0,,vend-scraper-v2/daily_filtered
2026-09-26,daily,FI,etuovi.com,real_estate_homes,,,listings,52745,listings,0,,vend-scraper-v2/daily_filtered
2026-09-26,daily,FI,etuovi.com,real_estate_homes,,,new_listings,225,listings,0,,vend-scraper-v2/daily_filtered
2026-09-26,daily,NO,finn.no,jobs_listings,,,listings,15020,listings,0,,vend-scraper-v2/daily_filtered
2026-09-26,daily,NO,finn.no,jobs_listings,,,new_listings,41,listings,0,,vend-scraper-v2/daily_filtered
2026-09-26,daily,NO,finn.no,jobs_positions,,,listings,29911,listings,0,,vend-scraper-v2/daily_filtered
2026-09-26,daily,NO,finn.no,jobs_positions,,,new_listings,81,listings,0,,vend-scraper-v2/daily_filtered
2026-09-26,daily,NO,finn.no,mobility_cars,dealer,,listings,52935,listings,0,,vend-scraper-v2/daily_filtered
2026-09-26,daily,NO,finn.no,mobility_cars,dealer,,new_listings,577,listings,0,,vend-scraper-v2/daily_filtered
2026-09-26,daily,NO,finn.no,mobility_cars,private,,listings,17899,listings,0,,vend-scraper-v2/daily_filtered
2026-09-26,daily,NO,finn.no,mobility_cars,private,,new_listings,860,listings,0,,vend-scraper-v2/daily_filtered
2026-09-26,daily,NO,finn.no,mobility_other,dealer,,listings,27136,listings,0,,vend-scraper-v2/daily_filtered
2026-09-26,daily,NO,finn.no,mobility_other,dealer,,new_listings,174,listings,0,,vend-scraper-v2/daily_filtered
2026-09-26,daily,NO,finn.no,mobility_other,private,,listings,12780,listings,0,,vend-scraper-v2/daily_filtered
2026-09-26,daily,NO,finn.no,mobility_other,private,,new_listings,415,listings,0,,vend-scraper-v2/daily_filtered
2026-09-26,daily,NO,finn.no,real_estate_homes,,,listings,22819,listings,0,,vend-scraper-v2/daily_filtered
2026-09-26,daily,NO,finn.no,real_estate_homes,,,new_listings,270,listings,0,,vend-scraper-v2/daily_filtered
2026-09-26,daily,NO,finn.no,real_estate_homes_new,,,listings,17989,listings,0,,vend-scraper-v2/daily_filtered
2026-09-26,daily,NO,finn.no,real_estate_homes_new,,,new_listings,345,listings,0,,vend-scraper-v2/daily_filtered
2026-09-26,daily,NO,finn.no,real_estate_other,,,listings,26500,listings,0,,vend-scraper-v2/daily_filtered
2026-09-26,daily,NO,finn.no,real_estate_other,,,new_listings,329,listings,0,,vend-scraper-v2/daily_filtered
2026-09-26,daily,NO,hjem.no,real_estate_homes,,,listings,8841,listings,0,,vend-scraper-v2/daily_filtered
2026-09-26,daily,FI,oikotie.fi,real_estate_homes,,,listings,48251,listings,0,,vend-scraper-v2/daily_filtered
2026-09-26,daily,FI,oikotie.fi,real_estate_homes,,,new_listings,613,listings,0,,vend-scraper-v2/daily_filtered
2026-09-26,daily,SE,tradera.com,mobility_cars,dealer,,listings,47083,listings,0,,vend-scraper-v2/daily_filtered
2026-09-26,daily,SE,tradera.com,mobility_cars,private,,listings,2948,listings,0,,vend-scraper-v2/daily_filtered
2026-09-26,daily,SE,wayke.se,mobility_cars,dealer,,listings,52067,listings,0,,vend-scraper-v2/daily_filtered
2026-09-27,daily,DK,bilbasen.dk,mobility_cars,dealer,,listings,47342,listings,0,,vend-scraper-v2/daily_filtered
2026-09-27,daily,DK,bilbasen.dk,mobility_cars,private,,listings,4208,listings,0,,vend-scraper-v2/daily_filtered
2026-09-27,daily,DK,bilhandel.dk,mobility_cars,dealer,,listings,26225,listings,0,,vend-scraper-v2/daily_filtered
2026-09-27,daily,DK,bilhandel.dk,mobility_cars,private,,listings,2179,listings,0,,vend-scraper-v2/daily_filtered
2026-09-27,daily,DK,biltorvet.dk,mobility_cars,dealer,,listings,43981,listings,0,,vend-scraper-v2/daily_filtered
2026-09-27,daily,DK,biltorvet.dk,mobility_cars,private,,listings,1915,listings,0,,vend-scraper-v2/daily_filtered
2026-09-27,daily,SE,blocket.se,mobility_cars,dealer,,listings,122885,listings,0,,vend-scraper-v2/daily_filtered
2026-09-27,daily,SE,blocket.se,mobility_cars,dealer,,new_listings,1551,listings,0,,vend-scraper-v2/daily_filtered
2026-09-27,daily,SE,blocket.se,mobility_cars,private,,listings,26242,listings,0,,vend-scraper-v2/daily_filtered
2026-09-27,daily,SE,blocket.se,mobility_cars,private,,new_listings,1642,listings,0,outlier,vend-scraper-v2/daily_filtered
2026-09-27,daily,SE,blocket.se,mobility_other,dealer,,listings,63899,listings,0,,vend-scraper-v2/daily_filtered
2026-09-27,daily,SE,blocket.se,mobility_other,dealer,,new_listings,495,listings,0,,vend-scraper-v2/daily_filtered
2026-09-27,daily,SE,blocket.se,mobility_other,private,,listings,21024,listings,0,,vend-scraper-v2/daily_filtered
2026-09-27,daily,SE,blocket.se,mobility_other,private,,new_listings,769,listings,0,,vend-scraper-v2/daily_filtered
2026-09-27,daily,FI,etuovi.com,real_estate_homes,,,listings,52695,listings,0,,vend-scraper-v2/daily_filtered
2026-09-27,daily,FI,etuovi.com,real_estate_homes,,,new_listings,177,listings,0,,vend-scraper-v2/daily_filtered
2026-09-27,daily,NO,finn.no,jobs_listings,,,listings,14964,listings,0,,vend-scraper-v2/daily_filtered
2026-09-27,daily,NO,finn.no,jobs_listings,,,new_listings,51,listings,0,,vend-scraper-v2/daily_filtered
2026-09-27,daily,NO,finn.no,jobs_positions,,,listings,29824,listings,0,,vend-scraper-v2/daily_filtered
2026-09-27,daily,NO,finn.no,jobs_positions,,,new_listings,109,listings,0,,vend-scraper-v2/daily_filtered
2026-09-27,daily,NO,finn.no,mobility_cars,dealer,,listings,52101,listings,0,,vend-scraper-v2/daily_filtered
2026-09-27,daily,NO,finn.no,mobility_cars,dealer,,new_listings,437,listings,0,,vend-scraper-v2/daily_filtered
2026-09-27,daily,NO,finn.no,mobility_cars,private,,listings,18189,listings,0,,vend-scraper-v2/daily_filtered
2026-09-27,daily,NO,finn.no,mobility_cars,private,,new_listings,1152,listings,0,,vend-scraper-v2/daily_filtered
2026-09-27,daily,NO,finn.no,mobility_other,dealer,,listings,26793,listings,0,,vend-scraper-v2/daily_filtered
2026-09-27,daily,NO,finn.no,mobility_other,dealer,,new_listings,194,listings,0,,vend-scraper-v2/daily_filtered
2026-09-27,daily,NO,finn.no,mobility_other,private,,listings,12758,listings,0,,vend-scraper-v2/daily_filtered
2026-09-27,daily,NO,finn.no,mobility_other,private,,new_listings,603,listings,0,,vend-scraper-v2/daily_filtered
2026-09-27,daily,NO,finn.no,real_estate_homes,,,listings,22507,listings,0,,vend-scraper-v2/daily_filtered
2026-09-27,daily,NO,finn.no,real_estate_homes,,,new_listings,244,listings,0,,vend-scraper-v2/daily_filtered
2026-09-27,weekly,NO,finn.no,real_estate_homes,,large,package_count,13966,listings,0,,finn-bolig-packages/packages_history
2026-09-27,weekly,NO,finn.no,real_estate_homes,,large,package_share,62.1,pct,0,,finn-bolig-packages/packages_history
2026-09-27,weekly,NO,finn.no,real_estate_homes,,medium,package_count,7877,listings,0,,finn-bolig-packages/packages_history
2026-09-27,weekly,NO,finn.no,real_estate_homes,,medium,package_share,35,pct,0,,finn-bolig-packages/packages_history
2026-09-27,weekly,NO,finn.no,real_estate_homes,,small,package_count,663,listings,0,,finn-bolig-packages/packages_history
2026-09-27,weekly,NO,finn.no,real_estate_homes,,small,package_share,2.9,pct,0,,finn-bolig-packages/packages_history
2026-09-27,daily,NO,finn.no,real_estate_homes_new,,,listings,17957,listings,0,,vend-scraper-v2/daily_filtered
2026-09-27,daily,NO,finn.no,real_estate_homes_new,,,new_listings,383,listings,0,,vend-scraper-v2/daily_filtered
2026-09-27,daily,NO,finn.no,real_estate_other,,,listings,26500,listings,0,,vend-scraper-v2/daily_filtered
2026-09-27,daily,NO,finn.no,real_estate_other,,,new_listings,441,listings,0,,vend-scraper-v2/daily_filtered
2026-09-27,daily,SE,hemnet.se,real_estate_homes,,,listings,35083,listings,0,,vend-scraper-v2/daily_filtered
2026-09-27,daily,SE,hemnet.se,real_estate_homes,,,new_listings,793,listings,0,,vend-scraper-v2/daily_filtered
2026-09-27,daily,SE,hemnet.se,real_estate_homes_upcoming,,,listings,5845,listings,0,,vend-scraper-v2/daily_filtered
2026-09-27,daily,NO,hjem.no,real_estate_homes,,,listings,8742,listings,0,,vend-scraper-v2/daily_filtered
2026-09-27,daily,FI,oikotie.fi,real_estate_homes,,,listings,48229,listings,0,,vend-scraper-v2/daily_filtered
2026-09-27,daily,FI,oikotie.fi,real_estate_homes,,,new_listings,371,listings,0,,vend-scraper-v2/daily_filtered
2026-09-27,daily,SE,tradera.com,mobility_cars,dealer,,listings,46817,listings,0,,vend-scraper-v2/daily_filtered
2026-09-27,daily,SE,tradera.com,mobility_cars,private,,listings,2950,listings,0,,vend-scraper-v2/daily_filtered
2026-09-27,daily,SE,wayke.se,mobility_cars,dealer,,listings,51741,listings,0,,vend-scraper-v2/daily_filtered
2026-09-28,daily,DK,bilbasen.dk,mobility_cars,dealer,,listings,47230,listings,0,,vend-scraper-v2/daily_filtered
2026-09-28,daily,DK,bilbasen.dk,mobility_cars,private,,listings,4219,listings,0,,vend-scraper-v2/daily_filtered
2026-09-28,daily,DK,bilhandel.dk,mobility_cars,dealer,,listings,26252,listings,0,,vend-scraper-v2/daily_filtered
2026-09-28,daily,DK,bilhandel.dk,mobility_cars,private,,listings,2172,listings,0,,vend-scraper-v2/daily_filtered
2026-09-28,daily,DK,biltorvet.dk,mobility_cars,dealer,,listings,43863,listings,0,,vend-scraper-v2/daily_filtered
2026-09-28,daily,DK,biltorvet.dk,mobility_cars,private,,listings,1947,listings,0,,vend-scraper-v2/daily_filtered
2026-09-28,daily,SE,blocket.se,mobility_cars,dealer,,listings,122872,listings,0,,vend-scraper-v2/daily_filtered
2026-09-28,daily,SE,blocket.se,mobility_cars,dealer,,new_listings,4362,listings,0,,vend-scraper-v2/daily_filtered
2026-09-28,weekly,SE,blocket.se,mobility_cars,dealer,basis,package_sample_count,8302,sampled_listings,1,,finn-mobility-packages/weekly_package_mix
2026-09-28,weekly,SE,blocket.se,mobility_cars,dealer,basis,package_share,67.2,pct,1,,finn-mobility-packages/weekly_package_mix
2026-09-28,weekly,SE,blocket.se,mobility_cars,dealer,pluss,package_sample_count,323,sampled_listings,1,,finn-mobility-packages/weekly_package_mix
2026-09-28,weekly,SE,blocket.se,mobility_cars,dealer,pluss,package_share,2.6,pct,1,,finn-mobility-packages/weekly_package_mix
2026-09-28,weekly,SE,blocket.se,mobility_cars,dealer,premium,package_sample_count,3726,sampled_listings,1,,finn-mobility-packages/weekly_package_mix
2026-09-28,weekly,SE,blocket.se,mobility_cars,dealer,premium,package_share,30.2,pct,1,,finn-mobility-packages/weekly_package_mix
2026-09-28,daily,SE,blocket.se,mobility_cars,private,,listings,26310,listings,0,,vend-scraper-v2/daily_filtered
2026-09-28,daily,SE,blocket.se,mobility_cars,private,,new_listings,1286,listings,0,,vend-scraper-v2/daily_filtered
2026-09-28,daily,SE,blocket.se,mobility_other,dealer,,listings,63822,listings,0,,vend-scraper-v2/daily_filtered
2026-09-28,daily,SE,blocket.se,mobility_other,dealer,,new_listings,1481,listings,0,,vend-scraper-v2/daily_filtered
2026-09-28,daily,SE,blocket.se,mobility_other,private,,listings,20906,listings,0,,vend-scraper-v2/daily_filtered
2026-09-28,daily,SE,blocket.se,mobility_other,private,,new_listings,609,listings,0,,vend-scraper-v2/daily_filtered
2026-09-28,daily,FI,etuovi.com,real_estate_homes,,,listings,52491,listings,0,,vend-scraper-v2/daily_filtered
2026-09-28,daily,FI,etuovi.com,real_estate_homes,,,new_listings,344,listings,0,,vend-scraper-v2/daily_filtered
2026-09-28,daily,NO,finn.no,jobs_listings,,,listings,14766,listings,0,,vend-scraper-v2/daily_filtered
2026-09-28,daily,NO,finn.no,jobs_listings,,,new_listings,776,listings,0,,vend-scraper-v2/daily_filtered
2026-09-28,daily,NO,finn.no,jobs_positions,,,listings,29611,listings,0,,vend-scraper-v2/daily_filtered
2026-09-28,daily,NO,finn.no,jobs_positions,,,new_listings,1382,listings,0,,vend-scraper-v2/daily_filtered
2026-09-28,daily,NO,finn.no,mobility_cars,dealer,,listings,52063,listings,0,,vend-scraper-v2/daily_filtered
2026-09-28,daily,NO,finn.no,mobility_cars,dealer,,new_listings,1866,listings,0,,vend-scraper-v2/daily_filtered
2026-09-28,weekly,NO,finn.no,mobility_cars,dealer,basis,package_sample_count,1819,sampled_listings,1,,finn-mobility-packages/weekly_package_mix
2026-09-28,weekly,NO,finn.no,mobility_cars,dealer,basis,package_share,34.5,pct,1,,finn-mobility-packages/weekly_package_mix
2026-09-28,weekly,NO,finn.no,mobility_cars,dealer,pluss,package_sample_count,1332,sampled_listings,1,,finn-mobility-packages/weekly_package_mix
2026-09-28,weekly,NO,finn.no,mobility_cars,dealer,pluss,package_share,25.3,pct,1,,finn-mobility-packages/weekly_package_mix
2026-09-28,weekly,NO,finn.no,mobility_cars,dealer,premium,package_sample_count,2118,sampled_listings,1,,finn-mobility-packages/weekly_package_mix
2026-09-28,weekly,NO,finn.no,mobility_cars,dealer,premium,package_share,40.2,pct,1,,finn-mobility-packages/weekly_package_mix
2026-09-28,daily,NO,finn.no,mobility_cars,private,,listings,18241,listings,0,,vend-scraper-v2/daily_filtered
2026-09-28,daily,NO,finn.no,mobility_cars,private,,new_listings,958,listings,0,,vend-scraper-v2/daily_filtered
2026-09-28,daily,NO,finn.no,mobility_other,dealer,,listings,26885,listings,0,,vend-scraper-v2/daily_filtered
2026-09-28,daily,NO,finn.no,mobility_other,dealer,,new_listings,781,listings,0,,vend-scraper-v2/daily_filtered
2026-09-28,daily,NO,finn.no,mobility_other,private,,listings,12653,listings,0,,vend-scraper-v2/daily_filtered
2026-09-28,daily,NO,finn.no,mobility_other,private,,new_listings,480,listings,0,,vend-scraper-v2/daily_filtered
2026-09-28,daily,NO,finn.no,real_estate_homes,,,listings,22224,listings,0,,vend-scraper-v2/daily_filtered
2026-09-28,daily,NO,finn.no,real_estate_homes,,,new_listings,610,listings,0,,vend-scraper-v2/daily_filtered
2026-09-28,daily,NO,finn.no,real_estate_homes_new,,,listings,18008,listings,0,,vend-scraper-v2/daily_filtered
2026-09-28,daily,NO,finn.no,real_estate_homes_new,,,new_listings,396,listings,0,,vend-scraper-v2/daily_filtered
2026-09-28,daily,NO,finn.no,real_estate_other,,,listings,26557,listings,0,,vend-scraper-v2/daily_filtered
2026-09-28,daily,NO,finn.no,real_estate_other,,,new_listings,592,listings,0,,vend-scraper-v2/daily_filtered
2026-09-28,daily,SE,hemnet.se,real_estate_homes,,,listings,34816,listings,0,,vend-scraper-v2/daily_filtered
2026-09-28,daily,SE,hemnet.se,real_estate_homes,,,new_listings,1456,listings,0,,vend-scraper-v2/daily_filtered
2026-09-28,daily,SE,hemnet.se,real_estate_homes_upcoming,,,listings,5834,listings,0,,vend-scraper-v2/daily_filtered
2026-09-28,daily,NO,hjem.no,real_estate_homes,,,listings,8646,listings,0,,vend-scraper-v2/daily_filtered
2026-09-28,daily,FI,oikotie.fi,real_estate_homes,,,listings,48062,listings,0,,vend-scraper-v2/daily_filtered
2026-09-28,daily,FI,oikotie.fi,real_estate_homes,,,new_listings,469,listings,0,,vend-scraper-v2/daily_filtered
2026-09-28,daily,SE,tradera.com,mobility_cars,dealer,,listings,46892,listings,0,,vend-scraper-v2/daily_filtered
2026-09-28,daily,SE,tradera.com,mobility_cars,private,,listings,2959,listings,0,,vend-scraper-v2/daily_filtered
2026-09-28,daily,SE,wayke.se,mobility_cars,dealer,,listings,51525,listings,0,,vend-scraper-v2/daily_filtered
2026-09-29,daily,DK,bilbasen.dk,mobility_cars,dealer,,listings,47429,listings,0,,vend-scraper-v2/daily_filtered
2026-09-29,daily,DK,bilbasen.dk,mobility_cars,private,,listings,4230,listings,0,,vend-scraper-v2/daily_filtered
2026-09-29,daily,DK,bilhandel.dk,mobility_cars,dealer,,listings,26391,listings,0,,vend-scraper-v2/daily_filtered
2026-09-29,daily,DK,bilhandel.dk,mobility_cars,private,,listings,2176,listings,0,,vend-scraper-v2/daily_filtered
2026-09-29,daily,DK,biltorvet.dk,mobility_cars,dealer,,listings,44060,listings,0,,vend-scraper-v2/daily_filtered
2026-09-29,daily,DK,biltorvet.dk,mobility_cars,private,,listings,1967,listings,0,,vend-scraper-v2/daily_filtered
2026-09-29,daily,SE,blocket.se,mobility_cars,dealer,,listings,123069,listings,0,,vend-scraper-v2/daily_filtered
2026-09-29,daily,SE,blocket.se,mobility_cars,dealer,,new_listings,4925,listings,0,,vend-scraper-v2/daily_filtered
2026-09-29,daily,SE,blocket.se,mobility_cars,private,,listings,26376,listings,0,,vend-scraper-v2/daily_filtered
2026-09-29,daily,SE,blocket.se,mobility_cars,private,,new_listings,1221,listings,0,,vend-scraper-v2/daily_filtered
2026-09-29,daily,SE,blocket.se,mobility_other,dealer,,listings,64040,listings,0,,vend-scraper-v2/daily_filtered
2026-09-29,daily,SE,blocket.se,mobility_other,dealer,,new_listings,1691,listings,0,,vend-scraper-v2/daily_filtered
2026-09-29,daily,SE,blocket.se,mobility_other,private,,listings,20691,listings,0,,vend-scraper-v2/daily_filtered
2026-09-29,daily,SE,blocket.se,mobility_other,private,,new_listings,502,listings,0,,vend-scraper-v2/daily_filtered
2026-09-29,daily,FI,etuovi.com,real_estate_homes,,,listings,52402,listings,0,,vend-scraper-v2/daily_filtered
2026-09-29,daily,FI,etuovi.com,real_estate_homes,,,new_listings,389,listings,0,,vend-scraper-v2/daily_filtered
2026-09-29,daily,NO,finn.no,jobs_listings,,,listings,14876,listings,0,,vend-scraper-v2/daily_filtered
2026-09-29,daily,NO,finn.no,jobs_listings,,,new_listings,707,listings,0,,vend-scraper-v2/daily_filtered
2026-09-29,daily,NO,finn.no,jobs_positions,,,listings,29807,listings,0,,vend-scraper-v2/daily_filtered
2026-09-29,daily,NO,finn.no,jobs_positions,,,new_listings,1238,listings,0,,vend-scraper-v2/daily_filtered
2026-09-29,daily,NO,finn.no,mobility_cars,dealer,,listings,52512,listings,0,,vend-scraper-v2/daily_filtered
2026-09-29,daily,NO,finn.no,mobility_cars,dealer,,new_listings,1990,listings,0,,vend-scraper-v2/daily_filtered
2026-09-29,daily,NO,finn.no,mobility_cars,private,,listings,18239,listings,0,,vend-scraper-v2/daily_filtered
2026-09-29,daily,NO,finn.no,mobility_cars,private,,new_listings,930,listings,0,,vend-scraper-v2/daily_filtered
2026-09-29,daily,NO,finn.no,mobility_other,dealer,,listings,27025,listings,0,,vend-scraper-v2/daily_filtered
2026-09-29,daily,NO,finn.no,mobility_other,dealer,,new_listings,654,listings,0,,vend-scraper-v2/daily_filtered
2026-09-29,daily,NO,finn.no,mobility_other,private,,listings,12483,listings,0,,vend-scraper-v2/daily_filtered
2026-09-29,daily,NO,finn.no,mobility_other,private,,new_listings,479,listings,0,,vend-scraper-v2/daily_filtered
2026-09-29,daily,NO,finn.no,real_estate_homes,,,listings,22461,listings,0,,vend-scraper-v2/daily_filtered
2026-09-29,daily,NO,finn.no,real_estate_homes,,,new_listings,557,listings,0,,vend-scraper-v2/daily_filtered
2026-09-29,daily,NO,finn.no,real_estate_homes_new,,,listings,17987,listings,0,,vend-scraper-v2/daily_filtered
2026-09-29,daily,NO,finn.no,real_estate_homes_new,,,new_listings,343,listings,0,,vend-scraper-v2/daily_filtered
2026-09-29,daily,NO,finn.no,real_estate_other,,,listings,26570,listings,0,,vend-scraper-v2/daily_filtered
2026-09-29,daily,NO,finn.no,real_estate_other,,,new_listings,551,listings,0,,vend-scraper-v2/daily_filtered
2026-09-29,daily,SE,hemnet.se,real_estate_homes,,,listings,34557,listings,0,,vend-scraper-v2/daily_filtered
2026-09-29,daily,SE,hemnet.se,real_estate_homes,,,new_listings,1741,listings,0,,vend-scraper-v2/daily_filtered
2026-09-29,daily,SE,hemnet.se,real_estate_homes_upcoming,,,listings,5854,listings,0,,vend-scraper-v2/daily_filtered
2026-09-29,daily,NO,hjem.no,real_estate_homes,,,listings,8735,listings,0,,vend-scraper-v2/daily_filtered
2026-09-29,daily,FI,oikotie.fi,real_estate_homes,,,listings,47997,listings,0,,vend-scraper-v2/daily_filtered
2026-09-29,daily,FI,oikotie.fi,real_estate_homes,,,new_listings,627,listings,0,,vend-scraper-v2/daily_filtered
2026-09-29,daily,SE,tradera.com,mobility_cars,dealer,,listings,47817,listings,0,,vend-scraper-v2/daily_filtered
2026-09-29,daily,SE,tradera.com,mobility_cars,private,,listings,2967,listings,0,,vend-scraper-v2/daily_filtered
2026-09-29,daily,SE,wayke.se,mobility_cars,dealer,,listings,51712,listings,0,,vend-scraper-v2/daily_filtered
2026-09-30,daily,DK,bilbasen.dk,mobility_cars,dealer,,listings,47514,listings,0,,vend-scraper-v2/daily_filtered
2026-09-30,daily,DK,bilbasen.dk,mobility_cars,private,,listings,4215,listings,0,,vend-scraper-v2/daily_filtered
2026-09-30,daily,DK,bilhandel.dk,mobility_cars,dealer,,listings,26114,listings,0,,vend-scraper-v2/daily_filtered
2026-09-30,daily,DK,bilhandel.dk,mobility_cars,private,,listings,2177,listings,0,,vend-scraper-v2/daily_filtered
2026-09-30,daily,DK,biltorvet.dk,mobility_cars,dealer,,listings,44178,listings,0,,vend-scraper-v2/daily_filtered
2026-09-30,daily,DK,biltorvet.dk,mobility_cars,private,,listings,1973,listings,0,,vend-scraper-v2/daily_filtered
2026-09-30,daily,SE,blocket.se,mobility_cars,dealer,,listings,123299,listings,0,,vend-scraper-v2/daily_filtered
2026-09-30,daily,SE,blocket.se,mobility_cars,dealer,,new_listings,4903,listings,0,,vend-scraper-v2/daily_filtered
2026-09-30,daily,SE,blocket.se,mobility_cars,private,,listings,26446,listings,0,,vend-scraper-v2/daily_filtered
2026-09-30,daily,SE,blocket.se,mobility_cars,private,,new_listings,1150,listings,0,,vend-scraper-v2/daily_filtered
2026-09-30,daily,SE,blocket.se,mobility_other,dealer,,listings,63896,listings,0,,vend-scraper-v2/daily_filtered
2026-09-30,daily,SE,blocket.se,mobility_other,dealer,,new_listings,1475,listings,0,,vend-scraper-v2/daily_filtered
2026-09-30,daily,SE,blocket.se,mobility_other,private,,listings,20554,listings,0,,vend-scraper-v2/daily_filtered
2026-09-30,daily,SE,blocket.se,mobility_other,private,,new_listings,513,listings,0,,vend-scraper-v2/daily_filtered
2026-09-30,daily,FI,etuovi.com,real_estate_homes,,,listings,52197,listings,0,,vend-scraper-v2/daily_filtered
2026-09-30,daily,FI,etuovi.com,real_estate_homes,,,new_listings,461,listings,0,,vend-scraper-v2/daily_filtered
2026-09-30,daily,NO,finn.no,jobs_listings,,,listings,15169,listings,0,,vend-scraper-v2/daily_filtered
2026-09-30,daily,NO,finn.no,jobs_listings,,,new_listings,762,listings,0,,vend-scraper-v2/daily_filtered
2026-09-30,daily,NO,finn.no,jobs_positions,,,listings,30645,listings,0,,vend-scraper-v2/daily_filtered
2026-09-30,daily,NO,finn.no,jobs_positions,,,new_listings,1758,listings,0,,vend-scraper-v2/daily_filtered
2026-09-30,daily,NO,finn.no,mobility_cars,dealer,,listings,53347,listings,0,,vend-scraper-v2/daily_filtered
2026-09-30,daily,NO,finn.no,mobility_cars,dealer,,new_listings,1950,listings,0,,vend-scraper-v2/daily_filtered
2026-09-30,daily,NO,finn.no,mobility_cars,private,,listings,18258,listings,0,,vend-scraper-v2/daily_filtered
2026-09-30,daily,NO,finn.no,mobility_cars,private,,new_listings,943,listings,0,,vend-scraper-v2/daily_filtered
2026-09-30,daily,NO,finn.no,mobility_other,dealer,,listings,27141,listings,0,,vend-scraper-v2/daily_filtered
2026-09-30,daily,NO,finn.no,mobility_other,dealer,,new_listings,662,listings,0,,vend-scraper-v2/daily_filtered
2026-09-30,daily,NO,finn.no,mobility_other,private,,listings,12331,listings,0,,vend-scraper-v2/daily_filtered
2026-09-30,daily,NO,finn.no,mobility_other,private,,new_listings,461,listings,0,,vend-scraper-v2/daily_filtered
2026-09-30,daily,NO,finn.no,real_estate_homes,,,listings,22705,listings,0,,vend-scraper-v2/daily_filtered
2026-09-30,daily,NO,finn.no,real_estate_homes,,,new_listings,523,listings,0,,vend-scraper-v2/daily_filtered
2026-09-30,daily,NO,finn.no,real_estate_homes_new,,,listings,18014,listings,0,,vend-scraper-v2/daily_filtered
2026-09-30,daily,NO,finn.no,real_estate_homes_new,,,new_listings,294,listings,0,,vend-scraper-v2/daily_filtered
2026-09-30,daily,NO,finn.no,real_estate_other,,,listings,26645,listings,0,,vend-scraper-v2/daily_filtered
2026-09-30,daily,NO,finn.no,real_estate_other,,,new_listings,576,listings,0,,vend-scraper-v2/daily_filtered
2026-09-30,daily,SE,hemnet.se,real_estate_homes,,,listings,34206,listings,0,,vend-scraper-v2/daily_filtered
2026-09-30,daily,SE,hemnet.se,real_estate_homes,,,new_listings,1432,listings,0,,vend-scraper-v2/daily_filtered
2026-09-30,daily,SE,hemnet.se,real_estate_homes_upcoming,,,listings,5874,listings,0,,vend-scraper-v2/daily_filtered
2026-09-30,daily,NO,hjem.no,real_estate_homes,,,listings,8838,listings,0,,vend-scraper-v2/daily_filtered
2026-09-30,daily,FI,oikotie.fi,real_estate_homes,,,listings,47845,listings,0,,vend-scraper-v2/daily_filtered
2026-09-30,daily,FI,oikotie.fi,real_estate_homes,,,new_listings,719,listings,0,,vend-scraper-v2/daily_filtered
2026-09-30,daily,SE,tradera.com,mobility_cars,dealer,,listings,47926,listings,0,,vend-scraper-v2/daily_filtered
2026-09-30,daily,SE,tradera.com,mobility_cars,private,,listings,2973,listings,0,,vend-scraper-v2/daily_filtered
2026-09-30,daily,SE,wayke.se,mobility_cars,dealer,,listings,51778,listings,0,,vend-scraper-v2/daily_filtered
2026-10-01,daily,DK,bilbasen.dk,mobility_cars,dealer,,listings,47866,listings,0,,vend-scraper-v2/daily_filtered
2026-10-01,daily,DK,bilbasen.dk,mobility_cars,private,,listings,4240,listings,0,,vend-scraper-v2/daily_filtered
2026-10-01,daily,DK,bilhandel.dk,mobility_cars,dealer,,listings,27188,listings,0,,vend-scraper-v2/daily_filtered
2026-10-01,daily,DK,bilhandel.dk,mobility_cars,private,,listings,2188,listings,0,,vend-scraper-v2/daily_filtered
2026-10-01,daily,DK,biltorvet.dk,mobility_cars,dealer,,listings,44507,listings,0,,vend-scraper-v2/daily_filtered
2026-10-01,daily,DK,biltorvet.dk,mobility_cars,private,,listings,1993,listings,0,,vend-scraper-v2/daily_filtered
2026-10-01,daily,SE,blocket.se,mobility_cars,dealer,,listings,123615,listings,0,,vend-scraper-v2/daily_filtered
2026-10-01,daily,SE,blocket.se,mobility_cars,dealer,,new_listings,5243,listings,0,,vend-scraper-v2/daily_filtered
2026-10-01,daily,SE,blocket.se,mobility_cars,private,,listings,26477,listings,0,,vend-scraper-v2/daily_filtered
2026-10-01,daily,SE,blocket.se,mobility_cars,private,,new_listings,1164,listings,0,,vend-scraper-v2/daily_filtered
2026-10-01,daily,SE,blocket.se,mobility_other,dealer,,listings,63961,listings,0,,vend-scraper-v2/daily_filtered
2026-10-01,daily,SE,blocket.se,mobility_other,dealer,,new_listings,1578,listings,0,,vend-scraper-v2/daily_filtered
2026-10-01,daily,SE,blocket.se,mobility_other,private,,listings,20296,listings,0,,vend-scraper-v2/daily_filtered
2026-10-01,daily,SE,blocket.se,mobility_other,private,,new_listings,477,listings,0,,vend-scraper-v2/daily_filtered
2026-10-01,daily,FI,etuovi.com,real_estate_homes,,,listings,52112,listings,0,,vend-scraper-v2/daily_filtered
2026-10-01,daily,FI,etuovi.com,real_estate_homes,,,new_listings,598,listings,0,,vend-scraper-v2/daily_filtered
2026-10-01,daily,NO,finn.no,jobs_listings,,,listings,14320,listings,0,,vend-scraper-v2/daily_filtered
2026-10-01,daily,NO,finn.no,jobs_listings,,,new_listings,744,listings,0,,vend-scraper-v2/daily_filtered
2026-10-01,daily,NO,finn.no,jobs_positions,,,listings,28677,listings,0,,vend-scraper-v2/daily_filtered
2026-10-01,daily,NO,finn.no,jobs_positions,,,new_listings,1230,listings,0,,vend-scraper-v2/daily_filtered
2026-10-01,daily,NO,finn.no,mobility_cars,dealer,,listings,53328,listings,0,,vend-scraper-v2/daily_filtered
2026-10-01,daily,NO,finn.no,mobility_cars,dealer,,new_listings,1732,listings,0,,vend-scraper-v2/daily_filtered
2026-10-01,daily,NO,finn.no,mobility_cars,private,,listings,18222,listings,0,,vend-scraper-v2/daily_filtered
2026-10-01,daily,NO,finn.no,mobility_cars,private,,new_listings,954,listings,0,,vend-scraper-v2/daily_filtered
2026-10-01,daily,NO,finn.no,mobility_other,dealer,,listings,27132,listings,0,,vend-scraper-v2/daily_filtered
2026-10-01,daily,NO,finn.no,mobility_other,dealer,,new_listings,615,listings,0,,vend-scraper-v2/daily_filtered
2026-10-01,daily,NO,finn.no,mobility_other,private,,listings,12176,listings,0,,vend-scraper-v2/daily_filtered
2026-10-01,daily,NO,finn.no,mobility_other,private,,new_listings,462,listings,0,,vend-scraper-v2/daily_filtered
2026-10-01,daily,NO,finn.no,real_estate_homes,,,listings,22536,listings,0,,vend-scraper-v2/daily_filtered
2026-10-01,daily,NO,finn.no,real_estate_homes,,,new_listings,514,listings,0,,vend-scraper-v2/daily_filtered
2026-10-01,daily,NO,finn.no,real_estate_homes_new,,,listings,17925,listings,0,,vend-scraper-v2/daily_filtered
2026-10-01,daily,NO,finn.no,real_estate_homes_new,,,new_listings,382,listings,0,,vend-scraper-v2/daily_filtered
2026-10-01,daily,NO,finn.no,real_estate_other,,,listings,26603,listings,0,,vend-scraper-v2/daily_filtered
2026-10-01,daily,NO,finn.no,real_estate_other,,,new_listings,594,listings,0,,vend-scraper-v2/daily_filtered
2026-10-01,daily,SE,hemnet.se,real_estate_homes,,,listings,34061,listings,0,,vend-scraper-v2/daily_filtered
2026-10-01,daily,SE,hemnet.se,real_estate_homes,,,new_listings,1533,listings,0,,vend-scraper-v2/daily_filtered
2026-10-01,daily,SE,hemnet.se,real_estate_homes_upcoming,,,listings,5900,listings,0,,vend-scraper-v2/daily_filtered
2026-10-01,daily,NO,hjem.no,real_estate_homes,,,listings,8725,listings,0,,vend-scraper-v2/daily_filtered
2026-10-01,daily,FI,oikotie.fi,real_estate_homes,,,listings,47731,listings,0,,vend-scraper-v2/daily_filtered
2026-10-01,daily,FI,oikotie.fi,real_estate_homes,,,new_listings,784,listings,0,,vend-scraper-v2/daily_filtered
2026-10-01,daily,SE,tradera.com,mobility_cars,dealer,,listings,48059,listings,0,,vend-scraper-v2/daily_filtered
2026-10-01,daily,SE,tradera.com,mobility_cars,private,,listings,3005,listings,0,,vend-scraper-v2/daily_filtered
2026-10-01,daily,SE,wayke.se,mobility_cars,dealer,,listings,51934,listings,0,,vend-scraper-v2/daily_filtered
2026-10-02,daily,DK,bilbasen.dk,mobility_cars,dealer,,listings,48121,listings,0,,vend-scraper-v2/daily_filtered
2026-10-02,daily,DK,bilbasen.dk,mobility_cars,private,,listings,4212,listings,0,,vend-scraper-v2/daily_filtered
2026-10-02,daily,DK,bilhandel.dk,mobility_cars,dealer,,listings,27504,listings,0,,vend-scraper-v2/daily_filtered
2026-10-02,daily,DK,bilhandel.dk,mobility_cars,private,,listings,2187,listings,0,,vend-scraper-v2/daily_filtered
2026-10-02,daily,DK,biltorvet.dk,mobility_cars,dealer,,listings,45124,listings,0,,vend-scraper-v2/daily_filtered
2026-10-02,daily,DK,biltorvet.dk,mobility_cars,private,,listings,1990,listings,0,,vend-scraper-v2/daily_filtered
2026-10-02,daily,SE,blocket.se,mobility_cars,dealer,,listings,124294,listings,0,,vend-scraper-v2/daily_filtered
2026-10-02,daily,SE,blocket.se,mobility_cars,dealer,,new_listings,5535,listings,0,,vend-scraper-v2/daily_filtered
2026-10-02,daily,SE,blocket.se,mobility_cars,private,,listings,26461,listings,0,,vend-scraper-v2/daily_filtered
2026-10-02,daily,SE,blocket.se,mobility_cars,private,,new_listings,1291,listings,0,,vend-scraper-v2/daily_filtered
2026-10-02,daily,SE,blocket.se,mobility_other,dealer,,listings,64097,listings,0,,vend-scraper-v2/daily_filtered
2026-10-02,daily,SE,blocket.se,mobility_other,dealer,,new_listings,1701,listings,0,,vend-scraper-v2/daily_filtered
2026-10-02,daily,SE,blocket.se,mobility_other,private,,listings,19968,listings,0,,vend-scraper-v2/daily_filtered
2026-10-02,daily,SE,blocket.se,mobility_other,private,,new_listings,458,listings,0,,vend-scraper-v2/daily_filtered
2026-10-02,daily,FI,etuovi.com,real_estate_homes,,,listings,52247,listings,0,,vend-scraper-v2/daily_filtered
2026-10-02,daily,FI,etuovi.com,real_estate_homes,,,new_listings,588,listings,0,,vend-scraper-v2/daily_filtered
2026-10-02,daily,NO,finn.no,jobs_listings,,,listings,14507,listings,0,,vend-scraper-v2/daily_filtered
2026-10-02,daily,NO,finn.no,jobs_listings,,,new_listings,884,listings,0,,vend-scraper-v2/daily_filtered
2026-10-02,daily,NO,finn.no,jobs_positions,,,listings,28950,listings,0,,vend-scraper-v2/daily_filtered
2026-10-02,daily,NO,finn.no,jobs_positions,,,new_listings,1458,listings,0,,vend-scraper-v2/daily_filtered
2026-10-02,daily,NO,finn.no,mobility_cars,dealer,,listings,53483,listings,0,,vend-scraper-v2/daily_filtered
2026-10-02,daily,NO,finn.no,mobility_cars,dealer,,new_listings,2090,listings,0,,vend-scraper-v2/daily_filtered
2026-10-02,daily,NO,finn.no,mobility_cars,private,,listings,18113,listings,0,,vend-scraper-v2/daily_filtered
2026-10-02,daily,NO,finn.no,mobility_cars,private,,new_listings,857,listings,0,,vend-scraper-v2/daily_filtered
2026-10-02,daily,NO,finn.no,mobility_other,dealer,,listings,27395,listings,0,,vend-scraper-v2/daily_filtered
2026-10-02,daily,NO,finn.no,mobility_other,dealer,,new_listings,606,listings,0,,vend-scraper-v2/daily_filtered
2026-10-02,daily,NO,finn.no,mobility_other,private,,listings,12013,listings,0,,vend-scraper-v2/daily_filtered
2026-10-02,daily,NO,finn.no,mobility_other,private,,new_listings,430,listings,0,,vend-scraper-v2/daily_filtered
2026-10-02,daily,NO,finn.no,real_estate_homes,,,listings,22712,listings,0,,vend-scraper-v2/daily_filtered
2026-10-02,daily,NO,finn.no,real_estate_homes,,,new_listings,1061,listings,0,,vend-scraper-v2/daily_filtered
2026-10-02,daily,NO,finn.no,real_estate_homes_new,,,listings,17983,listings,0,,vend-scraper-v2/daily_filtered
2026-10-02,daily,NO,finn.no,real_estate_homes_new,,,new_listings,333,listings,0,,vend-scraper-v2/daily_filtered
2026-10-02,daily,NO,finn.no,real_estate_other,,,listings,26619,listings,0,,vend-scraper-v2/daily_filtered
2026-10-02,daily,NO,finn.no,real_estate_other,,,new_listings,604,listings,0,,vend-scraper-v2/daily_filtered
2026-10-02,daily,SE,hemnet.se,real_estate_homes,,,listings,34420,listings,0,,vend-scraper-v2/daily_filtered
2026-10-02,daily,SE,hemnet.se,real_estate_homes,,,new_listings,2223,listings,0,,vend-scraper-v2/daily_filtered
2026-10-02,daily,SE,hemnet.se,real_estate_homes_upcoming,,,listings,5804,listings,0,,vend-scraper-v2/daily_filtered
2026-10-02,daily,NO,hjem.no,real_estate_homes,,,listings,8823,listings,0,,vend-scraper-v2/daily_filtered
2026-10-02,daily,FI,oikotie.fi,real_estate_homes,,,listings,47824,listings,0,,vend-scraper-v2/daily_filtered
2026-10-02,daily,FI,oikotie.fi,real_estate_homes,,,new_listings,870,listings,0,,vend-scraper-v2/daily_filtered
2026-10-02,daily,SE,tradera.com,mobility_cars,dealer,,listings,48537,listings,0,,vend-scraper-v2/daily_filtered
2026-10-02,daily,SE,tradera.com,mobility_cars,private,,listings,3013,listings,0,,vend-scraper-v2/daily_filtered
2026-10-02,daily,SE,wayke.se,mobility_cars,dealer,,listings,52503,listings,0,,vend-scraper-v2/daily_filtered
2026-10-03,daily,DK,bilbasen.dk,mobility_cars,dealer,,listings,47971,listings,0,,vend-scraper-v2/daily_filtered
2026-10-03,daily,DK,bilbasen.dk,mobility_cars,private,,listings,4238,listings,0,,vend-scraper-v2/daily_filtered
2026-10-03,daily,DK,bilhandel.dk,mobility_cars,dealer,,listings,27429,listings,0,,vend-scraper-v2/daily_filtered
2026-10-03,daily,DK,bilhandel.dk,mobility_cars,private,,listings,2208,listings,0,,vend-scraper-v2/daily_filtered
2026-10-03,daily,DK,biltorvet.dk,mobility_cars,dealer,,listings,44971,listings,0,,vend-scraper-v2/daily_filtered
2026-10-03,daily,DK,biltorvet.dk,mobility_cars,private,,listings,2005,listings,0,,vend-scraper-v2/daily_filtered
2026-10-03,daily,SE,blocket.se,mobility_cars,dealer,,listings,123602,listings,0,,vend-scraper-v2/daily_filtered
2026-10-03,daily,SE,blocket.se,mobility_cars,dealer,,new_listings,2482,listings,0,,vend-scraper-v2/daily_filtered
2026-10-03,daily,SE,blocket.se,mobility_cars,private,,listings,26566,listings,0,,vend-scraper-v2/daily_filtered
2026-10-03,daily,SE,blocket.se,mobility_cars,private,,new_listings,1454,listings,0,,vend-scraper-v2/daily_filtered
2026-10-03,daily,SE,blocket.se,mobility_other,dealer,,listings,64083,listings,0,,vend-scraper-v2/daily_filtered
2026-10-03,daily,SE,blocket.se,mobility_other,dealer,,new_listings,489,listings,0,,vend-scraper-v2/daily_filtered
2026-10-03,daily,SE,blocket.se,mobility_other,private,,listings,19703,listings,0,,vend-scraper-v2/daily_filtered
2026-10-03,daily,SE,blocket.se,mobility_other,private,,new_listings,587,listings,0,,vend-scraper-v2/daily_filtered
2026-10-03,daily,FI,etuovi.com,real_estate_homes,,,listings,52259,listings,0,,vend-scraper-v2/daily_filtered
2026-10-03,daily,FI,etuovi.com,real_estate_homes,,,new_listings,230,listings,0,,vend-scraper-v2/daily_filtered
2026-10-03,daily,NO,finn.no,jobs_listings,,,listings,14186,listings,0,,vend-scraper-v2/daily_filtered
2026-10-03,daily,NO,finn.no,jobs_listings,,,new_listings,48,listings,0,,vend-scraper-v2/daily_filtered
2026-10-03,daily,NO,finn.no,jobs_positions,,,listings,28227,listings,0,,vend-scraper-v2/daily_filtered
2026-10-03,daily,NO,finn.no,jobs_positions,,,new_listings,84,listings,0,,vend-scraper-v2/daily_filtered
2026-10-03,daily,NO,finn.no,mobility_cars,dealer,,listings,52986,listings,0,,vend-scraper-v2/daily_filtered
2026-10-03,daily,NO,finn.no,mobility_cars,dealer,,new_listings,581,listings,0,,vend-scraper-v2/daily_filtered
2026-10-03,daily,NO,finn.no,mobility_cars,private,,listings,18102,listings,0,,vend-scraper-v2/daily_filtered
2026-10-03,daily,NO,finn.no,mobility_cars,private,,new_listings,871,listings,0,,vend-scraper-v2/daily_filtered
2026-10-03,daily,NO,finn.no,mobility_other,dealer,,listings,27380,listings,0,,vend-scraper-v2/daily_filtered
2026-10-03,daily,NO,finn.no,mobility_other,dealer,,new_listings,175,listings,0,,vend-scraper-v2/daily_filtered
2026-10-03,daily,NO,finn.no,mobility_other,private,,listings,11831,listings,0,,vend-scraper-v2/daily_filtered
2026-10-03,daily,NO,finn.no,mobility_other,private,,new_listings,380,listings,0,,vend-scraper-v2/daily_filtered
2026-10-03,daily,NO,finn.no,real_estate_homes,,,listings,22472,listings,0,,vend-scraper-v2/daily_filtered
2026-10-03,daily,NO,finn.no,real_estate_homes,,,new_listings,375,listings,0,,vend-scraper-v2/daily_filtered
2026-10-03,daily,NO,finn.no,real_estate_homes_new,,,listings,17957,listings,0,,vend-scraper-v2/daily_filtered
2026-10-03,daily,NO,finn.no,real_estate_homes_new,,,new_listings,311,listings,0,,vend-scraper-v2/daily_filtered
2026-10-03,daily,NO,finn.no,real_estate_other,,,listings,26553,listings,0,,vend-scraper-v2/daily_filtered
2026-10-03,daily,NO,finn.no,real_estate_other,,,new_listings,334,listings,0,,vend-scraper-v2/daily_filtered
2026-10-03,daily,SE,hemnet.se,real_estate_homes,,,listings,34557,listings,0,,vend-scraper-v2/daily_filtered
2026-10-03,daily,SE,hemnet.se,real_estate_homes,,,new_listings,1861,listings,0,,vend-scraper-v2/daily_filtered
2026-10-03,daily,SE,hemnet.se,real_estate_homes_upcoming,,,listings,5780,listings,0,,vend-scraper-v2/daily_filtered
2026-10-03,daily,NO,hjem.no,real_estate_homes,,,listings,8739,listings,0,,vend-scraper-v2/daily_filtered
2026-10-03,daily,FI,oikotie.fi,real_estate_homes,,,listings,47810,listings,0,,vend-scraper-v2/daily_filtered
2026-10-03,daily,FI,oikotie.fi,real_estate_homes,,,new_listings,650,listings,0,,vend-scraper-v2/daily_filtered
2026-10-03,daily,SE,tradera.com,mobility_cars,dealer,,listings,48180,listings,0,,vend-scraper-v2/daily_filtered
2026-10-03,daily,SE,tradera.com,mobility_cars,private,,listings,2991,listings,0,,vend-scraper-v2/daily_filtered
2026-10-03,daily,SE,wayke.se,mobility_cars,dealer,,listings,52136,listings,0,,vend-scraper-v2/daily_filtered
2026-10-04,daily,DK,bilbasen.dk,mobility_cars,dealer,,listings,47249,listings,0,,vend-scraper-v2/daily_filtered
2026-10-04,daily,DK,bilbasen.dk,mobility_cars,private,,listings,4298,listings,0,,vend-scraper-v2/daily_filtered
2026-10-04,daily,DK,bilhandel.dk,mobility_cars,dealer,,listings,27047,listings,0,,vend-scraper-v2/daily_filtered
2026-10-04,daily,DK,bilhandel.dk,mobility_cars,private,,listings,2208,listings,0,,vend-scraper-v2/daily_filtered
2026-10-04,daily,DK,biltorvet.dk,mobility_cars,dealer,,listings,44421,listings,0,,vend-scraper-v2/daily_filtered
2026-10-04,daily,DK,biltorvet.dk,mobility_cars,private,,listings,2024,listings,0,,vend-scraper-v2/daily_filtered
2026-10-04,daily,SE,blocket.se,mobility_cars,dealer,,listings,123332,listings,0,,vend-scraper-v2/daily_filtered
2026-10-04,daily,SE,blocket.se,mobility_cars,dealer,,new_listings,1511,listings,0,,vend-scraper-v2/daily_filtered
2026-10-04,daily,SE,blocket.se,mobility_cars,private,,listings,26724,listings,0,,vend-scraper-v2/daily_filtered
2026-10-04,daily,SE,blocket.se,mobility_cars,private,,new_listings,1572,listings,0,,vend-scraper-v2/daily_filtered
2026-10-04,daily,SE,blocket.se,mobility_other,dealer,,listings,63846,listings,0,,vend-scraper-v2/daily_filtered
2026-10-04,daily,SE,blocket.se,mobility_other,dealer,,new_listings,361,listings,0,,vend-scraper-v2/daily_filtered
2026-10-04,daily,SE,blocket.se,mobility_other,private,,listings,19576,listings,0,,vend-scraper-v2/daily_filtered
2026-10-04,daily,SE,blocket.se,mobility_other,private,,new_listings,735,listings,0,,vend-scraper-v2/daily_filtered
2026-10-04,daily,FI,etuovi.com,real_estate_homes,,,listings,52177,listings,0,,vend-scraper-v2/daily_filtered
2026-10-04,daily,FI,etuovi.com,real_estate_homes,,,new_listings,172,listings,0,,vend-scraper-v2/daily_filtered
2026-10-04,daily,NO,finn.no,jobs_listings,,,listings,14143,listings,0,,vend-scraper-v2/daily_filtered
2026-10-04,daily,NO,finn.no,jobs_listings,,,new_listings,61,listings,0,,vend-scraper-v2/daily_filtered
2026-10-04,daily,NO,finn.no,jobs_positions,,,listings,28065,listings,0,,vend-scraper-v2/daily_filtered
2026-10-04,daily,NO,finn.no,jobs_positions,,,new_listings,119,listings,0,,vend-scraper-v2/daily_filtered
2026-10-04,daily,NO,finn.no,mobility_cars,dealer,,listings,52272,listings,0,,vend-scraper-v2/daily_filtered
2026-10-04,daily,NO,finn.no,mobility_cars,dealer,,new_listings,396,listings,0,,vend-scraper-v2/daily_filtered
2026-10-04,daily,NO,finn.no,mobility_cars,private,,listings,18372,listings,0,,vend-scraper-v2/daily_filtered
2026-10-04,daily,NO,finn.no,mobility_cars,private,,new_listings,1140,listings,0,,vend-scraper-v2/daily_filtered
2026-10-04,daily,NO,finn.no,mobility_other,dealer,,listings,27218,listings,0,,vend-scraper-v2/daily_filtered
2026-10-04,daily,NO,finn.no,mobility_other,dealer,,new_listings,300,listings,0,,vend-scraper-v2/daily_filtered
2026-10-04,daily,NO,finn.no,mobility_other,private,,listings,11820,listings,0,,vend-scraper-v2/daily_filtered
2026-10-04,daily,NO,finn.no,mobility_other,private,,new_listings,527,listings,0,,vend-scraper-v2/daily_filtered
2026-10-04,daily,NO,finn.no,real_estate_homes,,,listings,22387,listings,0,,vend-scraper-v2/daily_filtered
2026-10-04,daily,NO,finn.no,real_estate_homes,,,new_listings,331,listings,0,,vend-scraper-v2/daily_filtered
2026-10-04,weekly,NO,finn.no,real_estate_homes,,large,package_count,14044,listings,0,,finn-bolig-packages/packages_history
2026-10-04,weekly,NO,finn.no,real_estate_homes,,large,package_share,62.7,pct,0,,finn-bolig-packages/packages_history
2026-10-04,weekly,NO,finn.no,real_estate_homes,,medium,package_count,7675,listings,0,,finn-bolig-packages/packages_history
2026-10-04,weekly,NO,finn.no,real_estate_homes,,medium,package_share,34.3,pct,0,,finn-bolig-packages/packages_history
2026-10-04,weekly,NO,finn.no,real_estate_homes,,small,package_count,667,listings,0,,finn-bolig-packages/packages_history
2026-10-04,weekly,NO,finn.no,real_estate_homes,,small,package_share,3,pct,0,,finn-bolig-packages/packages_history
2026-10-04,daily,NO,finn.no,real_estate_homes_new,,,listings,17949,listings,0,,vend-scraper-v2/daily_filtered
2026-10-04,daily,NO,finn.no,real_estate_homes_new,,,new_listings,229,listings,0,,vend-scraper-v2/daily_filtered
2026-10-04,daily,NO,finn.no,real_estate_other,,,listings,26626,listings,0,,vend-scraper-v2/daily_filtered
2026-10-04,daily,NO,finn.no,real_estate_other,,,new_listings,471,listings,0,,vend-scraper-v2/daily_filtered
2026-10-04,daily,SE,hemnet.se,real_estate_homes,,,listings,34522,listings,0,,vend-scraper-v2/daily_filtered
2026-10-04,daily,SE,hemnet.se,real_estate_homes,,,new_listings,772,listings,0,,vend-scraper-v2/daily_filtered
2026-10-04,daily,SE,hemnet.se,real_estate_homes_upcoming,,,listings,5756,listings,0,,vend-scraper-v2/daily_filtered
2026-10-04,daily,NO,hjem.no,real_estate_homes,,,listings,8706,listings,0,,vend-scraper-v2/daily_filtered
2026-10-04,daily,FI,oikotie.fi,real_estate_homes,,,listings,47760,listings,0,,vend-scraper-v2/daily_filtered
2026-10-04,daily,FI,oikotie.fi,real_estate_homes,,,new_listings,339,listings,0,,vend-scraper-v2/daily_filtered
2026-10-04,daily,SE,tradera.com,mobility_cars,dealer,,listings,47926,listings,0,,vend-scraper-v2/daily_filtered
2026-10-04,daily,SE,tradera.com,mobility_cars,private,,listings,2992,listings,0,,vend-scraper-v2/daily_filtered
2026-10-04,daily,SE,wayke.se,mobility_cars,dealer,,listings,51777,listings,0,,vend-scraper-v2/daily_filtered
2026-10-05,daily,DK,bilbasen.dk,mobility_cars,dealer,,listings,47213,listings,0,,vend-scraper-v2/daily_filtered
2026-10-05,daily,DK,bilbasen.dk,mobility_cars,private,,listings,4277,listings,0,,vend-scraper-v2/daily_filtered
2026-10-05,daily,DK,bilhandel.dk,mobility_cars,dealer,,listings,27143,listings,0,,vend-scraper-v2/daily_filtered
2026-10-05,daily,DK,bilhandel.dk,mobility_cars,private,,listings,2211,listings,0,,vend-scraper-v2/daily_filtered
2026-10-05,daily,DK,biltorvet.dk,mobility_cars,dealer,,listings,44367,listings,0,,vend-scraper-v2/daily_filtered
2026-10-05,daily,DK,biltorvet.dk,mobility_cars,private,,listings,2038,listings,0,,vend-scraper-v2/daily_filtered
2026-10-05,daily,SE,blocket.se,mobility_cars,dealer,,listings,123562,listings,0,,vend-scraper-v2/daily_filtered
2026-10-05,daily,SE,blocket.se,mobility_cars,dealer,,new_listings,4733,listings,0,,vend-scraper-v2/daily_filtered
2026-10-05,daily,SE,blocket.se,mobility_cars,private,,listings,26713,listings,0,,vend-scraper-v2/daily_filtered
2026-10-05,daily,SE,blocket.se,mobility_cars,private,,new_listings,1206,listings,0,,vend-scraper-v2/daily_filtered
2026-10-05,daily,SE,blocket.se,mobility_other,dealer,,listings,63998,listings,0,,vend-scraper-v2/daily_filtered
2026-10-05,daily,SE,blocket.se,mobility_other,dealer,,new_listings,1818,listings,0,,vend-scraper-v2/daily_filtered
2026-10-05,daily,SE,blocket.se,mobility_other,private,,listings,19336,listings,0,,vend-scraper-v2/daily_filtered
2026-10-05,daily,SE,blocket.se,mobility_other,private,,new_listings,529,listings,0,,vend-scraper-v2/daily_filtered
2026-10-05,daily,FI,etuovi.com,real_estate_homes,,,listings,52043,listings,0,,vend-scraper-v2/daily_filtered
2026-10-05,daily,FI,etuovi.com,real_estate_homes,,,new_listings,331,listings,0,,vend-scraper-v2/daily_filtered
2026-10-05,daily,NO,finn.no,jobs_listings,,,listings,13888,listings,0,,vend-scraper-v2/daily_filtered
2026-10-05,daily,NO,finn.no,jobs_listings,,,new_listings,784,listings,0,,vend-scraper-v2/daily_filtered
2026-10-05,daily,NO,finn.no,jobs_positions,,,listings,27707,listings,0,,vend-scraper-v2/daily_filtered
2026-10-05,daily,NO,finn.no,jobs_positions,,,new_listings,1315,listings,0,,vend-scraper-v2/daily_filtered
2026-10-05,daily,NO,finn.no,mobility_cars,dealer,,listings,52337,listings,0,,vend-scraper-v2/daily_filtered
2026-10-05,daily,NO,finn.no,mobility_cars,dealer,,new_listings,1890,listings,0,,vend-scraper-v2/daily_filtered
2026-10-05,daily,NO,finn.no,mobility_cars,private,,listings,18521,listings,0,,vend-scraper-v2/daily_filtered
2026-10-05,daily,NO,finn.no,mobility_cars,private,,new_listings,1023,listings,0,,vend-scraper-v2/daily_filtered
2026-10-05,daily,NO,finn.no,mobility_other,dealer,,listings,27348,listings,0,,vend-scraper-v2/daily_filtered
2026-10-05,daily,NO,finn.no,mobility_other,dealer,,new_listings,908,listings,0,,vend-scraper-v2/daily_filtered
2026-10-05,daily,NO,finn.no,mobility_other,private,,listings,11709,listings,0,,vend-scraper-v2/daily_filtered
2026-10-05,daily,NO,finn.no,mobility_other,private,,new_listings,444,listings,0,,vend-scraper-v2/daily_filtered
2026-10-05,daily,NO,finn.no,real_estate_homes,,,listings,22309,listings,0,,vend-scraper-v2/daily_filtered
2026-10-05,daily,NO,finn.no,real_estate_homes,,,new_listings,649,listings,0,,vend-scraper-v2/daily_filtered
2026-10-05,daily,NO,finn.no,real_estate_homes_new,,,listings,17963,listings,0,,vend-scraper-v2/daily_filtered
2026-10-05,daily,NO,finn.no,real_estate_homes_new,,,new_listings,304,listings,0,,vend-scraper-v2/daily_filtered
2026-10-05,daily,NO,finn.no,real_estate_other,,,listings,26698,listings,0,,vend-scraper-v2/daily_filtered
2026-10-05,daily,NO,finn.no,real_estate_other,,,new_listings,607,listings,0,,vend-scraper-v2/daily_filtered
2026-10-05,daily,SE,hemnet.se,real_estate_homes,,,listings,34287,listings,0,,vend-scraper-v2/daily_filtered
2026-10-05,daily,SE,hemnet.se,real_estate_homes,,,new_listings,1422,listings,0,,vend-scraper-v2/daily_filtered
2026-10-05,daily,SE,hemnet.se,real_estate_homes_upcoming,,,listings,5723,listings,0,,vend-scraper-v2/daily_filtered
2026-10-05,daily,NO,hjem.no,real_estate_homes,,,listings,8698,listings,0,,vend-scraper-v2/daily_filtered
2026-10-05,daily,FI,oikotie.fi,real_estate_homes,,,listings,47680,listings,0,,vend-scraper-v2/daily_filtered
2026-10-05,daily,FI,oikotie.fi,real_estate_homes,,,new_listings,463,listings,0,,vend-scraper-v2/daily_filtered
2026-10-05,daily,SE,tradera.com,mobility_cars,dealer,,listings,48220,listings,0,,vend-scraper-v2/daily_filtered
2026-10-05,daily,SE,tradera.com,mobility_cars,private,,listings,3008,listings,0,,vend-scraper-v2/daily_filtered
2026-10-05,daily,SE,wayke.se,mobility_cars,dealer,,listings,51943,listings,0,,vend-scraper-v2/daily_filtered
2026-10-06,daily,DK,bilbasen.dk,mobility_cars,dealer,,listings,47379,listings,0,,vend-scraper-v2/daily_filtered
2026-10-06,daily,DK,bilbasen.dk,mobility_cars,private,,listings,4305,listings,0,,vend-scraper-v2/daily_filtered
2026-10-06,daily,DK,bilhandel.dk,mobility_cars,dealer,,listings,27309,listings,0,,vend-scraper-v2/daily_filtered
2026-10-06,daily,DK,bilhandel.dk,mobility_cars,private,,listings,2218,listings,0,,vend-scraper-v2/daily_filtered
2026-10-06,daily,DK,biltorvet.dk,mobility_cars,dealer,,listings,44616,listings,0,,vend-scraper-v2/daily_filtered
2026-10-06,daily,DK,biltorvet.dk,mobility_cars,private,,listings,2074,listings,0,outlier,vend-scraper-v2/daily_filtered
2026-10-06,daily,SE,blocket.se,mobility_cars,dealer,,listings,124372,listings,0,,vend-scraper-v2/daily_filtered
2026-10-06,daily,SE,blocket.se,mobility_cars,dealer,,new_listings,4971,listings,0,,vend-scraper-v2/daily_filtered
2026-10-06,daily,SE,blocket.se,mobility_cars,private,,listings,26782,listings,0,,vend-scraper-v2/daily_filtered
2026-10-06,daily,SE,blocket.se,mobility_cars,private,,new_listings,1195,listings,0,,vend-scraper-v2/daily_filtered
2026-10-06,daily,SE,blocket.se,mobility_other,dealer,,listings,64007,listings,0,,vend-scraper-v2/daily_filtered
2026-10-06,daily,SE,blocket.se,mobility_other,dealer,,new_listings,1586,listings,0,,vend-scraper-v2/daily_filtered
2026-10-06,daily,SE,blocket.se,mobility_other,private,,listings,19202,listings,0,outlier,vend-scraper-v2/daily_filtered
2026-10-06,daily,SE,blocket.se,mobility_other,private,,new_listings,519,listings,0,,vend-scraper-v2/daily_filtered
2026-10-06,daily,FI,etuovi.com,real_estate_homes,,,listings,51968,listings,0,,vend-scraper-v2/daily_filtered
2026-10-06,daily,FI,etuovi.com,real_estate_homes,,,new_listings,389,listings,0,,vend-scraper-v2/daily_filtered
2026-10-06,daily,NO,finn.no,jobs_listings,,,listings,14082,listings,0,,vend-scraper-v2/daily_filtered
2026-10-06,daily,NO,finn.no,jobs_listings,,,new_listings,795,listings,0,,vend-scraper-v2/daily_filtered
2026-10-06,daily,NO,finn.no,jobs_positions,,,listings,28126,listings,0,,vend-scraper-v2/daily_filtered
2026-10-06,daily,NO,finn.no,jobs_positions,,,new_listings,1450,listings,0,,vend-scraper-v2/daily_filtered
2026-10-06,daily,NO,finn.no,mobility_cars,dealer,,listings,52926,listings,0,,vend-scraper-v2/daily_filtered
2026-10-06,daily,NO,finn.no,mobility_cars,dealer,,new_listings,2130,listings,0,,vend-scraper-v2/daily_filtered
2026-10-06,daily,NO,finn.no,mobility_cars,private,,listings,18535,listings,0,,vend-scraper-v2/daily_filtered
2026-10-06,daily,NO,finn.no,mobility_cars,private,,new_listings,936,listings,0,,vend-scraper-v2/daily_filtered
2026-10-06,daily,NO,finn.no,mobility_other,dealer,,listings,27449,listings,0,,vend-scraper-v2/daily_filtered
2026-10-06,daily,NO,finn.no,mobility_other,dealer,,new_listings,580,listings,0,,vend-scraper-v2/daily_filtered
2026-10-06,daily,NO,finn.no,mobility_other,private,,listings,11521,listings,0,,vend-scraper-v2/daily_filtered
2026-10-06,daily,NO,finn.no,mobility_other,private,,new_listings,415,listings,0,,vend-scraper-v2/daily_filtered
2026-10-06,daily,NO,finn.no,real_estate_homes,,,listings,22623,listings,0,,vend-scraper-v2/daily_filtered
2026-10-06,daily,NO,finn.no,real_estate_homes,,,new_listings,632,listings,0,,vend-scraper-v2/daily_filtered
2026-10-06,daily,NO,finn.no,real_estate_homes_new,,,listings,17925,listings,0,,vend-scraper-v2/daily_filtered
2026-10-06,daily,NO,finn.no,real_estate_homes_new,,,new_listings,476,listings,0,,vend-scraper-v2/daily_filtered
2026-10-06,daily,NO,finn.no,real_estate_other,,,listings,26827,listings,0,,vend-scraper-v2/daily_filtered
2026-10-06,daily,NO,finn.no,real_estate_other,,,new_listings,542,listings,0,,vend-scraper-v2/daily_filtered
2026-10-06,daily,SE,hemnet.se,real_estate_homes,,,listings,39875,listings,0,,vend-scraper-v2/daily_filtered
2026-10-06,daily,SE,hemnet.se,real_estate_homes,,,new_listings,2093,listings,0,,vend-scraper-v2/daily_filtered
2026-10-06,daily,NO,hjem.no,real_estate_homes,,,listings,8819,listings,0,,vend-scraper-v2/daily_filtered
2026-10-06,daily,FI,oikotie.fi,real_estate_homes,,,listings,47639,listings,0,,vend-scraper-v2/daily_filtered
2026-10-06,daily,FI,oikotie.fi,real_estate_homes,,,new_listings,632,listings,0,,vend-scraper-v2/daily_filtered
2026-10-06,daily,SE,tradera.com,mobility_cars,dealer,,listings,48669,listings,0,,vend-scraper-v2/daily_filtered
2026-10-06,daily,SE,tradera.com,mobility_cars,private,,listings,3024,listings,0,,vend-scraper-v2/daily_filtered
2026-10-06,daily,SE,wayke.se,mobility_cars,dealer,,listings,52394,listings,0,,vend-scraper-v2/daily_filtered
2026-10-07,daily,DK,bilbasen.dk,mobility_cars,dealer,,listings,47547,listings,0,,vend-scraper-v2/daily_filtered
2026-10-07,daily,DK,bilbasen.dk,mobility_cars,private,,listings,4319,listings,0,,vend-scraper-v2/daily_filtered
2026-10-07,daily,DK,bilhandel.dk,mobility_cars,dealer,,listings,27432,listings,0,,vend-scraper-v2/daily_filtered
2026-10-07,daily,DK,bilhandel.dk,mobility_cars,private,,listings,2230,listings,0,,vend-scraper-v2/daily_filtered
2026-10-07,daily,DK,biltorvet.dk,mobility_cars,dealer,,listings,44772,listings,0,,vend-scraper-v2/daily_filtered
2026-10-07,daily,DK,biltorvet.dk,mobility_cars,private,,listings,2078,listings,0,outlier,vend-scraper-v2/daily_filtered
2026-10-07,daily,SE,blocket.se,mobility_cars,dealer,,listings,125056,listings,0,,vend-scraper-v2/daily_filtered
2026-10-07,daily,SE,blocket.se,mobility_cars,dealer,,new_listings,5931,listings,0,,vend-scraper-v2/daily_filtered
2026-10-07,daily,SE,blocket.se,mobility_cars,private,,listings,26845,listings,0,,vend-scraper-v2/daily_filtered
2026-10-07,daily,SE,blocket.se,mobility_cars,private,,new_listings,1213,listings,0,,vend-scraper-v2/daily_filtered
2026-10-07,daily,SE,blocket.se,mobility_other,dealer,,listings,64000,listings,0,,vend-scraper-v2/daily_filtered
2026-10-07,daily,SE,blocket.se,mobility_other,dealer,,new_listings,1515,listings,0,,vend-scraper-v2/daily_filtered
2026-10-07,daily,SE,blocket.se,mobility_other,private,,listings,18947,listings,0,outlier,vend-scraper-v2/daily_filtered
2026-10-07,daily,SE,blocket.se,mobility_other,private,,new_listings,435,listings,0,,vend-scraper-v2/daily_filtered
2026-10-07,daily,FI,etuovi.com,real_estate_homes,,,listings,52027,listings,0,,vend-scraper-v2/daily_filtered
2026-10-07,daily,FI,etuovi.com,real_estate_homes,,,new_listings,488,listings,0,,vend-scraper-v2/daily_filtered
2026-10-07,daily,NO,finn.no,jobs_listings,,,listings,14295,listings,0,,vend-scraper-v2/daily_filtered
2026-10-07,daily,NO,finn.no,jobs_listings,,,new_listings,694,listings,0,,vend-scraper-v2/daily_filtered
2026-10-07,daily,NO,finn.no,jobs_positions,,,listings,28389,listings,0,,vend-scraper-v2/daily_filtered
2026-10-07,daily,NO,finn.no,jobs_positions,,,new_listings,1147,listings,0,,vend-scraper-v2/daily_filtered
2026-10-07,daily,NO,finn.no,mobility_cars,dealer,,listings,53862,listings,0,,vend-scraper-v2/daily_filtered
2026-10-07,daily,NO,finn.no,mobility_cars,dealer,,new_listings,1975,listings,0,,vend-scraper-v2/daily_filtered
2026-10-07,daily,NO,finn.no,mobility_cars,private,,listings,18515,listings,0,,vend-scraper-v2/daily_filtered
2026-10-07,daily,NO,finn.no,mobility_cars,private,,new_listings,953,listings,0,,vend-scraper-v2/daily_filtered
2026-10-07,daily,NO,finn.no,mobility_other,dealer,,listings,27660,listings,0,,vend-scraper-v2/daily_filtered
2026-10-07,daily,NO,finn.no,mobility_other,dealer,,new_listings,656,listings,0,,vend-scraper-v2/daily_filtered
2026-10-07,daily,NO,finn.no,mobility_other,private,,listings,11398,listings,0,,vend-scraper-v2/daily_filtered
2026-10-07,daily,NO,finn.no,mobility_other,private,,new_listings,423,listings,0,,vend-scraper-v2/daily_filtered
2026-10-07,daily,NO,finn.no,real_estate_homes,,,listings,22885,listings,0,,vend-scraper-v2/daily_filtered
2026-10-07,daily,NO,finn.no,real_estate_homes,,,new_listings,544,listings,0,,vend-scraper-v2/daily_filtered
2026-10-07,daily,NO,finn.no,real_estate_homes_new,,,listings,17859,listings,0,,vend-scraper-v2/daily_filtered
2026-10-07,daily,NO,finn.no,real_estate_homes_new,,,new_listings,231,listings,0,,vend-scraper-v2/daily_filtered
2026-10-07,daily,NO,finn.no,real_estate_other,,,listings,26826,listings,0,,vend-scraper-v2/daily_filtered
2026-10-07,daily,NO,finn.no,real_estate_other,,,new_listings,492,listings,0,,vend-scraper-v2/daily_filtered
2026-10-07,daily,SE,hemnet.se,real_estate_homes,,,listings,39715,listings,0,,vend-scraper-v2/daily_filtered
2026-10-07,daily,SE,hemnet.se,real_estate_homes,,,new_listings,1783,listings,0,,vend-scraper-v2/daily_filtered
2026-10-07,daily,NO,hjem.no,real_estate_homes,,,listings,8910,listings,0,,vend-scraper-v2/daily_filtered
2026-10-07,daily,FI,oikotie.fi,real_estate_homes,,,listings,47695,listings,0,,vend-scraper-v2/daily_filtered
2026-10-07,daily,FI,oikotie.fi,real_estate_homes,,,new_listings,719,listings,0,,vend-scraper-v2/daily_filtered
2026-10-07,daily,SE,tradera.com,mobility_cars,dealer,,listings,48883,listings,0,,vend-scraper-v2/daily_filtered
2026-10-07,daily,SE,tradera.com,mobility_cars,private,,listings,3016,listings,0,,vend-scraper-v2/daily_filtered
2026-10-07,daily,SE,wayke.se,mobility_cars,dealer,,listings,52704,listings,0,,vend-scraper-v2/daily_filtered
2026-10-08,daily,DK,bilbasen.dk,mobility_cars,dealer,,listings,47763,listings,0,,vend-scraper-v2/daily_filtered
2026-10-08,daily,DK,bilbasen.dk,mobility_cars,private,,listings,4312,listings,0,,vend-scraper-v2/daily_filtered
2026-10-08,daily,DK,bilhandel.dk,mobility_cars,dealer,,listings,27585,listings,0,,vend-scraper-v2/daily_filtered
2026-10-08,daily,DK,bilhandel.dk,mobility_cars,private,,listings,2226,listings,0,,vend-scraper-v2/daily_filtered
2026-10-08,daily,DK,biltorvet.dk,mobility_cars,dealer,,listings,44903,listings,0,,vend-scraper-v2/daily_filtered
2026-10-08,daily,DK,biltorvet.dk,mobility_cars,private,,listings,2092,listings,0,outlier,vend-scraper-v2/daily_filtered
2026-10-08,daily,SE,blocket.se,mobility_cars,dealer,,listings,125564,listings,0,,vend-scraper-v2/daily_filtered
2026-10-08,daily,SE,blocket.se,mobility_cars,dealer,,new_listings,5937,listings,0,,vend-scraper-v2/daily_filtered
2026-10-08,daily,SE,blocket.se,mobility_cars,private,,listings,26757,listings,0,,vend-scraper-v2/daily_filtered
2026-10-08,daily,SE,blocket.se,mobility_cars,private,,new_listings,1099,listings,0,,vend-scraper-v2/daily_filtered
2026-10-08,daily,SE,blocket.se,mobility_other,dealer,,listings,63056,listings,0,,vend-scraper-v2/daily_filtered
2026-10-08,daily,SE,blocket.se,mobility_other,dealer,,new_listings,1700,listings,0,,vend-scraper-v2/daily_filtered
2026-10-08,daily,SE,blocket.se,mobility_other,private,,listings,18670,listings,0,outlier,vend-scraper-v2/daily_filtered
2026-10-08,daily,SE,blocket.se,mobility_other,private,,new_listings,382,listings,0,,vend-scraper-v2/daily_filtered
2026-10-08,daily,FI,etuovi.com,real_estate_homes,,,listings,51993,listings,0,,vend-scraper-v2/daily_filtered
2026-10-08,daily,FI,etuovi.com,real_estate_homes,,,new_listings,452,listings,0,,vend-scraper-v2/daily_filtered
2026-10-08,daily,NO,finn.no,jobs_listings,,,listings,14523,listings,0,,vend-scraper-v2/daily_filtered
2026-10-08,daily,NO,finn.no,jobs_listings,,,new_listings,690,listings,0,,vend-scraper-v2/daily_filtered
2026-10-08,daily,NO,finn.no,jobs_positions,,,listings,29242,listings,0,,vend-scraper-v2/daily_filtered
2026-10-08,daily,NO,finn.no,jobs_positions,,,new_listings,1650,listings,0,,vend-scraper-v2/daily_filtered
2026-10-08,daily,NO,finn.no,mobility_cars,dealer,,listings,54148,listings,0,,vend-scraper-v2/daily_filtered
2026-10-08,daily,NO,finn.no,mobility_cars,dealer,,new_listings,1993,listings,0,,vend-scraper-v2/daily_filtered
2026-10-08,daily,NO,finn.no,mobility_cars,private,,listings,18481,listings,0,,vend-scraper-v2/daily_filtered
2026-10-08,daily,NO,finn.no,mobility_cars,private,,new_listings,866,listings,0,,vend-scraper-v2/daily_filtered
2026-10-08,daily,NO,finn.no,mobility_other,dealer,,listings,27800,listings,0,,vend-scraper-v2/daily_filtered
2026-10-08,daily,NO,finn.no,mobility_other,dealer,,new_listings,636,listings,0,,vend-scraper-v2/daily_filtered
2026-10-08,daily,NO,finn.no,mobility_other,private,,listings,11209,listings,0,,vend-scraper-v2/daily_filtered
2026-10-08,daily,NO,finn.no,mobility_other,private,,new_listings,359,listings,0,,vend-scraper-v2/daily_filtered
2026-10-08,daily,NO,finn.no,real_estate_homes,,,listings,22840,listings,0,,vend-scraper-v2/daily_filtered
2026-10-08,daily,NO,finn.no,real_estate_homes,,,new_listings,462,listings,0,,vend-scraper-v2/daily_filtered
2026-10-08,daily,NO,finn.no,real_estate_homes_new,,,listings,17783,listings,0,,vend-scraper-v2/daily_filtered
2026-10-08,daily,NO,finn.no,real_estate_homes_new,,,new_listings,405,listings,0,,vend-scraper-v2/daily_filtered
2026-10-08,daily,NO,finn.no,real_estate_other,,,listings,26764,listings,0,,vend-scraper-v2/daily_filtered
2026-10-08,daily,NO,finn.no,real_estate_other,,,new_listings,502,listings,0,,vend-scraper-v2/daily_filtered
2026-10-08,daily,NO,hjem.no,real_estate_homes,,,listings,8878,listings,0,,vend-scraper-v2/daily_filtered
2026-10-08,daily,FI,oikotie.fi,real_estate_homes,,,listings,47672,listings,0,,vend-scraper-v2/daily_filtered
2026-10-08,daily,FI,oikotie.fi,real_estate_homes,,,new_listings,778,listings,0,,vend-scraper-v2/daily_filtered
2026-10-08,daily,SE,tradera.com,mobility_cars,dealer,,listings,49252,listings,0,,vend-scraper-v2/daily_filtered
2026-10-08,daily,SE,tradera.com,mobility_cars,private,,listings,3009,listings,0,,vend-scraper-v2/daily_filtered
2026-10-08,daily,SE,wayke.se,mobility_cars,dealer,,listings,53039,listings,0,,vend-scraper-v2/daily_filtered
