date,country,site,vertical,segment,package,metric,value,unit,is_sample,valid_days
2022-08-22,DK,bilinfo.dk,mobility_cars,,,adj_days_to_sell,51.9,days,0,
2022-08-22,DK,bilinfo.dk,mobility_cars,,,avg_days_to_sell,38,days,0,
2022-08-22,DK,bilinfo.dk,mobility_cars,,,supply_cars,52000,listings,0,
2022-08-22,DK,bilinfo.dk,mobility_cars,,,visits,742000,visitors,0,
2022-08-29,DK,bilinfo.dk,mobility_cars,,,adj_days_to_sell,51.9,days,0,
2022-08-29,DK,bilinfo.dk,mobility_cars,,,avg_days_to_sell,38,days,0,
2022-08-29,DK,bilinfo.dk,mobility_cars,,,implied_cars_added,7313,cars_per_week,0,
2022-08-29,DK,bilinfo.dk,mobility_cars,,,implied_cars_sold,7013,cars_per_week,0,
2022-08-29,DK,bilinfo.dk,mobility_cars,,,supply_cars,52300,listings,0,
2022-08-29,DK,bilinfo.dk,mobility_cars,,,visits,727000,visitors,0,
2022-09-05,DK,bilinfo.dk,mobility_cars,,,adj_days_to_sell,53.3,days,0,
2022-09-05,DK,bilinfo.dk,mobility_cars,,,avg_days_to_sell,39,days,0,
2022-09-05,DK,bilinfo.dk,mobility_cars,,,implied_cars_added,8269,cars_per_week,0,
2022-09-05,DK,bilinfo.dk,mobility_cars,,,implied_cars_sold,6869,cars_per_week,0,
2022-09-05,DK,bilinfo.dk,mobility_cars,,,supply_cars,53700,listings,0,
2022-09-05,DK,bilinfo.dk,mobility_cars,,,visits,733000,visitors,0,
2022-09-12,DK,bilinfo.dk,mobility_cars,,,adj_days_to_sell,53.3,days,0,
2022-09-12,DK,bilinfo.dk,mobility_cars,,,avg_days_to_sell,39,days,0,
2022-09-12,DK,bilinfo.dk,mobility_cars,,,implied_cars_added,7653,cars_per_week,0,
2022-09-12,DK,bilinfo.dk,mobility_cars,,,implied_cars_sold,7053,cars_per_week,0,
2022-09-12,DK,bilinfo.dk,mobility_cars,,,supply_cars,54300,listings,0,
2022-09-12,DK,bilinfo.dk,mobility_cars,,,visits,708000,visitors,0,
2022-09-19,DK,bilinfo.dk,mobility_cars,,,adj_days_to_sell,54.6,days,0,
2022-09-19,DK,bilinfo.dk,mobility_cars,,,avg_days_to_sell,40,days,0,
2022-09-19,DK,bilinfo.dk,mobility_cars,,,implied_cars_added,7462,cars_per_week,0,
2022-09-19,DK,bilinfo.dk,mobility_cars,,,implied_cars_sold,6962,cars_per_week,0,
2022-09-19,DK,bilinfo.dk,mobility_cars,,,supply_cars,54800,listings,0,
2022-09-19,DK,bilinfo.dk,mobility_cars,,,visits,691000,visitors,0,
2022-09-26,DK,bilinfo.dk,mobility_cars,,,adj_days_to_sell,54.6,days,0,
2022-09-26,DK,bilinfo.dk,mobility_cars,,,avg_days_to_sell,40,days,0,
2022-09-26,DK,bilinfo.dk,mobility_cars,,,implied_cars_added,7526,cars_per_week,0,
2022-09-26,DK,bilinfo.dk,mobility_cars,,,implied_cars_sold,7026,cars_per_week,0,
2022-09-26,DK,bilinfo.dk,mobility_cars,,,supply_cars,55300,listings,0,
2022-09-26,DK,bilinfo.dk,mobility_cars,,,visits,692000,visitors,0,
2022-10-03,DK,bilinfo.dk,mobility_cars,,,adj_days_to_sell,56,days,0,
2022-10-03,DK,bilinfo.dk,mobility_cars,,,avg_days_to_sell,41,days,0,
2022-10-03,DK,bilinfo.dk,mobility_cars,,,implied_cars_added,8712,cars_per_week,0,
2022-10-03,DK,bilinfo.dk,mobility_cars,,,implied_cars_sold,6912,cars_per_week,0,
2022-10-03,DK,bilinfo.dk,mobility_cars,,,supply_cars,57100,listings,0,
2022-10-03,DK,bilinfo.dk,mobility_cars,,,visits,688000,visitors,0,
2022-10-10,DK,bilinfo.dk,mobility_cars,,,adj_days_to_sell,56,days,0,
2022-10-10,DK,bilinfo.dk,mobility_cars,,,implied_cars_added,7688,cars_per_week,0,
2022-10-10,DK,bilinfo.dk,mobility_cars,,,implied_cars_sold,7138,cars_per_week,0,
2022-10-10,DK,bilinfo.dk,mobility_cars,,,supply_cars,57650,listings,0,
2022-10-17,DK,bilinfo.dk,mobility_cars,,,adj_days_to_sell,56,days,0,
2022-10-17,DK,bilinfo.dk,mobility_cars,,,avg_days_to_sell,41,days,0,
2022-10-17,DK,bilinfo.dk,mobility_cars,,,implied_cars_added,7756,cars_per_week,0,
2022-10-17,DK,bilinfo.dk,mobility_cars,,,implied_cars_sold,7206,cars_per_week,0,
2022-10-17,DK,bilinfo.dk,mobility_cars,,,supply_cars,58200,listings,0,
2022-10-17,DK,bilinfo.dk,mobility_cars,,,visits,710000,visitors,0,
2022-10-24,DK,bilinfo.dk,mobility_cars,,,adj_days_to_sell,57.4,days,0,
2022-10-24,DK,bilinfo.dk,mobility_cars,,,avg_days_to_sell,42,days,0,
2022-10-24,DK,bilinfo.dk,mobility_cars,,,implied_cars_added,7398,cars_per_week,0,
2022-10-24,DK,bilinfo.dk,mobility_cars,,,implied_cars_sold,7098,cars_per_week,0,
2022-10-24,DK,bilinfo.dk,mobility_cars,,,supply_cars,58500,listings,0,
2022-10-24,DK,bilinfo.dk,mobility_cars,,,visits,688000,visitors,0,
2022-10-31,DK,bilinfo.dk,mobility_cars,,,adj_days_to_sell,57.4,days,0,
2022-10-31,DK,bilinfo.dk,mobility_cars,,,avg_days_to_sell,42,days,0,
2022-10-31,DK,bilinfo.dk,mobility_cars,,,implied_cars_added,7734,cars_per_week,0,
2022-10-31,DK,bilinfo.dk,mobility_cars,,,implied_cars_sold,7134,cars_per_week,0,
2022-10-31,DK,bilinfo.dk,mobility_cars,,,supply_cars,59100,listings,0,
2022-10-31,DK,bilinfo.dk,mobility_cars,,,visits,718000,visitors,0,
2022-11-07,DK,bilinfo.dk,mobility_cars,,,adj_days_to_sell,58.7,days,0,
2022-11-07,DK,bilinfo.dk,mobility_cars,,,avg_days_to_sell,43,days,0,
2022-11-07,DK,bilinfo.dk,mobility_cars,,,implied_cars_added,7348,cars_per_week,0,
2022-11-07,DK,bilinfo.dk,mobility_cars,,,implied_cars_sold,7048,cars_per_week,0,
2022-11-07,DK,bilinfo.dk,mobility_cars,,,supply_cars,59400,listings,0,
2022-11-07,DK,bilinfo.dk,mobility_cars,,,visits,721000,visitors,0,
2022-11-14,DK,bilinfo.dk,mobility_cars,,,adj_days_to_sell,60.1,days,0,
2022-11-14,DK,bilinfo.dk,mobility_cars,,,avg_days_to_sell,44,days,0,
2022-11-14,DK,bilinfo.dk,mobility_cars,,,implied_cars_added,7118,cars_per_week,0,
2022-11-14,DK,bilinfo.dk,mobility_cars,,,implied_cars_sold,6918,cars_per_week,0,
2022-11-14,DK,bilinfo.dk,mobility_cars,,,supply_cars,59600,listings,0,
2022-11-14,DK,bilinfo.dk,mobility_cars,,,visits,702000,visitors,0,
2022-11-21,DK,bilinfo.dk,mobility_cars,,,adj_days_to_sell,60.1,days,0,
2022-11-21,DK,bilinfo.dk,mobility_cars,,,avg_days_to_sell,44,days,0,
2022-11-21,DK,bilinfo.dk,mobility_cars,,,implied_cars_added,6742,cars_per_week,0,
2022-11-21,DK,bilinfo.dk,mobility_cars,,,implied_cars_sold,6942,cars_per_week,0,
2022-11-21,DK,bilinfo.dk,mobility_cars,,,supply_cars,59400,listings,0,
2022-11-21,DK,bilinfo.dk,mobility_cars,,,visits,682000,visitors,0,
2022-11-28,DK,bilinfo.dk,mobility_cars,,,adj_days_to_sell,61.5,days,0,
2022-11-28,DK,bilinfo.dk,mobility_cars,,,avg_days_to_sell,45,days,0,
2022-11-28,DK,bilinfo.dk,mobility_cars,,,implied_cars_added,6761,cars_per_week,0,
2022-11-28,DK,bilinfo.dk,mobility_cars,,,implied_cars_sold,6761,cars_per_week,0,
2022-11-28,DK,bilinfo.dk,mobility_cars,,,supply_cars,59400,listings,0,
2022-11-28,DK,bilinfo.dk,mobility_cars,,,visits,702000,visitors,0,
2022-12-05,DK,bilinfo.dk,mobility_cars,,,adj_days_to_sell,61.5,days,0,
2022-12-05,DK,bilinfo.dk,mobility_cars,,,avg_days_to_sell,45,days,0,
2022-12-05,DK,bilinfo.dk,mobility_cars,,,implied_cars_added,6561,cars_per_week,0,
2022-12-05,DK,bilinfo.dk,mobility_cars,,,implied_cars_sold,6761,cars_per_week,0,
2022-12-05,DK,bilinfo.dk,mobility_cars,,,supply_cars,59200,listings,0,
2022-12-05,DK,bilinfo.dk,mobility_cars,,,visits,688000,visitors,0,
2022-12-12,DK,bilinfo.dk,mobility_cars,,,adj_days_to_sell,61.5,days,0,
2022-12-12,DK,bilinfo.dk,mobility_cars,,,avg_days_to_sell,45,days,0,
2022-12-12,DK,bilinfo.dk,mobility_cars,,,implied_cars_added,6338,cars_per_week,0,
2022-12-12,DK,bilinfo.dk,mobility_cars,,,implied_cars_sold,6738,cars_per_week,0,
2022-12-12,DK,bilinfo.dk,mobility_cars,,,supply_cars,58800,listings,0,
2022-12-12,DK,bilinfo.dk,mobility_cars,,,visits,667000,visitors,0,
2022-12-19,DK,bilinfo.dk,mobility_cars,,,adj_days_to_sell,62.8,days,0,
2022-12-19,DK,bilinfo.dk,mobility_cars,,,avg_days_to_sell,46,days,0,
2022-12-19,DK,bilinfo.dk,mobility_cars,,,implied_cars_added,6954,cars_per_week,0,
2022-12-19,DK,bilinfo.dk,mobility_cars,,,implied_cars_sold,6554,cars_per_week,0,
2022-12-19,DK,bilinfo.dk,mobility_cars,,,supply_cars,59200,listings,0,
2022-12-19,DK,bilinfo.dk,mobility_cars,,,visits,701000,visitors,0,
2022-12-26,DK,bilinfo.dk,mobility_cars,,,adj_days_to_sell,62.8,days,0,
2022-12-26,DK,bilinfo.dk,mobility_cars,,,avg_days_to_sell,46,days,0,
2022-12-26,DK,bilinfo.dk,mobility_cars,,,implied_cars_added,5999,cars_per_week,0,
2022-12-26,DK,bilinfo.dk,mobility_cars,,,implied_cars_sold,6599,cars_per_week,0,
2022-12-26,DK,bilinfo.dk,mobility_cars,,,supply_cars,58600,listings,0,
2022-12-26,DK,bilinfo.dk,mobility_cars,,,visits,685000,visitors,0,
2023-01-02,DK,bilinfo.dk,mobility_cars,,,adj_days_to_sell,64.2,days,0,
2023-01-02,DK,bilinfo.dk,mobility_cars,,,avg_days_to_sell,47,days,0,
2023-01-02,DK,bilinfo.dk,mobility_cars,,,implied_cars_added,5789,cars_per_week,0,
2023-01-02,DK,bilinfo.dk,mobility_cars,,,implied_cars_sold,6389,cars_per_week,0,
2023-01-02,DK,bilinfo.dk,mobility_cars,,,supply_cars,58000,listings,0,
2023-01-02,DK,bilinfo.dk,mobility_cars,,,visits,722000,visitors,0,
2023-01-09,DK,bilinfo.dk,mobility_cars,,,adj_days_to_sell,64.2,days,0,
2023-01-09,DK,bilinfo.dk,mobility_cars,,,avg_days_to_sell,47,days,0,
2023-01-09,DK,bilinfo.dk,mobility_cars,,,implied_cars_added,5924,cars_per_week,0,
2023-01-09,DK,bilinfo.dk,mobility_cars,,,implied_cars_sold,6324,cars_per_week,0,
2023-01-09,DK,bilinfo.dk,mobility_cars,,,supply_cars,57600,listings,0,
2023-01-09,DK,bilinfo.dk,mobility_cars,,,visits,885000,visitors,0,
2023-01-16,DK,bilinfo.dk,mobility_cars,,,adj_days_to_sell,65.6,days,0,
2023-01-16,DK,bilinfo.dk,mobility_cars,,,avg_days_to_sell,48,days,0,
2023-01-16,DK,bilinfo.dk,mobility_cars,,,implied_cars_added,5846,cars_per_week,0,
2023-01-16,DK,bilinfo.dk,mobility_cars,,,implied_cars_sold,6146,cars_per_week,0,
2023-01-16,DK,bilinfo.dk,mobility_cars,,,supply_cars,57300,listings,0,
2023-01-16,DK,bilinfo.dk,mobility_cars,,,visits,902000,visitors,0,
2023-01-23,DK,bilinfo.dk,mobility_cars,,,adj_days_to_sell,65.6,days,0,
2023-01-23,DK,bilinfo.dk,mobility_cars,,,avg_days_to_sell,48,days,0,
2023-01-23,DK,bilinfo.dk,mobility_cars,,,implied_cars_added,6214,cars_per_week,0,
2023-01-23,DK,bilinfo.dk,mobility_cars,,,implied_cars_sold,6114,cars_per_week,0,
2023-01-23,DK,bilinfo.dk,mobility_cars,,,supply_cars,57400,listings,0,
2023-01-23,DK,bilinfo.dk,mobility_cars,,,visits,849000,visitors,0,
2023-01-30,DK,bilinfo.dk,mobility_cars,,,adj_days_to_sell,66.9,days,0,
2023-01-30,DK,bilinfo.dk,mobility_cars,,,avg_days_to_sell,49,days,0,
2023-01-30,DK,bilinfo.dk,mobility_cars,,,implied_cars_added,6206,cars_per_week,0,
2023-01-30,DK,bilinfo.dk,mobility_cars,,,implied_cars_sold,6006,cars_per_week,0,
2023-01-30,DK,bilinfo.dk,mobility_cars,,,supply_cars,57600,listings,0,
2023-01-30,DK,bilinfo.dk,mobility_cars,,,visits,791000,visitors,0,
2023-02-06,DK,bilinfo.dk,mobility_cars,,,adj_days_to_sell,66.9,days,0,
2023-02-06,DK,bilinfo.dk,mobility_cars,,,avg_days_to_sell,49,days,0,
2023-02-06,DK,bilinfo.dk,mobility_cars,,,implied_cars_added,6127,cars_per_week,0,
2023-02-06,DK,bilinfo.dk,mobility_cars,,,implied_cars_sold,6027,cars_per_week,0,
2023-02-06,DK,bilinfo.dk,mobility_cars,,,supply_cars,57700,listings,0,
2023-02-06,DK,bilinfo.dk,mobility_cars,,,visits,782000,visitors,0,
2023-02-13,DK,bilinfo.dk,mobility_cars,,,adj_days_to_sell,68.3,days,0,
2023-02-13,DK,bilinfo.dk,mobility_cars,,,avg_days_to_sell,50,days,0,
2023-02-13,DK,bilinfo.dk,mobility_cars,,,implied_cars_added,5814,cars_per_week,0,
2023-02-13,DK,bilinfo.dk,mobility_cars,,,implied_cars_sold,5914,cars_per_week,0,
2023-02-13,DK,bilinfo.dk,mobility_cars,,,supply_cars,57600,listings,0,
2023-02-13,DK,bilinfo.dk,mobility_cars,,,visits,788000,visitors,0,
2023-02-20,DK,bilinfo.dk,mobility_cars,,,adj_days_to_sell,68.3,days,0,
2023-02-20,DK,bilinfo.dk,mobility_cars,,,avg_days_to_sell,50,days,0,
2023-02-20,DK,bilinfo.dk,mobility_cars,,,implied_cars_added,5703,cars_per_week,0,
2023-02-20,DK,bilinfo.dk,mobility_cars,,,implied_cars_sold,5903,cars_per_week,0,
2023-02-20,DK,bilinfo.dk,mobility_cars,,,supply_cars,57400,listings,0,
2023-02-20,DK,bilinfo.dk,mobility_cars,,,visits,811000,visitors,0,
2023-02-27,DK,bilinfo.dk,mobility_cars,,,adj_days_to_sell,69.7,days,0,
2023-02-27,DK,bilinfo.dk,mobility_cars,,,avg_days_to_sell,51,days,0,
2023-02-27,DK,bilinfo.dk,mobility_cars,,,implied_cars_added,5965,cars_per_week,0,
2023-02-27,DK,bilinfo.dk,mobility_cars,,,implied_cars_sold,5765,cars_per_week,0,
2023-02-27,DK,bilinfo.dk,mobility_cars,,,supply_cars,57600,listings,0,
2023-02-27,DK,bilinfo.dk,mobility_cars,,,visits,792000,visitors,0,
2023-03-06,DK,bilinfo.dk,mobility_cars,,,adj_days_to_sell,69.7,days,0,
2023-03-06,DK,bilinfo.dk,mobility_cars,,,avg_days_to_sell,51,days,0,
2023-03-06,DK,bilinfo.dk,mobility_cars,,,implied_cars_added,6085,cars_per_week,0,
2023-03-06,DK,bilinfo.dk,mobility_cars,,,implied_cars_sold,5785,cars_per_week,0,
2023-03-06,DK,bilinfo.dk,mobility_cars,,,supply_cars,57900,listings,0,
2023-03-06,DK,bilinfo.dk,mobility_cars,,,visits,762000,visitors,0,
2023-03-13,DK,bilinfo.dk,mobility_cars,,,adj_days_to_sell,69.7,days,0,
2023-03-13,DK,bilinfo.dk,mobility_cars,,,avg_days_to_sell,51,days,0,
2023-03-13,DK,bilinfo.dk,mobility_cars,,,implied_cars_added,5915,cars_per_week,0,
2023-03-13,DK,bilinfo.dk,mobility_cars,,,implied_cars_sold,5815,cars_per_week,0,
2023-03-13,DK,bilinfo.dk,mobility_cars,,,supply_cars,58000,listings,0,
2023-03-13,DK,bilinfo.dk,mobility_cars,,,visits,764000,visitors,0,
2023-03-20,DK,bilinfo.dk,mobility_cars,,,adj_days_to_sell,69.7,days,0,
2023-03-20,DK,bilinfo.dk,mobility_cars,,,avg_days_to_sell,51,days,0,
2023-03-20,DK,bilinfo.dk,mobility_cars,,,implied_cars_added,5825,cars_per_week,0,
2023-03-20,DK,bilinfo.dk,mobility_cars,,,implied_cars_sold,5825,cars_per_week,0,
2023-03-20,DK,bilinfo.dk,mobility_cars,,,supply_cars,58000,listings,0,
2023-03-20,DK,bilinfo.dk,mobility_cars,,,visits,769000,visitors,0,
2023-03-27,DK,bilinfo.dk,mobility_cars,,,adj_days_to_sell,71,days,0,
2023-03-27,DK,bilinfo.dk,mobility_cars,,,avg_days_to_sell,52,days,0,
2023-03-27,DK,bilinfo.dk,mobility_cars,,,implied_cars_added,5518,cars_per_week,0,
2023-03-27,DK,bilinfo.dk,mobility_cars,,,implied_cars_sold,5718,cars_per_week,0,
2023-03-27,DK,bilinfo.dk,mobility_cars,,,supply_cars,57800,listings,0,
2023-03-27,DK,bilinfo.dk,mobility_cars,,,visits,712000,visitors,0,
2023-04-03,DK,bilinfo.dk,mobility_cars,,,adj_days_to_sell,71,days,0,
2023-04-03,DK,bilinfo.dk,mobility_cars,,,avg_days_to_sell,52,days,0,
2023-04-03,DK,bilinfo.dk,mobility_cars,,,implied_cars_added,5799,cars_per_week,0,
2023-04-03,DK,bilinfo.dk,mobility_cars,,,implied_cars_sold,5699,cars_per_week,0,
2023-04-03,DK,bilinfo.dk,mobility_cars,,,supply_cars,57900,listings,0,
2023-04-03,DK,bilinfo.dk,mobility_cars,,,visits,699000,visitors,0,
2023-04-10,DK,bilinfo.dk,mobility_cars,,,adj_days_to_sell,71,days,0,
2023-04-10,DK,bilinfo.dk,mobility_cars,,,avg_days_to_sell,52,days,0,
2023-04-10,DK,bilinfo.dk,mobility_cars,,,implied_cars_added,5708,cars_per_week,0,
2023-04-10,DK,bilinfo.dk,mobility_cars,,,implied_cars_sold,5708,cars_per_week,0,
2023-04-10,DK,bilinfo.dk,mobility_cars,,,supply_cars,57900,listings,0,
2023-04-10,DK,bilinfo.dk,mobility_cars,,,visits,761000,visitors,0,
2023-04-17,DK,bilinfo.dk,mobility_cars,,,adj_days_to_sell,71,days,0,
2023-04-17,DK,bilinfo.dk,mobility_cars,,,avg_days_to_sell,52,days,0,
2023-04-17,DK,bilinfo.dk,mobility_cars,,,implied_cars_added,5608,cars_per_week,0,
2023-04-17,DK,bilinfo.dk,mobility_cars,,,implied_cars_sold,5708,cars_per_week,0,
2023-04-17,DK,bilinfo.dk,mobility_cars,,,supply_cars,57800,listings,0,
2023-04-17,DK,bilinfo.dk,mobility_cars,,,visits,734000,visitors,0,
2023-04-24,DK,bilinfo.dk,mobility_cars,,,adj_days_to_sell,71,days,0,
2023-04-24,DK,bilinfo.dk,mobility_cars,,,avg_days_to_sell,52,days,0,
2023-04-24,DK,bilinfo.dk,mobility_cars,,,implied_cars_added,5599,cars_per_week,0,
2023-04-24,DK,bilinfo.dk,mobility_cars,,,implied_cars_sold,5699,cars_per_week,0,
2023-04-24,DK,bilinfo.dk,mobility_cars,,,supply_cars,57700,listings,0,
2023-04-24,DK,bilinfo.dk,mobility_cars,,,visits,714000,visitors,0,
2023-05-01,DK,bilinfo.dk,mobility_cars,,,adj_days_to_sell,71,days,0,
2023-05-01,DK,bilinfo.dk,mobility_cars,,,avg_days_to_sell,52,days,0,
2023-05-01,DK,bilinfo.dk,mobility_cars,,,implied_cars_added,5489,cars_per_week,0,
2023-05-01,DK,bilinfo.dk,mobility_cars,,,implied_cars_sold,5689,cars_per_week,0,
2023-05-01,DK,bilinfo.dk,mobility_cars,,,supply_cars,57500,listings,0,
2023-05-01,DK,bilinfo.dk,mobility_cars,,,visits,718000,visitors,0,
2023-05-08,DK,bilinfo.dk,mobility_cars,,,adj_days_to_sell,71,days,0,
2023-05-08,DK,bilinfo.dk,mobility_cars,,,avg_days_to_sell,52,days,0,
2023-05-08,DK,bilinfo.dk,mobility_cars,,,implied_cars_added,5269,cars_per_week,0,
2023-05-08,DK,bilinfo.dk,mobility_cars,,,implied_cars_sold,5669,cars_per_week,0,
2023-05-08,DK,bilinfo.dk,mobility_cars,,,supply_cars,57100,listings,0,
2023-05-08,DK,bilinfo.dk,mobility_cars,,,visits,702000,visitors,0,
2023-05-15,DK,bilinfo.dk,mobility_cars,,,adj_days_to_sell,69.7,days,0,
2023-05-15,DK,bilinfo.dk,mobility_cars,,,avg_days_to_sell,51,days,0,
2023-05-15,DK,bilinfo.dk,mobility_cars,,,implied_cars_added,5535,cars_per_week,0,
2023-05-15,DK,bilinfo.dk,mobility_cars,,,implied_cars_sold,5735,cars_per_week,0,
2023-05-15,DK,bilinfo.dk,mobility_cars,,,supply_cars,56900,listings,0,
2023-05-15,DK,bilinfo.dk,mobility_cars,,,visits,708000,visitors,0,
2023-05-22,DK,bilinfo.dk,mobility_cars,,,adj_days_to_sell,69.7,days,0,
2023-05-22,DK,bilinfo.dk,mobility_cars,,,avg_days_to_sell,51,days,0,
2023-05-22,DK,bilinfo.dk,mobility_cars,,,implied_cars_added,5414,cars_per_week,0,
2023-05-22,DK,bilinfo.dk,mobility_cars,,,implied_cars_sold,5714,cars_per_week,0,
2023-05-22,DK,bilinfo.dk,mobility_cars,,,supply_cars,56600,listings,0,
2023-05-22,DK,bilinfo.dk,mobility_cars,,,visits,722000,visitors,0,
2023-05-29,DK,bilinfo.dk,mobility_cars,,,adj_days_to_sell,69.7,days,0,
2023-05-29,DK,bilinfo.dk,mobility_cars,,,avg_days_to_sell,51,days,0,
2023-05-29,DK,bilinfo.dk,mobility_cars,,,implied_cars_added,5784,cars_per_week,0,
2023-05-29,DK,bilinfo.dk,mobility_cars,,,implied_cars_sold,5684,cars_per_week,0,
2023-05-29,DK,bilinfo.dk,mobility_cars,,,supply_cars,56700,listings,0,
2023-05-29,DK,bilinfo.dk,mobility_cars,,,visits,695000,visitors,0,
2023-06-05,DK,bilinfo.dk,mobility_cars,,,adj_days_to_sell,68.3,days,0,
2023-06-05,DK,bilinfo.dk,mobility_cars,,,avg_days_to_sell,50,days,0,
2023-06-05,DK,bilinfo.dk,mobility_cars,,,implied_cars_added,5711,cars_per_week,0,
2023-06-05,DK,bilinfo.dk,mobility_cars,,,implied_cars_sold,5811,cars_per_week,0,
2023-06-05,DK,bilinfo.dk,mobility_cars,,,supply_cars,56600,listings,0,
2023-06-05,DK,bilinfo.dk,mobility_cars,,,visits,661000,visitors,0,
2023-06-12,DK,bilinfo.dk,mobility_cars,,,adj_days_to_sell,68.3,days,0,
2023-06-12,DK,bilinfo.dk,mobility_cars,,,avg_days_to_sell,50,days,0,
2023-06-12,DK,bilinfo.dk,mobility_cars,,,implied_cars_added,6201,cars_per_week,0,
2023-06-12,DK,bilinfo.dk,mobility_cars,,,implied_cars_sold,5801,cars_per_week,0,
2023-06-12,DK,bilinfo.dk,mobility_cars,,,supply_cars,57000,listings,0,
2023-06-12,DK,bilinfo.dk,mobility_cars,,,visits,732000,visitors,0,
2023-06-19,DK,bilinfo.dk,mobility_cars,,,adj_days_to_sell,66.9,days,0,
2023-06-19,DK,bilinfo.dk,mobility_cars,,,avg_days_to_sell,49,days,0,
2023-06-19,DK,bilinfo.dk,mobility_cars,,,implied_cars_added,5964,cars_per_week,0,
2023-06-19,DK,bilinfo.dk,mobility_cars,,,implied_cars_sold,5964,cars_per_week,0,
2023-06-19,DK,bilinfo.dk,mobility_cars,,,supply_cars,57000,listings,0,
2023-06-19,DK,bilinfo.dk,mobility_cars,,,visits,744000,visitors,0,
2023-06-26,DK,bilinfo.dk,mobility_cars,,,adj_days_to_sell,66.9,days,0,
2023-06-26,DK,bilinfo.dk,mobility_cars,,,avg_days_to_sell,49,days,0,
2023-06-26,DK,bilinfo.dk,mobility_cars,,,implied_cars_added,6364,cars_per_week,0,
2023-06-26,DK,bilinfo.dk,mobility_cars,,,implied_cars_sold,5964,cars_per_week,0,
2023-06-26,DK,bilinfo.dk,mobility_cars,,,supply_cars,57400,listings,0,
2023-06-26,DK,bilinfo.dk,mobility_cars,,,visits,722000,visitors,0,
2023-07-03,DK,bilinfo.dk,mobility_cars,,,adj_days_to_sell,66.9,days,0,
2023-07-03,DK,bilinfo.dk,mobility_cars,,,implied_cars_added,6273,cars_per_week,0,
2023-07-03,DK,bilinfo.dk,mobility_cars,,,implied_cars_sold,6006,cars_per_week,0,
2023-07-03,DK,bilinfo.dk,mobility_cars,,,supply_cars,57667,listings,0,
2023-07-10,DK,bilinfo.dk,mobility_cars,,,adj_days_to_sell,66.9,days,0,
2023-07-10,DK,bilinfo.dk,mobility_cars,,,implied_cars_added,6301,cars_per_week,0,
2023-07-10,DK,bilinfo.dk,mobility_cars,,,implied_cars_sold,6034,cars_per_week,0,
2023-07-10,DK,bilinfo.dk,mobility_cars,,,supply_cars,57933,listings,0,
2023-07-17,DK,bilinfo.dk,mobility_cars,,,adj_days_to_sell,66.9,days,0,
2023-07-17,DK,bilinfo.dk,mobility_cars,,,avg_days_to_sell,49,days,0,
2023-07-17,DK,bilinfo.dk,mobility_cars,,,implied_cars_added,6328,cars_per_week,0,
2023-07-17,DK,bilinfo.dk,mobility_cars,,,implied_cars_sold,6062,cars_per_week,0,
2023-07-17,DK,bilinfo.dk,mobility_cars,,,supply_cars,58200,listings,0,
2023-07-17,DK,bilinfo.dk,mobility_cars,,,visits,718000,visitors,0,
2023-07-24,DK,bilinfo.dk,mobility_cars,,,adj_days_to_sell,66.9,days,0,
2023-07-24,DK,bilinfo.dk,mobility_cars,,,avg_days_to_sell,49,days,0,
2023-07-24,DK,bilinfo.dk,mobility_cars,,,implied_cars_added,6090,cars_per_week,0,
2023-07-24,DK,bilinfo.dk,mobility_cars,,,implied_cars_sold,6090,cars_per_week,0,
2023-07-24,DK,bilinfo.dk,mobility_cars,,,supply_cars,58200,listings,0,
2023-07-24,DK,bilinfo.dk,mobility_cars,,,visits,721000,visitors,0,
2023-07-31,DK,bilinfo.dk,mobility_cars,,,adj_days_to_sell,66.9,days,0,
2023-07-31,DK,bilinfo.dk,mobility_cars,,,avg_days_to_sell,49,days,0,
2023-07-31,DK,bilinfo.dk,mobility_cars,,,implied_cars_added,6290,cars_per_week,0,
2023-07-31,DK,bilinfo.dk,mobility_cars,,,implied_cars_sold,6090,cars_per_week,0,
2023-07-31,DK,bilinfo.dk,mobility_cars,,,supply_cars,58400,listings,0,
2023-07-31,DK,bilinfo.dk,mobility_cars,,,visits,754000,visitors,0,
2023-08-07,DK,bilinfo.dk,mobility_cars,,,adj_days_to_sell,65.6,days,0,
2023-08-07,DK,bilinfo.dk,mobility_cars,,,avg_days_to_sell,48,days,0,
2023-08-07,DK,bilinfo.dk,mobility_cars,,,implied_cars_added,6232,cars_per_week,0,
2023-08-07,DK,bilinfo.dk,mobility_cars,,,implied_cars_sold,6232,cars_per_week,0,
2023-08-07,DK,bilinfo.dk,mobility_cars,,,supply_cars,58400,listings,0,
2023-08-07,DK,bilinfo.dk,mobility_cars,,,visits,784000,visitors,0,
2023-08-14,DK,bilinfo.dk,mobility_cars,,,adj_days_to_sell,65.6,days,0,
2023-08-14,DK,bilinfo.dk,mobility_cars,,,avg_days_to_sell,48,days,0,
2023-08-14,DK,bilinfo.dk,mobility_cars,,,implied_cars_added,6832,cars_per_week,0,
2023-08-14,DK,bilinfo.dk,mobility_cars,,,implied_cars_sold,6232,cars_per_week,0,
2023-08-14,DK,bilinfo.dk,mobility_cars,,,supply_cars,59000,listings,0,
2023-08-14,DK,bilinfo.dk,mobility_cars,,,visits,759000,visitors,0,
2023-08-21,DK,bilinfo.dk,mobility_cars,,,adj_days_to_sell,65.6,days,0,
2023-08-21,DK,bilinfo.dk,mobility_cars,,,avg_days_to_sell,48,days,0,
2023-08-21,DK,bilinfo.dk,mobility_cars,,,implied_cars_added,6796,cars_per_week,0,
2023-08-21,DK,bilinfo.dk,mobility_cars,,,implied_cars_sold,6296,cars_per_week,0,
2023-08-21,DK,bilinfo.dk,mobility_cars,,,supply_cars,59500,listings,0,
2023-08-21,DK,bilinfo.dk,mobility_cars,,,visits,732000,visitors,0,
2023-08-28,DK,bilinfo.dk,mobility_cars,,,adj_days_to_sell,65.6,days,0,
2023-08-28,DK,bilinfo.dk,mobility_cars,,,avg_days_to_sell,48,days,0,
2023-08-28,DK,bilinfo.dk,mobility_cars,,,implied_cars_added,6549,cars_per_week,0,
2023-08-28,DK,bilinfo.dk,mobility_cars,,,implied_cars_sold,6349,cars_per_week,0,
2023-08-28,DK,bilinfo.dk,mobility_cars,,,supply_cars,59700,listings,0,
2023-08-28,DK,bilinfo.dk,mobility_cars,,,visits,741000,visitors,0,
2023-09-04,DK,bilinfo.dk,mobility_cars,,,adj_days_to_sell,64.2,days,0,
2023-09-04,DK,bilinfo.dk,mobility_cars,,,avg_days_to_sell,47,days,0,
2023-09-04,DK,bilinfo.dk,mobility_cars,,,implied_cars_added,7309,cars_per_week,0,
2023-09-04,DK,bilinfo.dk,mobility_cars,,,implied_cars_sold,6509,cars_per_week,0,
2023-09-04,DK,bilinfo.dk,mobility_cars,,,supply_cars,60500,listings,0,
2023-09-04,DK,bilinfo.dk,mobility_cars,,,visits,745000,visitors,0,
2023-09-11,DK,bilinfo.dk,mobility_cars,,,adj_days_to_sell,64.2,days,0,
2023-09-11,DK,bilinfo.dk,mobility_cars,,,avg_days_to_sell,47,days,0,
2023-09-11,DK,bilinfo.dk,mobility_cars,,,implied_cars_added,7297,cars_per_week,0,
2023-09-11,DK,bilinfo.dk,mobility_cars,,,implied_cars_sold,6597,cars_per_week,0,
2023-09-11,DK,bilinfo.dk,mobility_cars,,,supply_cars,61200,listings,0,
2023-09-11,DK,bilinfo.dk,mobility_cars,,,visits,738000,visitors,0,
2023-09-18,DK,bilinfo.dk,mobility_cars,,,adj_days_to_sell,64.2,days,0,
2023-09-18,DK,bilinfo.dk,mobility_cars,,,avg_days_to_sell,47,days,0,
2023-09-18,DK,bilinfo.dk,mobility_cars,,,implied_cars_added,7173,cars_per_week,0,
2023-09-18,DK,bilinfo.dk,mobility_cars,,,implied_cars_sold,6673,cars_per_week,0,
2023-09-18,DK,bilinfo.dk,mobility_cars,,,supply_cars,61700,listings,0,
2023-09-18,DK,bilinfo.dk,mobility_cars,,,visits,736000,visitors,0,
2023-09-25,DK,bilinfo.dk,mobility_cars,,,adj_days_to_sell,64.2,days,0,
2023-09-25,DK,bilinfo.dk,mobility_cars,,,avg_days_to_sell,47,days,0,
2023-09-25,DK,bilinfo.dk,mobility_cars,,,implied_cars_added,6927,cars_per_week,0,
2023-09-25,DK,bilinfo.dk,mobility_cars,,,implied_cars_sold,6727,cars_per_week,0,
2023-09-25,DK,bilinfo.dk,mobility_cars,,,supply_cars,61900,listings,0,
2023-09-25,DK,bilinfo.dk,mobility_cars,,,visits,727000,visitors,0,
2023-10-02,DK,bilinfo.dk,mobility_cars,,,adj_days_to_sell,64.2,days,0,
2023-10-02,DK,bilinfo.dk,mobility_cars,,,avg_days_to_sell,47,days,0,
2023-10-02,DK,bilinfo.dk,mobility_cars,,,implied_cars_added,7249,cars_per_week,0,
2023-10-02,DK,bilinfo.dk,mobility_cars,,,implied_cars_sold,6749,cars_per_week,0,
2023-10-02,DK,bilinfo.dk,mobility_cars,,,supply_cars,62400,listings,0,
2023-10-02,DK,bilinfo.dk,mobility_cars,,,visits,732000,visitors,0,
2023-10-09,DK,bilinfo.dk,mobility_cars,,,adj_days_to_sell,64.2,days,0,
2023-10-09,DK,bilinfo.dk,mobility_cars,,,avg_days_to_sell,47,days,0,
2023-10-09,DK,bilinfo.dk,mobility_cars,,,implied_cars_added,7304,cars_per_week,0,
2023-10-09,DK,bilinfo.dk,mobility_cars,,,implied_cars_sold,6804,cars_per_week,0,
2023-10-09,DK,bilinfo.dk,mobility_cars,,,supply_cars,62900,listings,0,
2023-10-09,DK,bilinfo.dk,mobility_cars,,,visits,736000,visitors,0,
2023-10-16,DK,bilinfo.dk,mobility_cars,,,adj_days_to_sell,64.2,days,0,
2023-10-16,DK,bilinfo.dk,mobility_cars,,,avg_days_to_sell,47,days,0,
2023-10-16,DK,bilinfo.dk,mobility_cars,,,implied_cars_added,7358,cars_per_week,0,
2023-10-16,DK,bilinfo.dk,mobility_cars,,,implied_cars_sold,6858,cars_per_week,0,
2023-10-16,DK,bilinfo.dk,mobility_cars,,,supply_cars,63400,listings,0,
2023-10-16,DK,bilinfo.dk,mobility_cars,,,visits,711000,visitors,0,
2023-10-23,DK,bilinfo.dk,mobility_cars,,,adj_days_to_sell,64.2,days,0,
2023-10-23,DK,bilinfo.dk,mobility_cars,,,avg_days_to_sell,47,days,0,
2023-10-23,DK,bilinfo.dk,mobility_cars,,,implied_cars_added,7313,cars_per_week,0,
2023-10-23,DK,bilinfo.dk,mobility_cars,,,implied_cars_sold,6913,cars_per_week,0,
2023-10-23,DK,bilinfo.dk,mobility_cars,,,supply_cars,63800,listings,0,
2023-10-23,DK,bilinfo.dk,mobility_cars,,,visits,731000,visitors,0,
2023-10-30,DK,bilinfo.dk,mobility_cars,,,adj_days_to_sell,64.2,days,0,
2023-10-30,DK,bilinfo.dk,mobility_cars,,,avg_days_to_sell,47,days,0,
2023-10-30,DK,bilinfo.dk,mobility_cars,,,implied_cars_added,7256,cars_per_week,0,
2023-10-30,DK,bilinfo.dk,mobility_cars,,,implied_cars_sold,6956,cars_per_week,0,
2023-10-30,DK,bilinfo.dk,mobility_cars,,,supply_cars,64100,listings,0,
2023-10-30,DK,bilinfo.dk,mobility_cars,,,visits,722000,visitors,0,
2023-11-06,DK,bilinfo.dk,mobility_cars,,,adj_days_to_sell,62.8,days,0,
2023-11-06,DK,bilinfo.dk,mobility_cars,,,avg_days_to_sell,46,days,0,
2023-11-06,DK,bilinfo.dk,mobility_cars,,,implied_cars_added,7645,cars_per_week,0,
2023-11-06,DK,bilinfo.dk,mobility_cars,,,implied_cars_sold,7145,cars_per_week,0,
2023-11-06,DK,bilinfo.dk,mobility_cars,,,supply_cars,64600,listings,0,
2023-11-06,DK,bilinfo.dk,mobility_cars,,,visits,722000,visitors,0,
2023-11-13,DK,bilinfo.dk,mobility_cars,,,adj_days_to_sell,62.8,days,0,
2023-11-13,DK,bilinfo.dk,mobility_cars,,,avg_days_to_sell,46,days,0,
2023-11-13,DK,bilinfo.dk,mobility_cars,,,implied_cars_added,7701,cars_per_week,0,
2023-11-13,DK,bilinfo.dk,mobility_cars,,,implied_cars_sold,7201,cars_per_week,0,
2023-11-13,DK,bilinfo.dk,mobility_cars,,,supply_cars,65100,listings,0,
2023-11-13,DK,bilinfo.dk,mobility_cars,,,visits,722000,visitors,0,
2023-11-20,DK,bilinfo.dk,mobility_cars,,,adj_days_to_sell,62.8,days,0,
2023-11-20,DK,bilinfo.dk,mobility_cars,,,avg_days_to_sell,46,days,0,
2023-11-20,DK,bilinfo.dk,mobility_cars,,,implied_cars_added,7556,cars_per_week,0,
2023-11-20,DK,bilinfo.dk,mobility_cars,,,implied_cars_sold,7256,cars_per_week,0,
2023-11-20,DK,bilinfo.dk,mobility_cars,,,supply_cars,65400,listings,0,
2023-11-20,DK,bilinfo.dk,mobility_cars,,,visits,708000,visitors,0,
2023-11-27,DK,bilinfo.dk,mobility_cars,,,adj_days_to_sell,62.8,days,0,
2023-11-27,DK,bilinfo.dk,mobility_cars,,,avg_days_to_sell,46,days,0,
2023-11-27,DK,bilinfo.dk,mobility_cars,,,implied_cars_added,7490,cars_per_week,0,
2023-11-27,DK,bilinfo.dk,mobility_cars,,,implied_cars_sold,7290,cars_per_week,0,
2023-11-27,DK,bilinfo.dk,mobility_cars,,,supply_cars,65600,listings,0,
2023-11-27,DK,bilinfo.dk,mobility_cars,,,visits,702000,visitors,0,
2023-12-04,DK,bilinfo.dk,mobility_cars,,,adj_days_to_sell,62.8,days,0,
2023-12-04,DK,bilinfo.dk,mobility_cars,,,avg_days_to_sell,46,days,0,
2023-12-04,DK,bilinfo.dk,mobility_cars,,,implied_cars_added,7312,cars_per_week,0,
2023-12-04,DK,bilinfo.dk,mobility_cars,,,implied_cars_sold,7312,cars_per_week,0,
2023-12-04,DK,bilinfo.dk,mobility_cars,,,supply_cars,65600,listings,0,
2023-12-04,DK,bilinfo.dk,mobility_cars,,,visits,699000,visitors,0,
2023-12-11,DK,bilinfo.dk,mobility_cars,,,adj_days_to_sell,62.8,days,0,
2023-12-11,DK,bilinfo.dk,mobility_cars,,,avg_days_to_sell,46,days,0,
2023-12-11,DK,bilinfo.dk,mobility_cars,,,implied_cars_added,7612,cars_per_week,0,
2023-12-11,DK,bilinfo.dk,mobility_cars,,,implied_cars_sold,7312,cars_per_week,0,
2023-12-11,DK,bilinfo.dk,mobility_cars,,,supply_cars,65900,listings,0,
2023-12-11,DK,bilinfo.dk,mobility_cars,,,visits,681000,visitors,0,
2023-12-18,DK,bilinfo.dk,mobility_cars,,,adj_days_to_sell,62.8,days,0,
2023-12-18,DK,bilinfo.dk,mobility_cars,,,avg_days_to_sell,46,days,0,
2023-12-18,DK,bilinfo.dk,mobility_cars,,,implied_cars_added,7446,cars_per_week,0,
2023-12-18,DK,bilinfo.dk,mobility_cars,,,implied_cars_sold,7346,cars_per_week,0,
2023-12-18,DK,bilinfo.dk,mobility_cars,,,supply_cars,66000,listings,0,
2023-12-18,DK,bilinfo.dk,mobility_cars,,,visits,676000,visitors,0,
2023-12-25,DK,bilinfo.dk,mobility_cars,,,adj_days_to_sell,62.8,days,0,
2023-12-25,DK,bilinfo.dk,mobility_cars,,,avg_days_to_sell,46,days,0,
2023-12-25,DK,bilinfo.dk,mobility_cars,,,implied_cars_added,7157,cars_per_week,0,
2023-12-25,DK,bilinfo.dk,mobility_cars,,,implied_cars_sold,7357,cars_per_week,0,
2023-12-25,DK,bilinfo.dk,mobility_cars,,,supply_cars,65800,listings,0,
2023-12-25,DK,bilinfo.dk,mobility_cars,,,visits,679000,visitors,0,
2024-01-01,DK,bilinfo.dk,mobility_cars,,,adj_days_to_sell,62.8,days,0,
2024-01-01,DK,bilinfo.dk,mobility_cars,,,avg_days_to_sell,46,days,0,
2024-01-01,DK,bilinfo.dk,mobility_cars,,,implied_cars_added,6534,cars_per_week,0,
2024-01-01,DK,bilinfo.dk,mobility_cars,,,implied_cars_sold,7334,cars_per_week,0,
2024-01-01,DK,bilinfo.dk,mobility_cars,,,supply_cars,65000,listings,0,
2024-01-01,DK,bilinfo.dk,mobility_cars,,,visits,686000,visitors,0,
2024-01-08,DK,bilinfo.dk,mobility_cars,,,adj_days_to_sell,62.8,days,0,
2024-01-08,DK,bilinfo.dk,mobility_cars,,,avg_days_to_sell,46,days,0,
2024-01-08,DK,bilinfo.dk,mobility_cars,,,implied_cars_added,6745,cars_per_week,0,
2024-01-08,DK,bilinfo.dk,mobility_cars,,,implied_cars_sold,7245,cars_per_week,0,
2024-01-08,DK,bilinfo.dk,mobility_cars,,,supply_cars,64500,listings,0,
2024-01-08,DK,bilinfo.dk,mobility_cars,,,visits,717000,visitors,0,
2024-01-15,DK,bilinfo.dk,mobility_cars,,,adj_days_to_sell,62.8,days,0,
2024-01-15,DK,bilinfo.dk,mobility_cars,,,avg_days_to_sell,46,days,0,
2024-01-15,DK,bilinfo.dk,mobility_cars,,,implied_cars_added,6789,cars_per_week,0,
2024-01-15,DK,bilinfo.dk,mobility_cars,,,implied_cars_sold,7189,cars_per_week,0,
2024-01-15,DK,bilinfo.dk,mobility_cars,,,supply_cars,64100,listings,0,
2024-01-15,DK,bilinfo.dk,mobility_cars,,,visits,749000,visitors,0,
2024-01-22,DK,bilinfo.dk,mobility_cars,,,adj_days_to_sell,62.8,days,0,
2024-01-22,DK,bilinfo.dk,mobility_cars,,,avg_days_to_sell,46,days,0,
2024-01-22,DK,bilinfo.dk,mobility_cars,,,implied_cars_added,6345,cars_per_week,0,
2024-01-22,DK,bilinfo.dk,mobility_cars,,,implied_cars_sold,7145,cars_per_week,0,
2024-01-22,DK,bilinfo.dk,mobility_cars,,,supply_cars,63300,listings,0,
2024-01-22,DK,bilinfo.dk,mobility_cars,,,visits,758000,visitors,0,
2024-01-29,DK,bilinfo.dk,mobility_cars,,,adj_days_to_sell,62.8,days,0,
2024-01-29,DK,bilinfo.dk,mobility_cars,,,avg_days_to_sell,46,days,0,
2024-01-29,DK,bilinfo.dk,mobility_cars,,,implied_cars_added,6056,cars_per_week,0,
2024-01-29,DK,bilinfo.dk,mobility_cars,,,implied_cars_sold,7056,cars_per_week,0,
2024-01-29,DK,bilinfo.dk,mobility_cars,,,supply_cars,62300,listings,0,
2024-01-29,DK,bilinfo.dk,mobility_cars,,,visits,692000,visitors,0,
2024-02-05,DK,bilinfo.dk,mobility_cars,,,adj_days_to_sell,62.8,days,0,
2024-02-05,DK,bilinfo.dk,mobility_cars,,,avg_days_to_sell,46,days,0,
2024-02-05,DK,bilinfo.dk,mobility_cars,,,implied_cars_added,6444,cars_per_week,0,
2024-02-05,DK,bilinfo.dk,mobility_cars,,,implied_cars_sold,6944,cars_per_week,0,
2024-02-05,DK,bilinfo.dk,mobility_cars,,,supply_cars,61800,listings,0,
2024-02-05,DK,bilinfo.dk,mobility_cars,,,visits,661000,visitors,0,
2024-02-12,DK,bilinfo.dk,mobility_cars,,,adj_days_to_sell,61.5,days,0,
2024-02-12,DK,bilinfo.dk,mobility_cars,,,avg_days_to_sell,45,days,0,
2024-02-12,DK,bilinfo.dk,mobility_cars,,,implied_cars_added,7034,cars_per_week,0,
2024-02-12,DK,bilinfo.dk,mobility_cars,,,implied_cars_sold,7034,cars_per_week,0,
2024-02-12,DK,bilinfo.dk,mobility_cars,,,supply_cars,61800,listings,0,
2024-02-12,DK,bilinfo.dk,mobility_cars,,,visits,737000,visitors,0,
2024-02-19,DK,bilinfo.dk,mobility_cars,,,adj_days_to_sell,61.5,days,0,
2024-02-19,DK,bilinfo.dk,mobility_cars,,,avg_days_to_sell,45,days,0,
2024-02-19,DK,bilinfo.dk,mobility_cars,,,implied_cars_added,6034,cars_per_week,0,
2024-02-19,DK,bilinfo.dk,mobility_cars,,,implied_cars_sold,7034,cars_per_week,0,
2024-02-19,DK,bilinfo.dk,mobility_cars,,,supply_cars,60800,listings,0,
2024-02-19,DK,bilinfo.dk,mobility_cars,,,visits,738000,visitors,0,
2024-02-26,DK,bilinfo.dk,mobility_cars,,,adj_days_to_sell,61.5,days,0,
2024-02-26,DK,bilinfo.dk,mobility_cars,,,avg_days_to_sell,45,days,0,
2024-02-26,DK,bilinfo.dk,mobility_cars,,,implied_cars_added,6520,cars_per_week,0,
2024-02-26,DK,bilinfo.dk,mobility_cars,,,implied_cars_sold,6920,cars_per_week,0,
2024-02-26,DK,bilinfo.dk,mobility_cars,,,supply_cars,60400,listings,0,
2024-02-26,DK,bilinfo.dk,mobility_cars,,,visits,748000,visitors,0,
2024-03-04,DK,bilinfo.dk,mobility_cars,,,adj_days_to_sell,61.5,days,0,
2024-03-04,DK,bilinfo.dk,mobility_cars,,,avg_days_to_sell,45,days,0,
2024-03-04,DK,bilinfo.dk,mobility_cars,,,implied_cars_added,6475,cars_per_week,0,
2024-03-04,DK,bilinfo.dk,mobility_cars,,,implied_cars_sold,6875,cars_per_week,0,
2024-03-04,DK,bilinfo.dk,mobility_cars,,,supply_cars,60000,listings,0,
2024-03-04,DK,bilinfo.dk,mobility_cars,,,visits,803000,visitors,0,
2024-03-11,DK,bilinfo.dk,mobility_cars,,,adj_days_to_sell,61.5,days,0,
2024-03-11,DK,bilinfo.dk,mobility_cars,,,avg_days_to_sell,45,days,0,
2024-03-11,DK,bilinfo.dk,mobility_cars,,,implied_cars_added,6829,cars_per_week,0,
2024-03-11,DK,bilinfo.dk,mobility_cars,,,implied_cars_sold,6829,cars_per_week,0,
2024-03-11,DK,bilinfo.dk,mobility_cars,,,supply_cars,60000,listings,0,
2024-03-11,DK,bilinfo.dk,mobility_cars,,,visits,747000,visitors,0,
2024-03-18,DK,bilinfo.dk,mobility_cars,,,adj_days_to_sell,60.1,days,0,
2024-03-18,DK,bilinfo.dk,mobility_cars,,,avg_days_to_sell,44,days,0,
2024-03-18,DK,bilinfo.dk,mobility_cars,,,implied_cars_added,6788,cars_per_week,0,
2024-03-18,DK,bilinfo.dk,mobility_cars,,,implied_cars_sold,6988,cars_per_week,0,
2024-03-18,DK,bilinfo.dk,mobility_cars,,,supply_cars,59800,listings,0,
2024-03-18,DK,bilinfo.dk,mobility_cars,,,visits,821000,visitors,0,
2024-03-25,DK,bilinfo.dk,mobility_cars,,,adj_days_to_sell,60.1,days,0,
2024-03-25,DK,bilinfo.dk,mobility_cars,,,avg_days_to_sell,44,days,0,
2024-03-25,DK,bilinfo.dk,mobility_cars,,,implied_cars_added,6965,cars_per_week,0,
2024-03-25,DK,bilinfo.dk,mobility_cars,,,implied_cars_sold,6965,cars_per_week,0,
2024-03-25,DK,bilinfo.dk,mobility_cars,,,supply_cars,59800,listings,0,
2024-03-25,DK,bilinfo.dk,mobility_cars,,,visits,823000,visitors,0,
2024-04-01,DK,bilinfo.dk,mobility_cars,,,adj_days_to_sell,60.1,days,0,
2024-04-01,DK,bilinfo.dk,mobility_cars,,,avg_days_to_sell,44,days,0,
2024-04-01,DK,bilinfo.dk,mobility_cars,,,implied_cars_added,6365,cars_per_week,0,
2024-04-01,DK,bilinfo.dk,mobility_cars,,,implied_cars_sold,6965,cars_per_week,0,
2024-04-01,DK,bilinfo.dk,mobility_cars,,,supply_cars,59200,listings,0,
2024-04-01,DK,bilinfo.dk,mobility_cars,,,visits,798000,visitors,0,
2024-04-08,DK,bilinfo.dk,mobility_cars,,,adj_days_to_sell,60.1,days,0,
2024-04-08,DK,bilinfo.dk,mobility_cars,,,avg_days_to_sell,44,days,0,
2024-04-08,DK,bilinfo.dk,mobility_cars,,,implied_cars_added,6495,cars_per_week,0,
2024-04-08,DK,bilinfo.dk,mobility_cars,,,implied_cars_sold,6895,cars_per_week,0,
2024-04-08,DK,bilinfo.dk,mobility_cars,,,supply_cars,58800,listings,0,
2024-04-08,DK,bilinfo.dk,mobility_cars,,,visits,813000,visitors,0,
2024-04-15,DK,bilinfo.dk,mobility_cars,,,adj_days_to_sell,60.1,days,0,
2024-04-15,DK,bilinfo.dk,mobility_cars,,,avg_days_to_sell,44,days,0,
2024-04-15,DK,bilinfo.dk,mobility_cars,,,implied_cars_added,7149,cars_per_week,0,
2024-04-15,DK,bilinfo.dk,mobility_cars,,,implied_cars_sold,6849,cars_per_week,0,
2024-04-15,DK,bilinfo.dk,mobility_cars,,,supply_cars,59100,listings,0,
2024-04-15,DK,bilinfo.dk,mobility_cars,,,visits,789000,visitors,0,
2024-04-22,DK,bilinfo.dk,mobility_cars,,,adj_days_to_sell,60.1,days,0,
2024-04-22,DK,bilinfo.dk,mobility_cars,,,avg_days_to_sell,44,days,0,
2024-04-22,DK,bilinfo.dk,mobility_cars,,,implied_cars_added,7284,cars_per_week,0,
2024-04-22,DK,bilinfo.dk,mobility_cars,,,implied_cars_sold,6884,cars_per_week,0,
2024-04-22,DK,bilinfo.dk,mobility_cars,,,supply_cars,59500,listings,0,
2024-04-22,DK,bilinfo.dk,mobility_cars,,,visits,894000,visitors,0,
2024-04-29,DK,bilinfo.dk,mobility_cars,,,adj_days_to_sell,60.1,days,0,
2024-04-29,DK,bilinfo.dk,mobility_cars,,,avg_days_to_sell,44,days,0,
2024-04-29,DK,bilinfo.dk,mobility_cars,,,implied_cars_added,6530,cars_per_week,0,
2024-04-29,DK,bilinfo.dk,mobility_cars,,,implied_cars_sold,6930,cars_per_week,0,
2024-04-29,DK,bilinfo.dk,mobility_cars,,,supply_cars,59100,listings,0,
2024-04-29,DK,bilinfo.dk,mobility_cars,,,visits,832000,visitors,0,
2024-05-06,DK,bilinfo.dk,mobility_cars,,,adj_days_to_sell,60.1,days,0,
2024-05-06,DK,bilinfo.dk,mobility_cars,,,implied_cars_added,6984,cars_per_week,0,
2024-05-06,DK,bilinfo.dk,mobility_cars,,,implied_cars_sold,6884,cars_per_week,0,
2024-05-06,DK,bilinfo.dk,mobility_cars,,,supply_cars,59200,listings,0,
2024-05-13,DK,bilinfo.dk,mobility_cars,,,adj_days_to_sell,60.1,days,0,
2024-05-13,DK,bilinfo.dk,mobility_cars,,,avg_days_to_sell,44,days,0,
2024-05-13,DK,bilinfo.dk,mobility_cars,,,implied_cars_added,6995,cars_per_week,0,
2024-05-13,DK,bilinfo.dk,mobility_cars,,,implied_cars_sold,6895,cars_per_week,0,
2024-05-13,DK,bilinfo.dk,mobility_cars,,,supply_cars,59300,listings,0,
2024-05-13,DK,bilinfo.dk,mobility_cars,,,visits,769000,visitors,0,
2024-05-20,DK,bilinfo.dk,mobility_cars,,,adj_days_to_sell,60.1,days,0,
2024-05-20,DK,bilinfo.dk,mobility_cars,,,avg_days_to_sell,44,days,0,
2024-05-20,DK,bilinfo.dk,mobility_cars,,,implied_cars_added,7007,cars_per_week,0,
2024-05-20,DK,bilinfo.dk,mobility_cars,,,implied_cars_sold,6907,cars_per_week,0,
2024-05-20,DK,bilinfo.dk,mobility_cars,,,supply_cars,59400,listings,0,
2024-05-20,DK,bilinfo.dk,mobility_cars,,,visits,744000,visitors,0,
2024-05-27,DK,bilinfo.dk,mobility_cars,,,adj_days_to_sell,60.1,days,0,
2024-05-27,DK,bilinfo.dk,mobility_cars,,,avg_days_to_sell,44,days,0,
2024-05-27,DK,bilinfo.dk,mobility_cars,,,implied_cars_added,6918,cars_per_week,0,
2024-05-27,DK,bilinfo.dk,mobility_cars,,,implied_cars_sold,6918,cars_per_week,0,
2024-05-27,DK,bilinfo.dk,mobility_cars,,,supply_cars,59400,listings,0,
2024-05-27,DK,bilinfo.dk,mobility_cars,,,visits,721000,visitors,0,
2024-06-03,DK,bilinfo.dk,mobility_cars,,,adj_days_to_sell,60.1,days,0,
2024-06-03,DK,bilinfo.dk,mobility_cars,,,avg_days_to_sell,44,days,0,
2024-06-03,DK,bilinfo.dk,mobility_cars,,,implied_cars_added,7318,cars_per_week,0,
2024-06-03,DK,bilinfo.dk,mobility_cars,,,implied_cars_sold,6918,cars_per_week,0,
2024-06-03,DK,bilinfo.dk,mobility_cars,,,supply_cars,59800,listings,0,
2024-06-03,DK,bilinfo.dk,mobility_cars,,,visits,752000,visitors,0,
2024-06-10,DK,bilinfo.dk,mobility_cars,,,adj_days_to_sell,58.7,days,0,
2024-06-10,DK,bilinfo.dk,mobility_cars,,,avg_days_to_sell,43,days,0,
2024-06-10,DK,bilinfo.dk,mobility_cars,,,implied_cars_added,7331,cars_per_week,0,
2024-06-10,DK,bilinfo.dk,mobility_cars,,,implied_cars_sold,7131,cars_per_week,0,
2024-06-10,DK,bilinfo.dk,mobility_cars,,,supply_cars,60000,listings,0,
2024-06-10,DK,bilinfo.dk,mobility_cars,,,visits,721000,visitors,0,
2024-06-17,DK,bilinfo.dk,mobility_cars,,,adj_days_to_sell,58.7,days,0,
2024-06-17,DK,bilinfo.dk,mobility_cars,,,avg_days_to_sell,43,days,0,
2024-06-17,DK,bilinfo.dk,mobility_cars,,,implied_cars_added,7155,cars_per_week,0,
2024-06-17,DK,bilinfo.dk,mobility_cars,,,implied_cars_sold,7155,cars_per_week,0,
2024-06-17,DK,bilinfo.dk,mobility_cars,,,supply_cars,60000,listings,0,
2024-06-17,DK,bilinfo.dk,mobility_cars,,,visits,702000,visitors,0,
2024-06-24,DK,bilinfo.dk,mobility_cars,,,adj_days_to_sell,58.7,days,0,
2024-06-24,DK,bilinfo.dk,mobility_cars,,,avg_days_to_sell,43,days,0,
2024-06-24,DK,bilinfo.dk,mobility_cars,,,implied_cars_added,6855,cars_per_week,0,
2024-06-24,DK,bilinfo.dk,mobility_cars,,,implied_cars_sold,7155,cars_per_week,0,
2024-06-24,DK,bilinfo.dk,mobility_cars,,,supply_cars,59700,listings,0,
2024-06-24,DK,bilinfo.dk,mobility_cars,,,visits,688000,visitors,0,
2024-07-01,DK,bilinfo.dk,mobility_cars,,,adj_days_to_sell,58.7,days,0,
2024-07-01,DK,bilinfo.dk,mobility_cars,,,avg_days_to_sell,43,days,0,
2024-07-01,DK,bilinfo.dk,mobility_cars,,,implied_cars_added,6619,cars_per_week,0,
2024-07-01,DK,bilinfo.dk,mobility_cars,,,implied_cars_sold,7119,cars_per_week,0,
2024-07-01,DK,bilinfo.dk,mobility_cars,,,supply_cars,59200,listings,0,
2024-07-01,DK,bilinfo.dk,mobility_cars,,,visits,681000,visitors,0,
2024-07-08,DK,bilinfo.dk,mobility_cars,,,adj_days_to_sell,59.4,days,0,
2024-07-08,DK,bilinfo.dk,mobility_cars,,,implied_cars_added,6576,cars_per_week,0,
2024-07-08,DK,bilinfo.dk,mobility_cars,,,implied_cars_sold,6976,cars_per_week,0,
2024-07-08,DK,bilinfo.dk,mobility_cars,,,supply_cars,58800,listings,0,
2024-07-15,DK,bilinfo.dk,mobility_cars,,,adj_days_to_sell,60.1,days,0,
2024-07-15,DK,bilinfo.dk,mobility_cars,,,avg_days_to_sell,44,days,0,
2024-07-15,DK,bilinfo.dk,mobility_cars,,,implied_cars_added,6449,cars_per_week,0,
2024-07-15,DK,bilinfo.dk,mobility_cars,,,implied_cars_sold,6849,cars_per_week,0,
2024-07-15,DK,bilinfo.dk,mobility_cars,,,supply_cars,58400,listings,0,
2024-07-15,DK,bilinfo.dk,mobility_cars,,,visits,668000,visitors,0,
2024-07-22,DK,bilinfo.dk,mobility_cars,,,adj_days_to_sell,60.1,days,0,
2024-07-22,DK,bilinfo.dk,mobility_cars,,,implied_cars_added,6852,cars_per_week,0,
2024-07-22,DK,bilinfo.dk,mobility_cars,,,implied_cars_sold,6802,cars_per_week,0,
2024-07-22,DK,bilinfo.dk,mobility_cars,,,supply_cars,58450,listings,0,
2024-07-29,DK,bilinfo.dk,mobility_cars,,,adj_days_to_sell,60.1,days,0,
2024-07-29,DK,bilinfo.dk,mobility_cars,,,avg_days_to_sell,44,days,0,
2024-07-29,DK,bilinfo.dk,mobility_cars,,,implied_cars_added,6858,cars_per_week,0,
2024-07-29,DK,bilinfo.dk,mobility_cars,,,implied_cars_sold,6808,cars_per_week,0,
2024-07-29,DK,bilinfo.dk,mobility_cars,,,supply_cars,58500,listings,0,
2024-07-29,DK,bilinfo.dk,mobility_cars,,,visits,657000,visitors,0,
2024-08-05,DK,bilinfo.dk,mobility_cars,,,adj_days_to_sell,60.1,days,0,
2024-08-05,DK,bilinfo.dk,mobility_cars,,,avg_days_to_sell,44,days,0,
2024-08-05,DK,bilinfo.dk,mobility_cars,,,implied_cars_added,6914,cars_per_week,0,
2024-08-05,DK,bilinfo.dk,mobility_cars,,,implied_cars_sold,6814,cars_per_week,0,
2024-08-05,DK,bilinfo.dk,mobility_cars,,,supply_cars,58600,listings,0,
2024-08-05,DK,bilinfo.dk,mobility_cars,,,visits,703000,visitors,0,
2024-08-12,DK,bilinfo.dk,mobility_cars,,,adj_days_to_sell,60.1,days,0,
2024-08-12,DK,bilinfo.dk,mobility_cars,,,avg_days_to_sell,44,days,0,
2024-08-12,DK,bilinfo.dk,mobility_cars,,,implied_cars_added,6925,cars_per_week,0,
2024-08-12,DK,bilinfo.dk,mobility_cars,,,implied_cars_sold,6825,cars_per_week,0,
2024-08-12,DK,bilinfo.dk,mobility_cars,,,supply_cars,58700,listings,0,
2024-08-12,DK,bilinfo.dk,mobility_cars,,,visits,688000,visitors,0,
2024-08-19,DK,bilinfo.dk,mobility_cars,,,adj_days_to_sell,60.1,days,0,
2024-08-19,DK,bilinfo.dk,mobility_cars,,,avg_days_to_sell,44,days,0,
2024-08-19,DK,bilinfo.dk,mobility_cars,,,implied_cars_added,7037,cars_per_week,0,
2024-08-19,DK,bilinfo.dk,mobility_cars,,,implied_cars_sold,6837,cars_per_week,0,
2024-08-19,DK,bilinfo.dk,mobility_cars,,,supply_cars,58900,listings,0,
2024-08-19,DK,bilinfo.dk,mobility_cars,,,visits,502000,visitors,0,
2024-08-26,DK,bilinfo.dk,mobility_cars,,,adj_days_to_sell,60.1,days,0,
2024-08-26,DK,bilinfo.dk,mobility_cars,,,avg_days_to_sell,44,days,0,
2024-08-26,DK,bilinfo.dk,mobility_cars,,,implied_cars_added,6960,cars_per_week,0,
2024-08-26,DK,bilinfo.dk,mobility_cars,,,implied_cars_sold,6860,cars_per_week,0,
2024-08-26,DK,bilinfo.dk,mobility_cars,,,supply_cars,59000,listings,0,
2024-08-26,DK,bilinfo.dk,mobility_cars,,,visits,499000,visitors,0,
2024-09-02,DK,bilinfo.dk,mobility_cars,,,adj_days_to_sell,60.1,days,0,
2024-09-02,DK,bilinfo.dk,mobility_cars,,,avg_days_to_sell,44,days,0,
2024-09-02,DK,bilinfo.dk,mobility_cars,,,implied_cars_added,7072,cars_per_week,0,
2024-09-02,DK,bilinfo.dk,mobility_cars,,,implied_cars_sold,6872,cars_per_week,0,
2024-09-02,DK,bilinfo.dk,mobility_cars,,,supply_cars,59200,listings,0,
2024-09-02,DK,bilinfo.dk,mobility_cars,,,visits,481000,visitors,0,
2024-09-09,DK,bilinfo.dk,mobility_cars,,,adj_days_to_sell,60.1,days,0,
2024-09-09,DK,bilinfo.dk,mobility_cars,,,avg_days_to_sell,44,days,0,
2024-09-09,DK,bilinfo.dk,mobility_cars,,,implied_cars_added,7095,cars_per_week,0,
2024-09-09,DK,bilinfo.dk,mobility_cars,,,implied_cars_sold,6895,cars_per_week,0,
2024-09-09,DK,bilinfo.dk,mobility_cars,,,supply_cars,59400,listings,0,
2024-09-09,DK,bilinfo.dk,mobility_cars,,,visits,499000,visitors,0,
2024-09-16,DK,bilinfo.dk,mobility_cars,,,adj_days_to_sell,58.7,days,0,
2024-09-16,DK,bilinfo.dk,mobility_cars,,,avg_days_to_sell,43,days,0,
2024-09-16,DK,bilinfo.dk,mobility_cars,,,implied_cars_added,7083,cars_per_week,0,
2024-09-16,DK,bilinfo.dk,mobility_cars,,,implied_cars_sold,7083,cars_per_week,0,
2024-09-16,DK,bilinfo.dk,mobility_cars,,,supply_cars,59400,listings,0,
2024-09-16,DK,bilinfo.dk,mobility_cars,,,visits,485000,visitors,0,
2024-09-23,DK,bilinfo.dk,mobility_cars,,,adj_days_to_sell,58.7,days,0,
2024-09-23,DK,bilinfo.dk,mobility_cars,,,avg_days_to_sell,43,days,0,
2024-09-23,DK,bilinfo.dk,mobility_cars,,,implied_cars_added,7283,cars_per_week,0,
2024-09-23,DK,bilinfo.dk,mobility_cars,,,implied_cars_sold,7083,cars_per_week,0,
2024-09-23,DK,bilinfo.dk,mobility_cars,,,supply_cars,59600,listings,0,
2024-09-23,DK,bilinfo.dk,mobility_cars,,,visits,492000,visitors,0,
2024-09-30,DK,bilinfo.dk,mobility_cars,,,adj_days_to_sell,58.7,days,0,
2024-09-30,DK,bilinfo.dk,mobility_cars,,,avg_days_to_sell,43,days,0,
2024-09-30,DK,bilinfo.dk,mobility_cars,,,implied_cars_added,7107,cars_per_week,0,
2024-09-30,DK,bilinfo.dk,mobility_cars,,,implied_cars_sold,7107,cars_per_week,0,
2024-09-30,DK,bilinfo.dk,mobility_cars,,,supply_cars,59600,listings,0,
2024-09-30,DK,bilinfo.dk,mobility_cars,,,visits,478000,visitors,0,
2024-10-07,DK,bilinfo.dk,mobility_cars,,,adj_days_to_sell,58.7,days,0,
2024-10-07,DK,bilinfo.dk,mobility_cars,,,avg_days_to_sell,43,days,0,
2024-10-07,DK,bilinfo.dk,mobility_cars,,,implied_cars_added,7107,cars_per_week,0,
2024-10-07,DK,bilinfo.dk,mobility_cars,,,implied_cars_sold,7107,cars_per_week,0,
2024-10-07,DK,bilinfo.dk,mobility_cars,,,supply_cars,59600,listings,0,
2024-10-07,DK,bilinfo.dk,mobility_cars,,,visits,485000,visitors,0,
2024-10-14,DK,bilinfo.dk,mobility_cars,,,adj_days_to_sell,58.7,days,0,
2024-10-14,DK,bilinfo.dk,mobility_cars,,,avg_days_to_sell,43,days,0,
2024-10-14,DK,bilinfo.dk,mobility_cars,,,implied_cars_added,6807,cars_per_week,0,
2024-10-14,DK,bilinfo.dk,mobility_cars,,,implied_cars_sold,7107,cars_per_week,0,
2024-10-14,DK,bilinfo.dk,mobility_cars,,,supply_cars,59300,listings,0,
2024-10-14,DK,bilinfo.dk,mobility_cars,,,visits,485000,visitors,0,
2024-10-21,DK,bilinfo.dk,mobility_cars,,,adj_days_to_sell,58.7,days,0,
2024-10-21,DK,bilinfo.dk,mobility_cars,,,avg_days_to_sell,43,days,0,
2024-10-21,DK,bilinfo.dk,mobility_cars,,,implied_cars_added,6772,cars_per_week,0,
2024-10-21,DK,bilinfo.dk,mobility_cars,,,implied_cars_sold,7072,cars_per_week,0,
2024-10-21,DK,bilinfo.dk,mobility_cars,,,supply_cars,59000,listings,0,
2024-10-21,DK,bilinfo.dk,mobility_cars,,,visits,481000,visitors,0,
2024-10-28,DK,bilinfo.dk,mobility_cars,,,adj_days_to_sell,58.7,days,0,
2024-10-28,DK,bilinfo.dk,mobility_cars,,,avg_days_to_sell,43,days,0,
2024-10-28,DK,bilinfo.dk,mobility_cars,,,implied_cars_added,6636,cars_per_week,0,
2024-10-28,DK,bilinfo.dk,mobility_cars,,,implied_cars_sold,7036,cars_per_week,0,
2024-10-28,DK,bilinfo.dk,mobility_cars,,,supply_cars,58600,listings,0,
2024-10-28,DK,bilinfo.dk,mobility_cars,,,visits,456000,visitors,0,
2024-11-04,DK,bilinfo.dk,mobility_cars,,,adj_days_to_sell,58.7,days,0,
2024-11-04,DK,bilinfo.dk,mobility_cars,,,avg_days_to_sell,43,days,0,
2024-11-04,DK,bilinfo.dk,mobility_cars,,,implied_cars_added,6688,cars_per_week,0,
2024-11-04,DK,bilinfo.dk,mobility_cars,,,implied_cars_sold,6988,cars_per_week,0,
2024-11-04,DK,bilinfo.dk,mobility_cars,,,supply_cars,58300,listings,0,
2024-11-04,DK,bilinfo.dk,mobility_cars,,,visits,465000,visitors,0,
2024-11-11,DK,bilinfo.dk,mobility_cars,,,adj_days_to_sell,58.7,days,0,
2024-11-11,DK,bilinfo.dk,mobility_cars,,,avg_days_to_sell,43,days,0,
2024-11-11,DK,bilinfo.dk,mobility_cars,,,implied_cars_added,6652,cars_per_week,0,
2024-11-11,DK,bilinfo.dk,mobility_cars,,,implied_cars_sold,6952,cars_per_week,0,
2024-11-11,DK,bilinfo.dk,mobility_cars,,,supply_cars,58000,listings,0,
2024-11-11,DK,bilinfo.dk,mobility_cars,,,visits,461000,visitors,0,
2024-11-18,DK,bilinfo.dk,mobility_cars,,,adj_days_to_sell,58.7,days,0,
2024-11-18,DK,bilinfo.dk,mobility_cars,,,avg_days_to_sell,43,days,0,
2024-11-18,DK,bilinfo.dk,mobility_cars,,,implied_cars_added,6917,cars_per_week,0,
2024-11-18,DK,bilinfo.dk,mobility_cars,,,implied_cars_sold,6917,cars_per_week,0,
2024-11-18,DK,bilinfo.dk,mobility_cars,,,supply_cars,58000,listings,0,
2024-11-18,DK,bilinfo.dk,mobility_cars,,,visits,431000,visitors,0,
2024-11-25,DK,bilinfo.dk,mobility_cars,,,adj_days_to_sell,58.7,days,0,
2024-11-25,DK,bilinfo.dk,mobility_cars,,,avg_days_to_sell,43,days,0,
2024-11-25,DK,bilinfo.dk,mobility_cars,,,implied_cars_added,7117,cars_per_week,0,
2024-11-25,DK,bilinfo.dk,mobility_cars,,,implied_cars_sold,6917,cars_per_week,0,
2024-11-25,DK,bilinfo.dk,mobility_cars,,,supply_cars,58200,listings,0,
2024-11-25,DK,bilinfo.dk,mobility_cars,,,visits,429000,visitors,0,
2024-12-02,DK,bilinfo.dk,mobility_cars,,,adj_days_to_sell,58.7,days,0,
2024-12-02,DK,bilinfo.dk,mobility_cars,,,avg_days_to_sell,43,days,0,
2024-12-02,DK,bilinfo.dk,mobility_cars,,,implied_cars_added,6940,cars_per_week,0,
2024-12-02,DK,bilinfo.dk,mobility_cars,,,implied_cars_sold,6940,cars_per_week,0,
2024-12-02,DK,bilinfo.dk,mobility_cars,,,supply_cars,58200,listings,0,
2024-12-02,DK,bilinfo.dk,mobility_cars,,,visits,435000,visitors,0,
2024-12-09,DK,bilinfo.dk,mobility_cars,,,adj_days_to_sell,58.7,days,0,
2024-12-09,DK,bilinfo.dk,mobility_cars,,,avg_days_to_sell,43,days,0,
2024-12-09,DK,bilinfo.dk,mobility_cars,,,implied_cars_added,7140,cars_per_week,0,
2024-12-09,DK,bilinfo.dk,mobility_cars,,,implied_cars_sold,6940,cars_per_week,0,
2024-12-09,DK,bilinfo.dk,mobility_cars,,,supply_cars,58400,listings,0,
2024-12-09,DK,bilinfo.dk,mobility_cars,,,visits,452000,visitors,0,
2024-12-16,DK,bilinfo.dk,mobility_cars,,,adj_days_to_sell,58.7,days,0,
2024-12-16,DK,bilinfo.dk,mobility_cars,,,implied_cars_added,6714,cars_per_week,0,
2024-12-16,DK,bilinfo.dk,mobility_cars,,,implied_cars_sold,6964,cars_per_week,0,
2024-12-16,DK,bilinfo.dk,mobility_cars,,,supply_cars,58150,listings,0,
2024-12-23,DK,bilinfo.dk,mobility_cars,,,adj_days_to_sell,58.7,days,0,
2024-12-23,DK,bilinfo.dk,mobility_cars,,,implied_cars_added,6684,cars_per_week,0,
2024-12-23,DK,bilinfo.dk,mobility_cars,,,implied_cars_sold,6934,cars_per_week,0,
2024-12-23,DK,bilinfo.dk,mobility_cars,,,supply_cars,57900,listings,0,
2024-12-30,DK,bilinfo.dk,mobility_cars,,,adj_days_to_sell,58.7,days,0,
2024-12-30,DK,bilinfo.dk,mobility_cars,,,implied_cars_added,6655,cars_per_week,0,
2024-12-30,DK,bilinfo.dk,mobility_cars,,,implied_cars_sold,6905,cars_per_week,0,
2024-12-30,DK,bilinfo.dk,mobility_cars,,,supply_cars,57650,listings,0,
2025-01-06,DK,bilinfo.dk,mobility_cars,,,adj_days_to_sell,58.7,days,0,
2025-01-06,DK,bilinfo.dk,mobility_cars,,,avg_days_to_sell,43,days,0,
2025-01-06,DK,bilinfo.dk,mobility_cars,,,implied_cars_added,6625,cars_per_week,0,
2025-01-06,DK,bilinfo.dk,mobility_cars,,,implied_cars_sold,6875,cars_per_week,0,
2025-01-06,DK,bilinfo.dk,mobility_cars,,,supply_cars,57400,listings,0,
2025-01-06,DK,bilinfo.dk,mobility_cars,,,visits,502000,visitors,0,
2025-01-13,DK,bilinfo.dk,mobility_cars,,,adj_days_to_sell,58.7,days,0,
2025-01-13,DK,bilinfo.dk,mobility_cars,,,avg_days_to_sell,43,days,0,
2025-01-13,DK,bilinfo.dk,mobility_cars,,,implied_cars_added,6645,cars_per_week,0,
2025-01-13,DK,bilinfo.dk,mobility_cars,,,implied_cars_sold,6845,cars_per_week,0,
2025-01-13,DK,bilinfo.dk,mobility_cars,,,supply_cars,57200,listings,0,
2025-01-13,DK,bilinfo.dk,mobility_cars,,,visits,495000,visitors,0,
2025-01-20,DK,bilinfo.dk,mobility_cars,,,adj_days_to_sell,58.7,days,0,
2025-01-20,DK,bilinfo.dk,mobility_cars,,,avg_days_to_sell,43,days,0,
2025-01-20,DK,bilinfo.dk,mobility_cars,,,implied_cars_added,6621,cars_per_week,0,
2025-01-20,DK,bilinfo.dk,mobility_cars,,,implied_cars_sold,6821,cars_per_week,0,
2025-01-20,DK,bilinfo.dk,mobility_cars,,,supply_cars,57000,listings,0,
2025-01-20,DK,bilinfo.dk,mobility_cars,,,visits,497000,visitors,0,
2025-01-27,DK,bilinfo.dk,mobility_cars,,,adj_days_to_sell,58.7,days,0,
2025-01-27,DK,bilinfo.dk,mobility_cars,,,avg_days_to_sell,43,days,0,
2025-01-27,DK,bilinfo.dk,mobility_cars,,,implied_cars_added,6397,cars_per_week,0,
2025-01-27,DK,bilinfo.dk,mobility_cars,,,implied_cars_sold,6797,cars_per_week,0,
2025-01-27,DK,bilinfo.dk,mobility_cars,,,supply_cars,56600,listings,0,
2025-01-27,DK,bilinfo.dk,mobility_cars,,,visits,491000,visitors,0,
2025-02-03,DK,bilinfo.dk,mobility_cars,,,adj_days_to_sell,58.7,days,0,
2025-02-03,DK,bilinfo.dk,mobility_cars,,,avg_days_to_sell,43,days,0,
2025-02-03,DK,bilinfo.dk,mobility_cars,,,implied_cars_added,6350,cars_per_week,0,
2025-02-03,DK,bilinfo.dk,mobility_cars,,,implied_cars_sold,6750,cars_per_week,0,
2025-02-03,DK,bilinfo.dk,mobility_cars,,,supply_cars,56200,listings,0,
2025-02-03,DK,bilinfo.dk,mobility_cars,,,visits,485000,visitors,0,
2025-02-10,DK,bilinfo.dk,mobility_cars,,,adj_days_to_sell,57.4,days,0,
2025-02-10,DK,bilinfo.dk,mobility_cars,,,avg_days_to_sell,42,days,0,
2025-02-10,DK,bilinfo.dk,mobility_cars,,,implied_cars_added,5854,cars_per_week,0,
2025-02-10,DK,bilinfo.dk,mobility_cars,,,implied_cars_sold,6854,cars_per_week,0,
2025-02-10,DK,bilinfo.dk,mobility_cars,,,supply_cars,55200,listings,0,
2025-02-10,DK,bilinfo.dk,mobility_cars,,,visits,491000,visitors,0,
2025-02-17,DK,bilinfo.dk,mobility_cars,,,adj_days_to_sell,57.4,days,0,
2025-02-17,DK,bilinfo.dk,mobility_cars,,,avg_days_to_sell,42,days,0,
2025-02-17,DK,bilinfo.dk,mobility_cars,,,implied_cars_added,6732,cars_per_week,0,
2025-02-17,DK,bilinfo.dk,mobility_cars,,,implied_cars_sold,6732,cars_per_week,0,
2025-02-17,DK,bilinfo.dk,mobility_cars,,,supply_cars,55200,listings,0,
2025-02-17,DK,bilinfo.dk,mobility_cars,,,visits,482000,visitors,0,
2025-02-24,DK,bilinfo.dk,mobility_cars,,,adj_days_to_sell,57.4,days,0,
2025-02-24,DK,bilinfo.dk,mobility_cars,,,avg_days_to_sell,42,days,0,
2025-02-24,DK,bilinfo.dk,mobility_cars,,,implied_cars_added,7432,cars_per_week,0,
2025-02-24,DK,bilinfo.dk,mobility_cars,,,implied_cars_sold,6732,cars_per_week,0,
2025-02-24,DK,bilinfo.dk,mobility_cars,,,supply_cars,55900,listings,0,
2025-02-24,DK,bilinfo.dk,mobility_cars,,,visits,477000,visitors,0,
2025-03-03,DK,bilinfo.dk,mobility_cars,,,adj_days_to_sell,57.4,days,0,
2025-03-03,DK,bilinfo.dk,mobility_cars,,,avg_days_to_sell,42,days,0,
2025-03-03,DK,bilinfo.dk,mobility_cars,,,implied_cars_added,7117,cars_per_week,0,
2025-03-03,DK,bilinfo.dk,mobility_cars,,,implied_cars_sold,6817,cars_per_week,0,
2025-03-03,DK,bilinfo.dk,mobility_cars,,,supply_cars,56200,listings,0,
2025-03-03,DK,bilinfo.dk,mobility_cars,,,visits,488000,visitors,0,
2025-03-10,DK,bilinfo.dk,mobility_cars,,,adj_days_to_sell,57.4,days,0,
2025-03-10,DK,bilinfo.dk,mobility_cars,,,avg_days_to_sell,42,days,0,
2025-03-10,DK,bilinfo.dk,mobility_cars,,,implied_cars_added,7854,cars_per_week,0,
2025-03-10,DK,bilinfo.dk,mobility_cars,,,implied_cars_sold,6854,cars_per_week,0,
2025-03-10,DK,bilinfo.dk,mobility_cars,,,supply_cars,57200,listings,0,
2025-03-10,DK,bilinfo.dk,mobility_cars,,,visits,505000,visitors,0,
2025-03-17,DK,bilinfo.dk,mobility_cars,,,adj_days_to_sell,57.4,days,0,
2025-03-17,DK,bilinfo.dk,mobility_cars,,,avg_days_to_sell,42,days,0,
2025-03-17,DK,bilinfo.dk,mobility_cars,,,implied_cars_added,7276,cars_per_week,0,
2025-03-17,DK,bilinfo.dk,mobility_cars,,,implied_cars_sold,6976,cars_per_week,0,
2025-03-17,DK,bilinfo.dk,mobility_cars,,,supply_cars,57500,listings,0,
2025-03-17,DK,bilinfo.dk,mobility_cars,,,visits,521000,visitors,0,
2025-03-24,DK,bilinfo.dk,mobility_cars,,,adj_days_to_sell,57.4,days,0,
2025-03-24,DK,bilinfo.dk,mobility_cars,,,avg_days_to_sell,42,days,0,
2025-03-24,DK,bilinfo.dk,mobility_cars,,,implied_cars_added,7612,cars_per_week,0,
2025-03-24,DK,bilinfo.dk,mobility_cars,,,implied_cars_sold,7012,cars_per_week,0,
2025-03-24,DK,bilinfo.dk,mobility_cars,,,supply_cars,58100,listings,0,
2025-03-24,DK,bilinfo.dk,mobility_cars,,,visits,509000,visitors,0,
2025-03-31,DK,bilinfo.dk,mobility_cars,,,adj_days_to_sell,57.4,days,0,
2025-03-31,DK,bilinfo.dk,mobility_cars,,,avg_days_to_sell,42,days,0,
2025-03-31,DK,bilinfo.dk,mobility_cars,,,implied_cars_added,7185,cars_per_week,0,
2025-03-31,DK,bilinfo.dk,mobility_cars,,,implied_cars_sold,7085,cars_per_week,0,
2025-03-31,DK,bilinfo.dk,mobility_cars,,,supply_cars,58200,listings,0,
2025-03-31,DK,bilinfo.dk,mobility_cars,,,visits,478000,visitors,0,
2025-04-07,DK,bilinfo.dk,mobility_cars,,,adj_days_to_sell,57.4,days,0,
2025-04-07,DK,bilinfo.dk,mobility_cars,,,implied_cars_added,7098,cars_per_week,0,
2025-04-07,DK,bilinfo.dk,mobility_cars,,,implied_cars_sold,7098,cars_per_week,0,
2025-04-07,DK,bilinfo.dk,mobility_cars,,,supply_cars,58200,listings,0,
2025-04-14,DK,bilinfo.dk,mobility_cars,,,adj_days_to_sell,57.4,days,0,
2025-04-14,DK,bilinfo.dk,mobility_cars,,,avg_days_to_sell,42,days,0,
2025-04-14,DK,bilinfo.dk,mobility_cars,,,implied_cars_added,7098,cars_per_week,0,
2025-04-14,DK,bilinfo.dk,mobility_cars,,,implied_cars_sold,7098,cars_per_week,0,
2025-04-14,DK,bilinfo.dk,mobility_cars,,,supply_cars,58200,listings,0,
2025-04-14,DK,bilinfo.dk,mobility_cars,,,visits,476000,visitors,0,
2025-04-21,DK,bilinfo.dk,mobility_cars,,,adj_days_to_sell,57.4,days,0,
2025-04-21,DK,bilinfo.dk,mobility_cars,,,avg_days_to_sell,42,days,0,
2025-04-21,DK,bilinfo.dk,mobility_cars,,,implied_cars_added,6898,cars_per_week,0,
2025-04-21,DK,bilinfo.dk,mobility_cars,,,implied_cars_sold,7098,cars_per_week,0,
2025-04-21,DK,bilinfo.dk,mobility_cars,,,supply_cars,58000,listings,0,
2025-04-21,DK,bilinfo.dk,mobility_cars,,,visits,478000,visitors,0,
2025-04-28,DK,bilinfo.dk,mobility_cars,,,adj_days_to_sell,57.4,days,0,
2025-04-28,DK,bilinfo.dk,mobility_cars,,,avg_days_to_sell,42,days,0,
2025-04-28,DK,bilinfo.dk,mobility_cars,,,implied_cars_added,6873,cars_per_week,0,
2025-04-28,DK,bilinfo.dk,mobility_cars,,,implied_cars_sold,7073,cars_per_week,0,
2025-04-28,DK,bilinfo.dk,mobility_cars,,,supply_cars,57800,listings,0,
2025-04-28,DK,bilinfo.dk,mobility_cars,,,visits,469000,visitors,0,
2025-05-05,DK,bilinfo.dk,mobility_cars,,,adj_days_to_sell,57.4,days,0,
2025-05-05,DK,bilinfo.dk,mobility_cars,,,avg_days_to_sell,42,days,0,
2025-05-05,DK,bilinfo.dk,mobility_cars,,,implied_cars_added,6449,cars_per_week,0,
2025-05-05,DK,bilinfo.dk,mobility_cars,,,implied_cars_sold,7049,cars_per_week,0,
2025-05-05,DK,bilinfo.dk,mobility_cars,,,supply_cars,57200,listings,0,
2025-05-05,DK,bilinfo.dk,mobility_cars,,,visits,475000,visitors,0,
2025-05-12,DK,bilinfo.dk,mobility_cars,,,adj_days_to_sell,57.4,days,0,
2025-05-12,DK,bilinfo.dk,mobility_cars,,,avg_days_to_sell,42,days,0,
2025-05-12,DK,bilinfo.dk,mobility_cars,,,implied_cars_added,6776,cars_per_week,0,
2025-05-12,DK,bilinfo.dk,mobility_cars,,,implied_cars_sold,6976,cars_per_week,0,
2025-05-12,DK,bilinfo.dk,mobility_cars,,,supply_cars,57000,listings,0,
2025-05-12,DK,bilinfo.dk,mobility_cars,,,visits,479000,visitors,0,
2025-05-19,DK,bilinfo.dk,mobility_cars,,,adj_days_to_sell,57.4,days,0,
2025-05-19,DK,bilinfo.dk,mobility_cars,,,avg_days_to_sell,42,days,0,
2025-05-19,DK,bilinfo.dk,mobility_cars,,,implied_cars_added,6951,cars_per_week,0,
2025-05-19,DK,bilinfo.dk,mobility_cars,,,implied_cars_sold,6951,cars_per_week,0,
2025-05-19,DK,bilinfo.dk,mobility_cars,,,supply_cars,57000,listings,0,
2025-05-19,DK,bilinfo.dk,mobility_cars,,,visits,482000,visitors,0,
2025-05-26,DK,bilinfo.dk,mobility_cars,,,adj_days_to_sell,57.4,days,0,
2025-05-26,DK,bilinfo.dk,mobility_cars,,,avg_days_to_sell,42,days,0,
2025-05-26,DK,bilinfo.dk,mobility_cars,,,implied_cars_added,6351,cars_per_week,0,
2025-05-26,DK,bilinfo.dk,mobility_cars,,,implied_cars_sold,6951,cars_per_week,0,
2025-05-26,DK,bilinfo.dk,mobility_cars,,,supply_cars,56400,listings,0,
2025-05-26,DK,bilinfo.dk,mobility_cars,,,visits,475000,visitors,0,
2025-06-02,DK,bilinfo.dk,mobility_cars,,,adj_days_to_sell,57.4,days,0,
2025-06-02,DK,bilinfo.dk,mobility_cars,,,avg_days_to_sell,42,days,0,
2025-06-02,DK,bilinfo.dk,mobility_cars,,,implied_cars_added,6278,cars_per_week,0,
2025-06-02,DK,bilinfo.dk,mobility_cars,,,implied_cars_sold,6878,cars_per_week,0,
2025-06-02,DK,bilinfo.dk,mobility_cars,,,supply_cars,55800,listings,0,
2025-06-02,DK,bilinfo.dk,mobility_cars,,,visits,461000,visitors,0,
2025-06-09,DK,bilinfo.dk,mobility_cars,,,adj_days_to_sell,57.4,days,0,
2025-06-09,DK,bilinfo.dk,mobility_cars,,,avg_days_to_sell,42,days,0,
2025-06-09,DK,bilinfo.dk,mobility_cars,,,implied_cars_added,6305,cars_per_week,0,
2025-06-09,DK,bilinfo.dk,mobility_cars,,,implied_cars_sold,6805,cars_per_week,0,
2025-06-09,DK,bilinfo.dk,mobility_cars,,,supply_cars,55300,listings,0,
2025-06-09,DK,bilinfo.dk,mobility_cars,,,visits,439000,visitors,0,
2025-06-16,DK,bilinfo.dk,mobility_cars,,,adj_days_to_sell,57.4,days,0,
2025-06-16,DK,bilinfo.dk,mobility_cars,,,avg_days_to_sell,42,days,0,
2025-06-16,DK,bilinfo.dk,mobility_cars,,,implied_cars_added,7244,cars_per_week,0,
2025-06-16,DK,bilinfo.dk,mobility_cars,,,implied_cars_sold,6744,cars_per_week,0,
2025-06-16,DK,bilinfo.dk,mobility_cars,,,supply_cars,55800,listings,0,
2025-06-16,DK,bilinfo.dk,mobility_cars,,,visits,437000,visitors,0,
2025-06-23,DK,bilinfo.dk,mobility_cars,,,adj_days_to_sell,57.4,days,0,
2025-06-23,DK,bilinfo.dk,mobility_cars,,,avg_days_to_sell,42,days,0,
2025-06-23,DK,bilinfo.dk,mobility_cars,,,implied_cars_added,6805,cars_per_week,0,
2025-06-23,DK,bilinfo.dk,mobility_cars,,,implied_cars_sold,6805,cars_per_week,0,
2025-06-23,DK,bilinfo.dk,mobility_cars,,,supply_cars,55800,listings,0,
2025-06-23,DK,bilinfo.dk,mobility_cars,,,visits,441000,visitors,0,
2025-06-30,DK,bilinfo.dk,mobility_cars,,,adj_days_to_sell,57.4,days,0,
2025-06-30,DK,bilinfo.dk,mobility_cars,,,implied_cars_added,6476,cars_per_week,0,
2025-06-30,DK,bilinfo.dk,mobility_cars,,,implied_cars_sold,6805,cars_per_week,0,
2025-06-30,DK,bilinfo.dk,mobility_cars,,,supply_cars,55471,listings,0,
2025-07-07,DK,bilinfo.dk,mobility_cars,,,adj_days_to_sell,57.4,days,0,
2025-07-07,DK,bilinfo.dk,mobility_cars,,,implied_cars_added,6436,cars_per_week,0,
2025-07-07,DK,bilinfo.dk,mobility_cars,,,implied_cars_sold,6765,cars_per_week,0,
2025-07-07,DK,bilinfo.dk,mobility_cars,,,supply_cars,55143,listings,0,
2025-07-14,DK,bilinfo.dk,mobility_cars,,,adj_days_to_sell,57.4,days,0,
2025-07-14,DK,bilinfo.dk,mobility_cars,,,implied_cars_added,6396,cars_per_week,0,
2025-07-14,DK,bilinfo.dk,mobility_cars,,,implied_cars_sold,6725,cars_per_week,0,
2025-07-14,DK,bilinfo.dk,mobility_cars,,,supply_cars,54814,listings,0,
2025-07-21,DK,bilinfo.dk,mobility_cars,,,adj_days_to_sell,57.4,days,0,
2025-07-21,DK,bilinfo.dk,mobility_cars,,,implied_cars_added,6356,cars_per_week,0,
2025-07-21,DK,bilinfo.dk,mobility_cars,,,implied_cars_sold,6685,cars_per_week,0,
2025-07-21,DK,bilinfo.dk,mobility_cars,,,supply_cars,54486,listings,0,
2025-07-28,DK,bilinfo.dk,mobility_cars,,,adj_days_to_sell,57.4,days,0,
2025-07-28,DK,bilinfo.dk,mobility_cars,,,implied_cars_added,6316,cars_per_week,0,
2025-07-28,DK,bilinfo.dk,mobility_cars,,,implied_cars_sold,6645,cars_per_week,0,
2025-07-28,DK,bilinfo.dk,mobility_cars,,,supply_cars,54157,listings,0,
2025-08-04,DK,bilinfo.dk,mobility_cars,,,adj_days_to_sell,57.4,days,0,
2025-08-04,DK,bilinfo.dk,mobility_cars,,,implied_cars_added,6276,cars_per_week,0,
2025-08-04,DK,bilinfo.dk,mobility_cars,,,implied_cars_sold,6605,cars_per_week,0,
2025-08-04,DK,bilinfo.dk,mobility_cars,,,supply_cars,53829,listings,0,
2025-08-11,DK,bilinfo.dk,mobility_cars,,,adj_days_to_sell,57.4,days,0,
2025-08-11,DK,bilinfo.dk,mobility_cars,,,avg_days_to_sell,42,days,0,
2025-08-11,DK,bilinfo.dk,mobility_cars,,,implied_cars_added,6236,cars_per_week,0,
2025-08-11,DK,bilinfo.dk,mobility_cars,,,implied_cars_sold,6564,cars_per_week,0,
2025-08-11,DK,bilinfo.dk,mobility_cars,,,supply_cars,53500,listings,0,
2025-08-11,DK,bilinfo.dk,mobility_cars,,,visits,465000,visitors,0,
2025-08-18,DK,bilinfo.dk,mobility_cars,,,adj_days_to_sell,56,days,0,
2025-08-18,DK,bilinfo.dk,mobility_cars,,,avg_days_to_sell,41,days,0,
2025-08-18,DK,bilinfo.dk,mobility_cars,,,implied_cars_added,6688,cars_per_week,0,
2025-08-18,DK,bilinfo.dk,mobility_cars,,,implied_cars_sold,6688,cars_per_week,0,
2025-08-18,DK,bilinfo.dk,mobility_cars,,,supply_cars,53500,listings,0,
2025-08-18,DK,bilinfo.dk,mobility_cars,,,visits,477000,visitors,0,
2025-08-25,DK,bilinfo.dk,mobility_cars,,,adj_days_to_sell,56,days,0,
2025-08-25,DK,bilinfo.dk,mobility_cars,,,avg_days_to_sell,41,days,0,
2025-08-25,DK,bilinfo.dk,mobility_cars,,,implied_cars_added,6688,cars_per_week,0,
2025-08-25,DK,bilinfo.dk,mobility_cars,,,implied_cars_sold,6688,cars_per_week,0,
2025-08-25,DK,bilinfo.dk,mobility_cars,,,supply_cars,53500,listings,0,
2025-08-25,DK,bilinfo.dk,mobility_cars,,,visits,451000,visitors,0,
2025-09-01,DK,bilinfo.dk,mobility_cars,,,adj_days_to_sell,56,days,0,
2025-09-01,DK,bilinfo.dk,mobility_cars,,,avg_days_to_sell,41,days,0,
2025-09-01,DK,bilinfo.dk,mobility_cars,,,implied_cars_added,6988,cars_per_week,0,
2025-09-01,DK,bilinfo.dk,mobility_cars,,,implied_cars_sold,6688,cars_per_week,0,
2025-09-01,DK,bilinfo.dk,mobility_cars,,,supply_cars,53800,listings,0,
2025-09-01,DK,bilinfo.dk,mobility_cars,,,visits,462000,visitors,0,
2025-09-08,DK,bilinfo.dk,mobility_cars,,,adj_days_to_sell,56,days,0,
2025-09-08,DK,bilinfo.dk,mobility_cars,,,avg_days_to_sell,41,days,0,
2025-09-08,DK,bilinfo.dk,mobility_cars,,,implied_cars_added,5925,cars_per_week,0,
2025-09-08,DK,bilinfo.dk,mobility_cars,,,implied_cars_sold,6725,cars_per_week,0,
2025-09-08,DK,bilinfo.dk,mobility_cars,,,supply_cars,53000,listings,0,
2025-09-08,DK,bilinfo.dk,mobility_cars,,,visits,455000,visitors,0,
2025-09-15,DK,bilinfo.dk,mobility_cars,,,adj_days_to_sell,56,days,0,
2025-09-15,DK,bilinfo.dk,mobility_cars,,,avg_days_to_sell,41,days,0,
2025-09-15,DK,bilinfo.dk,mobility_cars,,,implied_cars_added,7725,cars_per_week,0,
2025-09-15,DK,bilinfo.dk,mobility_cars,,,implied_cars_sold,6625,cars_per_week,0,
2025-09-15,DK,bilinfo.dk,mobility_cars,,,supply_cars,54100,listings,0,
2025-09-15,DK,bilinfo.dk,mobility_cars,,,visits,442000,visitors,0,
2025-09-22,DK,bilinfo.dk,mobility_cars,,,adj_days_to_sell,56,days,0,
2025-09-22,DK,bilinfo.dk,mobility_cars,,,avg_days_to_sell,41,days,0,
2025-09-22,DK,bilinfo.dk,mobility_cars,,,implied_cars_added,6462,cars_per_week,0,
2025-09-22,DK,bilinfo.dk,mobility_cars,,,implied_cars_sold,6762,cars_per_week,0,
2025-09-22,DK,bilinfo.dk,mobility_cars,,,supply_cars,53800,listings,0,
2025-09-22,DK,bilinfo.dk,mobility_cars,,,visits,435000,visitors,0,
2025-09-29,DK,bilinfo.dk,mobility_cars,,,adj_days_to_sell,56,days,0,
2025-09-29,DK,bilinfo.dk,mobility_cars,,,avg_days_to_sell,41,days,0,
2025-09-29,DK,bilinfo.dk,mobility_cars,,,implied_cars_added,7025,cars_per_week,0,
2025-09-29,DK,bilinfo.dk,mobility_cars,,,implied_cars_sold,6725,cars_per_week,0,
2025-09-29,DK,bilinfo.dk,mobility_cars,,,supply_cars,54100,listings,0,
2025-09-29,DK,bilinfo.dk,mobility_cars,,,visits,412000,visitors,0,
2025-10-06,DK,bilinfo.dk,mobility_cars,,,adj_days_to_sell,56,days,0,
2025-10-06,DK,bilinfo.dk,mobility_cars,,,avg_days_to_sell,41,days,0,
2025-10-06,DK,bilinfo.dk,mobility_cars,,,implied_cars_added,6962,cars_per_week,0,
2025-10-06,DK,bilinfo.dk,mobility_cars,,,implied_cars_sold,6762,cars_per_week,0,
2025-10-06,DK,bilinfo.dk,mobility_cars,,,supply_cars,54300,listings,0,
2025-10-06,DK,bilinfo.dk,mobility_cars,,,visits,415000,visitors,0,
2025-10-13,DK,bilinfo.dk,mobility_cars,,,adj_days_to_sell,56,days,0,
2025-10-13,DK,bilinfo.dk,mobility_cars,,,avg_days_to_sell,41,days,0,
2025-10-13,DK,bilinfo.dk,mobility_cars,,,implied_cars_added,6788,cars_per_week,0,
2025-10-13,DK,bilinfo.dk,mobility_cars,,,implied_cars_sold,6788,cars_per_week,0,
2025-10-13,DK,bilinfo.dk,mobility_cars,,,supply_cars,54300,listings,0,
2025-10-13,DK,bilinfo.dk,mobility_cars,,,visits,402000,visitors,0,
2025-10-20,DK,bilinfo.dk,mobility_cars,,,adj_days_to_sell,56,days,0,
2025-10-20,DK,bilinfo.dk,mobility_cars,,,avg_days_to_sell,41,days,0,
2025-10-20,DK,bilinfo.dk,mobility_cars,,,implied_cars_added,6288,cars_per_week,0,
2025-10-20,DK,bilinfo.dk,mobility_cars,,,implied_cars_sold,6788,cars_per_week,0,
2025-10-20,DK,bilinfo.dk,mobility_cars,,,supply_cars,53800,listings,0,
2025-10-20,DK,bilinfo.dk,mobility_cars,,,visits,415000,visitors,0,
2025-10-27,DK,bilinfo.dk,mobility_cars,,,adj_days_to_sell,56,days,0,
2025-10-27,DK,bilinfo.dk,mobility_cars,,,avg_days_to_sell,41,days,0,
2025-10-27,DK,bilinfo.dk,mobility_cars,,,implied_cars_added,6425,cars_per_week,0,
2025-10-27,DK,bilinfo.dk,mobility_cars,,,implied_cars_sold,6725,cars_per_week,0,
2025-10-27,DK,bilinfo.dk,mobility_cars,,,supply_cars,53500,listings,0,
2025-10-27,DK,bilinfo.dk,mobility_cars,,,visits,415000,visitors,0,
2025-11-03,DK,bilinfo.dk,mobility_cars,,,adj_days_to_sell,56,days,0,
2025-11-03,DK,bilinfo.dk,mobility_cars,,,avg_days_to_sell,41,days,0,
2025-11-03,DK,bilinfo.dk,mobility_cars,,,implied_cars_added,7288,cars_per_week,0,
2025-11-03,DK,bilinfo.dk,mobility_cars,,,implied_cars_sold,6688,cars_per_week,0,
2025-11-03,DK,bilinfo.dk,mobility_cars,,,supply_cars,54100,listings,0,
2025-11-03,DK,bilinfo.dk,mobility_cars,,,visits,417000,visitors,0,
2025-11-10,DK,bilinfo.dk,mobility_cars,,,adj_days_to_sell,56,days,0,
2025-11-10,DK,bilinfo.dk,mobility_cars,,,avg_days_to_sell,41,days,0,
2025-11-10,DK,bilinfo.dk,mobility_cars,,,implied_cars_added,7062,cars_per_week,0,
2025-11-10,DK,bilinfo.dk,mobility_cars,,,implied_cars_sold,6762,cars_per_week,0,
2025-11-10,DK,bilinfo.dk,mobility_cars,,,supply_cars,54400,listings,0,
2025-11-10,DK,bilinfo.dk,mobility_cars,,,visits,415000,visitors,0,
2025-11-17,DK,bilinfo.dk,mobility_cars,,,adj_days_to_sell,56,days,0,
2025-11-17,DK,bilinfo.dk,mobility_cars,,,avg_days_to_sell,41,days,0,
2025-11-17,DK,bilinfo.dk,mobility_cars,,,implied_cars_added,7300,cars_per_week,0,
2025-11-17,DK,bilinfo.dk,mobility_cars,,,implied_cars_sold,6800,cars_per_week,0,
2025-11-17,DK,bilinfo.dk,mobility_cars,,,supply_cars,54900,listings,0,
2025-11-17,DK,bilinfo.dk,mobility_cars,,,visits,408000,visitors,0,
2025-11-24,DK,bilinfo.dk,mobility_cars,,,adj_days_to_sell,56,days,0,
2025-11-24,DK,bilinfo.dk,mobility_cars,,,avg_days_to_sell,41,days,0,
2025-11-24,DK,bilinfo.dk,mobility_cars,,,implied_cars_added,7362,cars_per_week,0,
2025-11-24,DK,bilinfo.dk,mobility_cars,,,implied_cars_sold,6862,cars_per_week,0,
2025-11-24,DK,bilinfo.dk,mobility_cars,,,supply_cars,55400,listings,0,
2025-11-24,DK,bilinfo.dk,mobility_cars,,,visits,412000,visitors,0,
2025-12-01,DK,bilinfo.dk,mobility_cars,,,adj_days_to_sell,56,days,0,
2025-12-01,DK,bilinfo.dk,mobility_cars,,,avg_days_to_sell,41,days,0,
2025-12-01,DK,bilinfo.dk,mobility_cars,,,implied_cars_added,7325,cars_per_week,0,
2025-12-01,DK,bilinfo.dk,mobility_cars,,,implied_cars_sold,6925,cars_per_week,0,
2025-12-01,DK,bilinfo.dk,mobility_cars,,,supply_cars,55800,listings,0,
2025-12-01,DK,bilinfo.dk,mobility_cars,,,visits,409000,visitors,0,
2025-12-08,DK,bilinfo.dk,mobility_cars,,,adj_days_to_sell,56,days,0,
2025-12-08,DK,bilinfo.dk,mobility_cars,,,avg_days_to_sell,41,days,0,
2025-12-08,DK,bilinfo.dk,mobility_cars,,,implied_cars_added,7375,cars_per_week,0,
2025-12-08,DK,bilinfo.dk,mobility_cars,,,implied_cars_sold,6975,cars_per_week,0,
2025-12-08,DK,bilinfo.dk,mobility_cars,,,supply_cars,56200,listings,0,
2025-12-08,DK,bilinfo.dk,mobility_cars,,,visits,399000,visitors,0,
2025-12-15,DK,bilinfo.dk,mobility_cars,,,adj_days_to_sell,57.4,days,0,
2025-12-15,DK,bilinfo.dk,mobility_cars,,,avg_days_to_sell,42,days,0,
2025-12-15,DK,bilinfo.dk,mobility_cars,,,implied_cars_added,7254,cars_per_week,0,
2025-12-15,DK,bilinfo.dk,mobility_cars,,,implied_cars_sold,6854,cars_per_week,0,
2025-12-15,DK,bilinfo.dk,mobility_cars,,,supply_cars,56600,listings,0,
2025-12-15,DK,bilinfo.dk,mobility_cars,,,visits,401000,visitors,0,
2025-12-22,DK,bilinfo.dk,mobility_cars,,,adj_days_to_sell,57.4,days,0,
2025-12-22,DK,bilinfo.dk,mobility_cars,,,implied_cars_added,5902,cars_per_week,0,
2025-12-22,DK,bilinfo.dk,mobility_cars,,,implied_cars_sold,6902,cars_per_week,0,
2025-12-22,DK,bilinfo.dk,mobility_cars,,,supply_cars,55600,listings,0,
2025-12-29,DK,bilinfo.dk,mobility_cars,,,adj_days_to_sell,57.4,days,0,
2025-12-29,DK,bilinfo.dk,mobility_cars,,,avg_days_to_sell,42,days,0,
2025-12-29,DK,bilinfo.dk,mobility_cars,,,implied_cars_added,5780,cars_per_week,0,
2025-12-29,DK,bilinfo.dk,mobility_cars,,,implied_cars_sold,6780,cars_per_week,0,
2025-12-29,DK,bilinfo.dk,mobility_cars,,,supply_cars,54600,listings,0,
2025-12-29,DK,bilinfo.dk,mobility_cars,,,visits,405000,visitors,0,
2026-01-05,DK,bilinfo.dk,mobility_cars,,,adj_days_to_sell,58.7,days,0,
2026-01-05,DK,bilinfo.dk,mobility_cars,,,avg_days_to_sell,43,days,0,
2026-01-05,DK,bilinfo.dk,mobility_cars,,,implied_cars_added,5911,cars_per_week,0,
2026-01-05,DK,bilinfo.dk,mobility_cars,,,implied_cars_sold,6511,cars_per_week,0,
2026-01-05,DK,bilinfo.dk,mobility_cars,,,supply_cars,54000,listings,0,
2026-01-05,DK,bilinfo.dk,mobility_cars,,,visits,408000,visitors,0,
2026-01-12,DK,bilinfo.dk,mobility_cars,,,adj_days_to_sell,58.7,days,0,
2026-01-12,DK,bilinfo.dk,mobility_cars,,,avg_days_to_sell,43,days,0,
2026-01-12,DK,bilinfo.dk,mobility_cars,,,implied_cars_added,6640,cars_per_week,0,
2026-01-12,DK,bilinfo.dk,mobility_cars,,,implied_cars_sold,6440,cars_per_week,0,
2026-01-12,DK,bilinfo.dk,mobility_cars,,,supply_cars,54200,listings,0,
2026-01-12,DK,bilinfo.dk,mobility_cars,,,visits,411000,visitors,0,
2026-01-19,DK,bilinfo.dk,mobility_cars,,,adj_days_to_sell,58.7,days,0,
2026-01-19,DK,bilinfo.dk,mobility_cars,,,avg_days_to_sell,43,days,0,
2026-01-19,DK,bilinfo.dk,mobility_cars,,,implied_cars_added,6063,cars_per_week,0,
2026-01-19,DK,bilinfo.dk,mobility_cars,,,implied_cars_sold,6463,cars_per_week,0,
2026-01-19,DK,bilinfo.dk,mobility_cars,,,supply_cars,53800,listings,0,
2026-01-19,DK,bilinfo.dk,mobility_cars,,,visits,417000,visitors,0,
2026-01-26,DK,bilinfo.dk,mobility_cars,,,adj_days_to_sell,58.7,days,0,
2026-01-26,DK,bilinfo.dk,mobility_cars,,,avg_days_to_sell,43,days,0,
2026-01-26,DK,bilinfo.dk,mobility_cars,,,implied_cars_added,5816,cars_per_week,0,
2026-01-26,DK,bilinfo.dk,mobility_cars,,,implied_cars_sold,6416,cars_per_week,0,
2026-01-26,DK,bilinfo.dk,mobility_cars,,,supply_cars,53200,listings,0,
2026-01-26,DK,bilinfo.dk,mobility_cars,,,visits,416000,visitors,0,
2026-02-02,DK,bilinfo.dk,mobility_cars,,,adj_days_to_sell,58.7,days,0,
2026-02-02,DK,bilinfo.dk,mobility_cars,,,avg_days_to_sell,43,days,0,
2026-02-02,DK,bilinfo.dk,mobility_cars,,,implied_cars_added,6144,cars_per_week,0,
2026-02-02,DK,bilinfo.dk,mobility_cars,,,implied_cars_sold,6344,cars_per_week,0,
2026-02-02,DK,bilinfo.dk,mobility_cars,,,supply_cars,53000,listings,0,
2026-02-02,DK,bilinfo.dk,mobility_cars,,,visits,414000,visitors,0,
2026-02-09,DK,bilinfo.dk,mobility_cars,,,adj_days_to_sell,58.7,days,0,
2026-02-09,DK,bilinfo.dk,mobility_cars,,,avg_days_to_sell,43,days,0,
2026-02-09,DK,bilinfo.dk,mobility_cars,,,implied_cars_added,6120,cars_per_week,0,
2026-02-09,DK,bilinfo.dk,mobility_cars,,,implied_cars_sold,6320,cars_per_week,0,
2026-02-09,DK,bilinfo.dk,mobility_cars,,,supply_cars,52800,listings,0,
2026-02-09,DK,bilinfo.dk,mobility_cars,,,visits,410000,visitors,0,
2026-02-16,DK,bilinfo.dk,mobility_cars,,,adj_days_to_sell,58.7,days,0,
2026-02-16,DK,bilinfo.dk,mobility_cars,,,avg_days_to_sell,43,days,0,
2026-02-16,DK,bilinfo.dk,mobility_cars,,,implied_cars_added,6496,cars_per_week,0,
2026-02-16,DK,bilinfo.dk,mobility_cars,,,implied_cars_sold,6296,cars_per_week,0,
2026-02-16,DK,bilinfo.dk,mobility_cars,,,supply_cars,53000,listings,0,
2026-02-16,DK,bilinfo.dk,mobility_cars,,,visits,417000,visitors,0,
2026-02-23,DK,bilinfo.dk,mobility_cars,,,adj_days_to_sell,58.7,days,0,
2026-02-23,DK,bilinfo.dk,mobility_cars,,,avg_days_to_sell,43,days,0,
2026-02-23,DK,bilinfo.dk,mobility_cars,,,implied_cars_added,5720,cars_per_week,0,
2026-02-23,DK,bilinfo.dk,mobility_cars,,,implied_cars_sold,6320,cars_per_week,0,
2026-02-23,DK,bilinfo.dk,mobility_cars,,,supply_cars,52400,listings,0,
2026-02-23,DK,bilinfo.dk,mobility_cars,,,visits,421000,visitors,0,
2026-03-02,DK,bilinfo.dk,mobility_cars,,,adj_days_to_sell,58.7,days,0,
2026-03-02,DK,bilinfo.dk,mobility_cars,,,avg_days_to_sell,43,days,0,
2026-03-02,DK,bilinfo.dk,mobility_cars,,,implied_cars_added,5649,cars_per_week,0,
2026-03-02,DK,bilinfo.dk,mobility_cars,,,implied_cars_sold,6249,cars_per_week,0,
2026-03-02,DK,bilinfo.dk,mobility_cars,,,supply_cars,51800,listings,0,
2026-03-02,DK,bilinfo.dk,mobility_cars,,,visits,425000,visitors,0,
2026-03-09,DK,bilbasen.dk,mobility_cars,dealer,,listings,48638.2,listings,0,3
2026-03-09,DK,bilbasen.dk,mobility_cars,private,,listings,2737.2,listings,0,3
2026-03-09,DK,bilinfo.dk,mobility_cars,,,adj_days_to_sell,58.7,days,0,
2026-03-09,DK,bilinfo.dk,mobility_cars,,,avg_days_to_sell,43,days,0,
2026-03-09,DK,bilinfo.dk,mobility_cars,,,implied_cars_added,5577,cars_per_week,0,
2026-03-09,DK,bilinfo.dk,mobility_cars,,,implied_cars_sold,6177,cars_per_week,0,
2026-03-09,DK,bilinfo.dk,mobility_cars,,,supply_cars,51200,listings,0,
2026-03-09,DK,bilinfo.dk,mobility_cars,,,visits,422000,visitors,0,
2026-03-09,SE,blocket.se,mobility_cars,dealer,,listings,122227.5,listings,0,3
2026-03-09,SE,blocket.se,mobility_cars,private,,listings,15099.4,listings,0,3
2026-03-09,NO,finn.no,jobs_listings,,,listings,20891.7,listings,0,3
2026-03-09,NO,finn.no,jobs_positions,,,listings,51388.8,listings,0,3
2026-03-09,NO,finn.no,mobility_cars,dealer,,listings,56498.2,listings,0,3
2026-03-09,NO,finn.no,mobility_cars,private,,listings,12585.7,listings,0,3
2026-03-09,NO,finn.no,real_estate_homes,,,listings,17166.7,listings,0,3
2026-03-16,DK,bilbasen.dk,mobility_cars,dealer,,listings,48006.8,listings,0,6
2026-03-16,DK,bilbasen.dk,mobility_cars,private,,listings,2859.4,listings,0,6
2026-03-16,DK,bilinfo.dk,mobility_cars,,,adj_days_to_sell,58.7,days,0,
2026-03-16,DK,bilinfo.dk,mobility_cars,,,avg_days_to_sell,43,days,0,
2026-03-16,DK,bilinfo.dk,mobility_cars,,,implied_cars_added,5906,cars_per_week,0,
2026-03-16,DK,bilinfo.dk,mobility_cars,,,implied_cars_sold,6106,cars_per_week,0,
2026-03-16,DK,bilinfo.dk,mobility_cars,,,supply_cars,51000,listings,0,
2026-03-16,DK,bilinfo.dk,mobility_cars,,,visits,427000,visitors,0,
2026-03-16,SE,blocket.se,mobility_cars,dealer,,listings,121972.1,listings,0,7
2026-03-16,SE,blocket.se,mobility_cars,dealer,,new_listings,4732.7,listings,0,7
2026-03-16,SE,blocket.se,mobility_cars,private,,listings,15642.6,listings,0,7
2026-03-16,SE,blocket.se,mobility_cars,private,,new_listings,911.6,listings,0,7
2026-03-16,NO,finn.no,jobs_listings,,,listings,20757.4,listings,0,6
2026-03-16,NO,finn.no,jobs_listings,,,new_listings,781.1,listings,0,6
2026-03-16,NO,finn.no,jobs_positions,,,listings,49209.2,listings,0,6
2026-03-16,NO,finn.no,jobs_positions,,,new_listings,1567.7,listings,0,6
2026-03-16,NO,finn.no,mobility_cars,dealer,,listings,54624.4,listings,0,6
2026-03-16,NO,finn.no,mobility_cars,dealer,,new_listings,1425.5,listings,0,7
2026-03-16,NO,finn.no,mobility_cars,private,,listings,13058.1,listings,0,6
2026-03-16,NO,finn.no,mobility_cars,private,,new_listings,791.2,listings,0,7
2026-03-16,NO,finn.no,real_estate_homes,,,listings,17298.2,listings,0,7
2026-03-16,NO,finn.no,real_estate_homes,,,new_listings,423.9,listings,0,7
2026-03-23,DK,bilbasen.dk,mobility_cars,dealer,,listings,47278.1,listings,0,7
2026-03-23,DK,bilbasen.dk,mobility_cars,private,,listings,3010.4,listings,0,7
2026-03-23,DK,bilinfo.dk,mobility_cars,,,adj_days_to_sell,58,days,0,
2026-03-23,DK,bilinfo.dk,mobility_cars,,,implied_cars_added,5700,cars_per_week,0,
2026-03-23,DK,bilinfo.dk,mobility_cars,,,implied_cars_sold,6150,cars_per_week,0,
2026-03-23,DK,bilinfo.dk,mobility_cars,,,supply_cars,50550,listings,0,
2026-03-23,SE,blocket.se,mobility_cars,dealer,,listings,121280.6,listings,0,7
2026-03-23,SE,blocket.se,mobility_cars,dealer,,new_listings,4657.7,listings,0,7
2026-03-23,SE,blocket.se,mobility_cars,private,,listings,16743.3,listings,0,7
2026-03-23,SE,blocket.se,mobility_cars,private,,new_listings,1030.6,listings,0,7
2026-03-23,NO,finn.no,jobs_listings,,,listings,21627.1,listings,0,7
2026-03-23,NO,finn.no,jobs_listings,,,new_listings,806.3,listings,0,6
2026-03-23,NO,finn.no,jobs_positions,,,listings,49582.4,listings,0,7
2026-03-23,NO,finn.no,jobs_positions,,,new_listings,1862.7,listings,0,7
2026-03-23,NO,finn.no,mobility_cars,dealer,,listings,55519.3,listings,0,7
2026-03-23,NO,finn.no,mobility_cars,dealer,,new_listings,1450.3,listings,0,7
2026-03-23,NO,finn.no,mobility_cars,private,,listings,13558.7,listings,0,7
2026-03-23,NO,finn.no,mobility_cars,private,,new_listings,741.9,listings,0,7
2026-03-23,NO,finn.no,real_estate_homes,,,listings,16232.9,listings,0,7
2026-03-23,NO,finn.no,real_estate_homes,,,new_listings,316.9,listings,0,7
2026-03-30,DK,bilbasen.dk,mobility_cars,dealer,,listings,46352.4,listings,0,7
2026-03-30,DK,bilbasen.dk,mobility_cars,private,,listings,3208.7,listings,0,7
2026-03-30,DK,bilinfo.dk,mobility_cars,,,adj_days_to_sell,57.4,days,0,
2026-03-30,DK,bilinfo.dk,mobility_cars,,,avg_days_to_sell,42,days,0,
2026-03-30,DK,bilinfo.dk,mobility_cars,,,implied_cars_added,5715,cars_per_week,0,
2026-03-30,DK,bilinfo.dk,mobility_cars,,,implied_cars_sold,6165,cars_per_week,0,
2026-03-30,DK,bilinfo.dk,mobility_cars,,,supply_cars,50100,listings,0,
2026-03-30,DK,bilinfo.dk,mobility_cars,,,visits,425000,visitors,0,
2026-03-30,SE,blocket.se,mobility_cars,dealer,,listings,119785.1,listings,0,7
2026-03-30,SE,blocket.se,mobility_cars,dealer,,new_listings,3863.6,listings,0,7
2026-03-30,SE,blocket.se,mobility_cars,private,,listings,17707,listings,0,7
2026-03-30,SE,blocket.se,mobility_cars,private,,new_listings,911.4,listings,0,7
2026-03-30,NO,finn.no,jobs_listings,,,listings,21739.3,listings,0,7
2026-03-30,NO,finn.no,jobs_listings,,,new_listings,393.1,listings,0,7
2026-03-30,NO,finn.no,jobs_positions,,,listings,48206.9,listings,0,7
2026-03-30,NO,finn.no,jobs_positions,,,new_listings,747,listings,0,7
2026-03-30,NO,finn.no,mobility_cars,dealer,,listings,53954.4,listings,0,7
2026-03-30,NO,finn.no,mobility_cars,dealer,,new_listings,828.4,listings,0,7
2026-03-30,NO,finn.no,mobility_cars,private,,listings,13691.8,listings,0,5
2026-03-30,NO,finn.no,mobility_cars,private,,new_listings,648.7,listings,0,6
2026-03-30,NO,finn.no,real_estate_homes,,,listings,16507,listings,0,7
2026-03-30,NO,finn.no,real_estate_homes,,,new_listings,590,listings,0,7
2026-04-06,DK,bilbasen.dk,mobility_cars,dealer,,listings,44991.6,listings,0,7
2026-04-06,DK,bilbasen.dk,mobility_cars,private,,listings,3426.6,listings,0,7
2026-04-06,DK,bilinfo.dk,mobility_cars,,,adj_days_to_sell,57.4,days,0,
2026-04-06,DK,bilinfo.dk,mobility_cars,,,avg_days_to_sell,42,days,0,
2026-04-06,DK,bilinfo.dk,mobility_cars,,,implied_cars_added,5510,cars_per_week,0,
2026-04-06,DK,bilinfo.dk,mobility_cars,,,implied_cars_sold,6110,cars_per_week,0,
2026-04-06,DK,bilinfo.dk,mobility_cars,,,supply_cars,49500,listings,0,
2026-04-06,DK,bilinfo.dk,mobility_cars,,,visits,412000,visitors,0,
2026-04-06,SE,blocket.se,mobility_cars,dealer,,listings,119358.4,listings,0,7
2026-04-06,SE,blocket.se,mobility_cars,dealer,,new_listings,4329,listings,0,7
2026-04-06,SE,blocket.se,mobility_cars,private,,listings,18722.7,listings,0,7
2026-04-06,SE,blocket.se,mobility_cars,private,,new_listings,1113.1,listings,0,7
2026-04-06,NO,finn.no,jobs_listings,,,listings,19097.3,listings,0,7
2026-04-06,NO,finn.no,jobs_listings,,,new_listings,621.6,listings,0,7
2026-04-06,NO,finn.no,jobs_positions,,,listings,42637.6,listings,0,7
2026-04-06,NO,finn.no,jobs_positions,,,new_listings,1287.6,listings,0,7
2026-04-06,NO,finn.no,mobility_cars,dealer,,listings,54182.1,listings,0,7
2026-04-06,NO,finn.no,mobility_cars,dealer,,new_listings,1404.9,listings,0,7
2026-04-06,NO,finn.no,mobility_cars,private,,listings,14544.6,listings,0,7
2026-04-06,NO,finn.no,mobility_cars,private,,new_listings,914.1,listings,0,7
2026-04-06,NO,finn.no,real_estate_homes,,,listings,18030,listings,0,7
2026-04-06,NO,finn.no,real_estate_homes,,,new_listings,494.1,listings,0,7
2026-04-13,DK,bilbasen.dk,mobility_cars,dealer,,listings,44251.6,listings,0,7
2026-04-13,DK,bilbasen.dk,mobility_cars,private,,listings,3477.6,listings,0,7
2026-04-13,DK,bilinfo.dk,mobility_cars,,,adj_days_to_sell,57.4,days,0,
2026-04-13,DK,bilinfo.dk,mobility_cars,,,avg_days_to_sell,42,days,0,
2026-04-13,DK,bilinfo.dk,mobility_cars,,,implied_cars_added,5537,cars_per_week,0,
2026-04-13,DK,bilinfo.dk,mobility_cars,,,implied_cars_sold,6037,cars_per_week,0,
2026-04-13,DK,bilinfo.dk,mobility_cars,,,supply_cars,49000,listings,0,
2026-04-13,DK,bilinfo.dk,mobility_cars,,,visits,418000,visitors,0,
2026-04-13,SE,blocket.se,mobility_cars,dealer,,listings,119074.3,listings,0,7
2026-04-13,SE,blocket.se,mobility_cars,dealer,,new_listings,4645.1,listings,0,7
2026-04-13,SE,blocket.se,mobility_cars,private,,listings,19804.9,listings,0,7
2026-04-13,SE,blocket.se,mobility_cars,private,,new_listings,1074.6,listings,0,7
2026-04-13,NO,finn.no,jobs_listings,,,listings,18222.4,listings,0,7
2026-04-13,NO,finn.no,jobs_listings,,,new_listings,832.4,listings,0,7
2026-04-13,NO,finn.no,jobs_positions,,,listings,40551.3,listings,0,7
2026-04-13,NO,finn.no,jobs_positions,,,new_listings,1667,listings,0,7
2026-04-13,NO,finn.no,mobility_cars,dealer,,listings,53978.7,listings,0,7
2026-04-13,NO,finn.no,mobility_cars,dealer,,new_listings,1520.3,listings,0,7
2026-04-13,NO,finn.no,mobility_cars,private,,listings,15101.4,listings,0,7
2026-04-13,NO,finn.no,mobility_cars,private,,new_listings,855.7,listings,0,7
2026-04-13,NO,finn.no,real_estate_homes,,,listings,18438.3,listings,0,7
2026-04-13,NO,finn.no,real_estate_homes,,,new_listings,614.7,listings,0,7
2026-04-20,DK,bilbasen.dk,mobility_cars,dealer,,listings,43839.3,listings,0,7
2026-04-20,DK,bilbasen.dk,mobility_cars,private,,listings,3443,listings,0,7
2026-04-20,DK,bilhandel.dk,mobility_cars,dealer,,listings,24227,listings,0,2
2026-04-20,DK,bilhandel.dk,mobility_cars,private,,listings,1770,listings,0,2
2026-04-20,DK,bilinfo.dk,mobility_cars,,,adj_days_to_sell,57.4,days,0,
2026-04-20,DK,bilinfo.dk,mobility_cars,,,avg_days_to_sell,42,days,0,
2026-04-20,DK,bilinfo.dk,mobility_cars,,,implied_cars_added,5776,cars_per_week,0,
2026-04-20,DK,bilinfo.dk,mobility_cars,,,implied_cars_sold,5976,cars_per_week,0,
2026-04-20,DK,bilinfo.dk,mobility_cars,,,supply_cars,48800,listings,0,
2026-04-20,DK,bilinfo.dk,mobility_cars,,,visits,421000,visitors,0,
2026-04-20,DK,biltorvet.dk,mobility_cars,dealer,,listings,39331.5,listings,0,2
2026-04-20,DK,biltorvet.dk,mobility_cars,private,,listings,1333.3,listings,0,2
2026-04-20,SE,blocket.se,mobility_cars,dealer,,listings,118977.9,listings,0,7
2026-04-20,SE,blocket.se,mobility_cars,dealer,,new_listings,4758.6,listings,0,7
2026-04-20,SE,blocket.se,mobility_cars,private,,listings,20938.9,listings,0,7
2026-04-20,SE,blocket.se,mobility_cars,private,,new_listings,1201.5,listings,0,7
2026-04-20,NO,finn.no,jobs_listings,,,listings,18994.8,listings,0,7
2026-04-20,NO,finn.no,jobs_listings,,,new_listings,805.9,listings,0,7
2026-04-20,NO,finn.no,jobs_positions,,,listings,42172.7,listings,0,7
2026-04-20,NO,finn.no,jobs_positions,,,new_listings,1679.3,listings,0,7
2026-04-20,NO,finn.no,mobility_cars,dealer,,listings,53612.4,listings,0,7
2026-04-20,NO,finn.no,mobility_cars,dealer,,new_listings,1594.4,listings,0,7
2026-04-20,NO,finn.no,mobility_cars,private,,listings,15736.2,listings,0,7
2026-04-20,NO,finn.no,mobility_cars,private,,new_listings,894.1,listings,0,7
2026-04-20,NO,finn.no,real_estate_homes,,,listings,19224.5,listings,0,7
2026-04-20,NO,finn.no,real_estate_homes,,,new_listings,625.9,listings,0,7
2026-04-20,SE,tradera.com,mobility_cars,private,,listings,1717,listings,0,2
2026-04-25,NO,finn.no,real_estate_homes,,large,package_count,12053,listings,0,
2026-04-25,NO,finn.no,real_estate_homes,,large,package_share,62.3,pct,0,
2026-04-25,NO,finn.no,real_estate_homes,,medium,package_count,6655,listings,0,
2026-04-25,NO,finn.no,real_estate_homes,,medium,package_share,34.4,pct,0,
2026-04-25,NO,finn.no,real_estate_homes,,small,package_count,630,listings,0,
2026-04-25,NO,finn.no,real_estate_homes,,small,package_share,3.3,pct,0,
2026-04-27,DK,bilbasen.dk,mobility_cars,dealer,,listings,43730.9,listings,0,7
2026-04-27,DK,bilbasen.dk,mobility_cars,private,,listings,3462.9,listings,0,7
2026-04-27,DK,bilhandel.dk,mobility_cars,dealer,,listings,23789,listings,0,3
2026-04-27,DK,bilhandel.dk,mobility_cars,private,,listings,1770.9,listings,0,3
2026-04-27,DK,bilinfo.dk,mobility_cars,,,adj_days_to_sell,57.4,days,0,
2026-04-27,DK,bilinfo.dk,mobility_cars,,,avg_days_to_sell,42,days,0,
2026-04-27,DK,bilinfo.dk,mobility_cars,,,implied_cars_added,5551,cars_per_week,0,
2026-04-27,DK,bilinfo.dk,mobility_cars,,,implied_cars_sold,5951,cars_per_week,0,
2026-04-27,DK,bilinfo.dk,mobility_cars,,,supply_cars,48400,listings,0,
2026-04-27,DK,bilinfo.dk,mobility_cars,,,visits,419000,visitors,0,
2026-04-27,DK,biltorvet.dk,mobility_cars,dealer,,listings,39401.7,listings,0,3
2026-04-27,DK,biltorvet.dk,mobility_cars,private,,listings,1359.8,listings,0,3
2026-04-27,SE,blocket.se,mobility_cars,dealer,,listings,118348,listings,0,7
2026-04-27,SE,blocket.se,mobility_cars,dealer,,new_listings,4195.3,listings,0,7
2026-04-27,SE,blocket.se,mobility_cars,dealer,,sample_fraction,0.05,fraction,0,
2026-04-27,SE,blocket.se,mobility_cars,dealer,basis,package_sample_count,3904,sampled_listings,1,
2026-04-27,SE,blocket.se,mobility_cars,dealer,basis,package_share,66.4,pct,1,
2026-04-27,SE,blocket.se,mobility_cars,dealer,pluss,package_sample_count,0,sampled_listings,1,
2026-04-27,SE,blocket.se,mobility_cars,dealer,pluss,package_share,0,pct,1,
2026-04-27,SE,blocket.se,mobility_cars,dealer,premium,package_sample_count,1979,sampled_listings,1,
2026-04-27,SE,blocket.se,mobility_cars,dealer,premium,package_share,33.6,pct,1,
2026-04-27,SE,blocket.se,mobility_cars,private,,listings,22085.9,listings,0,7
2026-04-27,SE,blocket.se,mobility_cars,private,,new_listings,1181.6,listings,0,7
2026-04-27,NO,finn.no,jobs_listings,,,listings,19415.4,listings,0,7
2026-04-27,NO,finn.no,jobs_listings,,,new_listings,748.1,listings,0,7
2026-04-27,NO,finn.no,jobs_positions,,,listings,41308.8,listings,0,7
2026-04-27,NO,finn.no,jobs_positions,,,new_listings,1334.2,listings,0,7
2026-04-27,NO,finn.no,mobility_cars,dealer,,listings,52864,listings,0,7
2026-04-27,NO,finn.no,mobility_cars,dealer,,new_listings,1331.8,listings,0,7
2026-04-27,NO,finn.no,mobility_cars,dealer,,sample_fraction,0.05,fraction,0,
2026-04-27,NO,finn.no,mobility_cars,dealer,basis,package_sample_count,815,sampled_listings,1,
2026-04-27,NO,finn.no,mobility_cars,dealer,basis,package_share,30.4,pct,1,
2026-04-27,NO,finn.no,mobility_cars,dealer,pluss,package_sample_count,752,sampled_listings,1,
2026-04-27,NO,finn.no,mobility_cars,dealer,pluss,package_share,28,pct,1,
2026-04-27,NO,finn.no,mobility_cars,dealer,premium,package_sample_count,1118,sampled_listings,1,
2026-04-27,NO,finn.no,mobility_cars,dealer,premium,package_share,41.6,pct,1,
2026-04-27,NO,finn.no,mobility_cars,private,,listings,16272.8,listings,0,7
2026-04-27,NO,finn.no,mobility_cars,private,,new_listings,871,listings,0,7
2026-04-27,NO,finn.no,real_estate_homes,,,listings,19483.9,listings,0,7
2026-04-27,NO,finn.no,real_estate_homes,,,new_listings,650.5,listings,0,7
2026-04-27,NO,hjem.no,real_estate_homes,,,listings,8054,listings,0,3
2026-04-27,SE,tradera.com,mobility_cars,private,,listings,1771.6,listings,0,3
2026-04-27,SE,wayke.se,mobility_cars,dealer,,listings,50579.7,listings,0,3
2026-05-04,DK,bilbasen.dk,mobility_cars,dealer,,listings,43529.7,listings,0,7
2026-05-04,DK,bilbasen.dk,mobility_cars,private,,listings,3540.7,listings,0,7
2026-05-04,DK,bilhandel.dk,mobility_cars,dealer,,listings,23823.6,listings,0,7
2026-05-04,DK,bilhandel.dk,mobility_cars,private,,listings,1789.9,listings,0,7
2026-05-04,DK,bilinfo.dk,mobility_cars,,,adj_days_to_sell,56,days,0,
2026-05-04,DK,bilinfo.dk,mobility_cars,,,avg_days_to_sell,41,days,0,
2026-05-04,DK,bilinfo.dk,mobility_cars,,,implied_cars_added,5750,cars_per_week,0,
2026-05-04,DK,bilinfo.dk,mobility_cars,,,implied_cars_sold,6050,cars_per_week,0,
2026-05-04,DK,bilinfo.dk,mobility_cars,,,supply_cars,48100,listings,0,
2026-05-04,DK,bilinfo.dk,mobility_cars,,,visits,427000,visitors,0,
2026-05-04,DK,biltorvet.dk,mobility_cars,dealer,,listings,39294.9,listings,0,7
2026-05-04,DK,biltorvet.dk,mobility_cars,private,,listings,1391.6,listings,0,7
2026-05-04,SE,blocket.se,mobility_cars,dealer,,listings,118485.1,listings,0,7
2026-05-04,SE,blocket.se,mobility_cars,dealer,,new_listings,4921.6,listings,0,7
2026-05-04,SE,blocket.se,mobility_cars,private,,listings,23146.1,listings,0,7
2026-05-04,SE,blocket.se,mobility_cars,private,,new_listings,1222,listings,0,7
2026-05-04,NO,finn.no,jobs_listings,,,listings,18919,listings,0,7
2026-05-04,NO,finn.no,jobs_listings,,,new_listings,900,listings,0,7
2026-05-04,NO,finn.no,jobs_positions,,,listings,39248.9,listings,0,7
2026-05-04,NO,finn.no,jobs_positions,,,new_listings,1710.6,listings,0,7
2026-05-04,NO,finn.no,mobility_cars,dealer,,listings,53620.4,listings,0,7
2026-05-04,NO,finn.no,mobility_cars,dealer,,new_listings,1588.1,listings,0,7
2026-05-04,NO,finn.no,mobility_cars,private,,listings,16859.1,listings,0,7
2026-05-04,NO,finn.no,mobility_cars,private,,new_listings,896.6,listings,0,7
2026-05-04,NO,finn.no,real_estate_homes,,,listings,20117,listings,0,7
2026-05-04,NO,finn.no,real_estate_homes,,,new_listings,602,listings,0,7
2026-05-04,NO,hjem.no,real_estate_homes,,,listings,8345,listings,0,7
2026-05-04,SE,tradera.com,mobility_cars,dealer,,listings,22490.1,listings,0,7
2026-05-04,SE,tradera.com,mobility_cars,private,,listings,1867.3,listings,0,7
2026-05-04,SE,wayke.se,mobility_cars,dealer,,listings,51130.9,listings,0,7
2026-05-11,DK,bilbasen.dk,mobility_cars,dealer,,listings,43325.3,listings,0,7
2026-05-11,DK,bilbasen.dk,mobility_cars,private,,listings,3555.2,listings,0,7
2026-05-11,DK,bilhandel.dk,mobility_cars,dealer,,listings,23640.6,listings,0,7
2026-05-11,DK,bilhandel.dk,mobility_cars,private,,listings,1863.9,listings,0,7
2026-05-11,DK,bilinfo.dk,mobility_cars,,,adj_days_to_sell,56,days,0,
2026-05-11,DK,bilinfo.dk,mobility_cars,,,avg_days_to_sell,41,days,0,
2026-05-11,DK,bilinfo.dk,mobility_cars,,,implied_cars_added,5712,cars_per_week,0,
2026-05-11,DK,bilinfo.dk,mobility_cars,,,implied_cars_sold,6012,cars_per_week,0,
2026-05-11,DK,bilinfo.dk,mobility_cars,,,supply_cars,47800,listings,0,
2026-05-11,DK,bilinfo.dk,mobility_cars,,,visits,422000,visitors,0,
2026-05-11,DK,biltorvet.dk,mobility_cars,dealer,,listings,39256.2,listings,0,7
2026-05-11,DK,biltorvet.dk,mobility_cars,private,,listings,1446,listings,0,7
2026-05-11,SE,blocket.se,mobility_cars,dealer,,listings,119111.1,listings,0,7
2026-05-11,SE,blocket.se,mobility_cars,dealer,,new_listings,4434.1,listings,0,7
2026-05-11,SE,blocket.se,mobility_cars,dealer,,sample_fraction,0.05,fraction,0,
2026-05-11,SE,blocket.se,mobility_cars,dealer,basis,package_sample_count,5940,sampled_listings,1,
2026-05-11,SE,blocket.se,mobility_cars,dealer,basis,package_share,100,pct,1,
2026-05-11,SE,blocket.se,mobility_cars,dealer,pluss,package_sample_count,0,sampled_listings,1,
2026-05-11,SE,blocket.se,mobility_cars,dealer,pluss,package_share,0,pct,1,
2026-05-11,SE,blocket.se,mobility_cars,dealer,premium,package_sample_count,0,sampled_listings,1,
2026-05-11,SE,blocket.se,mobility_cars,dealer,premium,package_share,0,pct,1,
2026-05-11,SE,blocket.se,mobility_cars,private,,listings,23596.6,listings,0,7
2026-05-11,SE,blocket.se,mobility_cars,private,,new_listings,1141.3,listings,0,7
2026-05-11,SE,blocket.se,mobility_other,dealer,,listings,64828.8,listings,0,3
2026-05-11,SE,blocket.se,mobility_other,private,,listings,24888.6,listings,0,3
2026-05-11,NO,finn.no,jobs_listings,,,listings,19250.3,listings,0,7
2026-05-11,NO,finn.no,jobs_listings,,,new_listings,678.8,listings,0,7
2026-05-11,NO,finn.no,jobs_positions,,,listings,39665.2,listings,0,7
2026-05-11,NO,finn.no,jobs_positions,,,new_listings,1208.1,listings,0,7
2026-05-11,NO,finn.no,mobility_cars,dealer,,listings,54427.9,listings,0,7
2026-05-11,NO,finn.no,mobility_cars,dealer,,new_listings,1292.3,listings,0,7
2026-05-11,NO,finn.no,mobility_cars,dealer,,sample_fraction,0.05,fraction,0,
2026-05-11,NO,finn.no,mobility_cars,dealer,basis,package_sample_count,856,sampled_listings,1,
2026-05-11,NO,finn.no,mobility_cars,dealer,basis,package_share,31.2,pct,1,
2026-05-11,NO,finn.no,mobility_cars,dealer,pluss,package_sample_count,683,sampled_listings,1,
2026-05-11,NO,finn.no,mobility_cars,dealer,pluss,package_share,24.9,pct,1,
2026-05-11,NO,finn.no,mobility_cars,dealer,premium,package_sample_count,1203,sampled_listings,1,
2026-05-11,NO,finn.no,mobility_cars,dealer,premium,package_share,43.9,pct,1,
2026-05-11,NO,finn.no,mobility_cars,private,,listings,16818.9,listings,0,7
2026-05-11,NO,finn.no,mobility_cars,private,,new_listings,799.4,listings,0,7
2026-05-11,NO,finn.no,mobility_other,dealer,,listings,27257.9,listings,0,3
2026-05-11,NO,finn.no,mobility_other,private,,listings,18000.1,listings,0,3
2026-05-11,NO,finn.no,real_estate_homes,,,listings,20412.8,listings,0,7
2026-05-11,NO,finn.no,real_estate_homes,,,new_listings,634,listings,0,7
2026-05-11,NO,hjem.no,real_estate_homes,,,listings,8419,listings,0,7
2026-05-11,SE,tradera.com,mobility_cars,dealer,,listings,36148.6,listings,0,7
2026-05-11,SE,tradera.com,mobility_cars,private,,listings,1994.3,listings,0,7
2026-05-11,SE,wayke.se,mobility_cars,dealer,,listings,51405.3,listings,0,7
2026-05-15,NO,finn.no,real_estate_homes,,large,package_count,12767,listings,0,
2026-05-15,NO,finn.no,real_estate_homes,,large,package_share,62.1,pct,0,
2026-05-15,NO,finn.no,real_estate_homes,,medium,package_count,7160,listings,0,
2026-05-15,NO,finn.no,real_estate_homes,,medium,package_share,34.8,pct,0,
2026-05-15,NO,finn.no,real_estate_homes,,small,package_count,642,listings,0,
2026-05-15,NO,finn.no,real_estate_homes,,small,package_share,3.1,pct,0,
2026-05-17,NO,finn.no,real_estate_homes,,large,package_count,12516,listings,0,
2026-05-17,NO,finn.no,real_estate_homes,,large,package_share,61.9,pct,0,
2026-05-17,NO,finn.no,real_estate_homes,,medium,package_count,7058,listings,0,
2026-05-17,NO,finn.no,real_estate_homes,,medium,package_share,34.9,pct,0,
2026-05-17,NO,finn.no,real_estate_homes,,small,package_count,643,listings,0,
2026-05-17,NO,finn.no,real_estate_homes,,small,package_share,3.2,pct,0,
2026-05-18,DK,bilbasen.dk,mobility_cars,dealer,,listings,43200.3,listings,0,7
2026-05-18,DK,bilbasen.dk,mobility_cars,private,,listings,3577.7,listings,0,7
2026-05-18,DK,bilhandel.dk,mobility_cars,dealer,,listings,23590.8,listings,0,7
2026-05-18,DK,bilhandel.dk,mobility_cars,private,,listings,1949.9,listings,0,7
2026-05-18,DK,bilinfo.dk,mobility_cars,,,adj_days_to_sell,56,days,0,
2026-05-18,DK,bilinfo.dk,mobility_cars,,,avg_days_to_sell,41,days,0,
2026-05-18,DK,bilinfo.dk,mobility_cars,,,implied_cars_added,5775,cars_per_week,0,
2026-05-18,DK,bilinfo.dk,mobility_cars,,,implied_cars_sold,5975,cars_per_week,0,
2026-05-18,DK,bilinfo.dk,mobility_cars,,,supply_cars,47600,listings,0,
2026-05-18,DK,bilinfo.dk,mobility_cars,,,visits,418000,visitors,0,
2026-05-18,DK,biltorvet.dk,mobility_cars,dealer,,listings,39367.7,listings,0,7
2026-05-18,DK,biltorvet.dk,mobility_cars,private,,listings,1471.2,listings,0,7
2026-05-18,SE,blocket.se,mobility_cars,dealer,,listings,119451,listings,0,7
2026-05-18,SE,blocket.se,mobility_cars,dealer,,new_listings,4895.1,listings,0,7
2026-05-18,SE,blocket.se,mobility_cars,dealer,,sample_fraction,0.05,fraction,0,
2026-05-18,SE,blocket.se,mobility_cars,dealer,basis,package_sample_count,5986,sampled_listings,1,
2026-05-18,SE,blocket.se,mobility_cars,dealer,basis,package_share,100,pct,1,
2026-05-18,SE,blocket.se,mobility_cars,dealer,pluss,package_sample_count,0,sampled_listings,1,
2026-05-18,SE,blocket.se,mobility_cars,dealer,pluss,package_share,0,pct,1,
2026-05-18,SE,blocket.se,mobility_cars,dealer,premium,package_sample_count,0,sampled_listings,1,
2026-05-18,SE,blocket.se,mobility_cars,dealer,premium,package_share,0,pct,1,
2026-05-18,SE,blocket.se,mobility_cars,private,,listings,23994.7,listings,0,7
2026-05-18,SE,blocket.se,mobility_cars,private,,new_listings,1145,listings,0,7
2026-05-18,SE,blocket.se,mobility_other,dealer,,listings,64954.5,listings,0,7
2026-05-18,SE,blocket.se,mobility_other,dealer,,new_listings,1375.1,listings,0,7
2026-05-18,SE,blocket.se,mobility_other,private,,listings,25202.1,listings,0,7
2026-05-18,SE,blocket.se,mobility_other,private,,new_listings,1121.4,listings,0,7
2026-05-18,FI,etuovi.com,real_estate_homes,,,listings,53165.7,listings,0,7
2026-05-18,FI,etuovi.com,real_estate_homes,,,new_listings,434.4,listings,0,7
2026-05-18,NO,finn.no,jobs_listings,,,listings,18956.2,listings,0,7
2026-05-18,NO,finn.no,jobs_listings,,,new_listings,790.8,listings,0,7
2026-05-18,NO,finn.no,jobs_positions,,,listings,38794.9,listings,0,7
2026-05-18,NO,finn.no,jobs_positions,,,new_listings,1400.6,listings,0,7
2026-05-18,NO,finn.no,mobility_cars,dealer,,listings,54613.4,listings,0,7
2026-05-18,NO,finn.no,mobility_cars,dealer,,new_listings,1606.4,listings,0,7
2026-05-18,NO,finn.no,mobility_cars,dealer,,sample_fraction,0.05,fraction,0,
2026-05-18,NO,finn.no,mobility_cars,dealer,basis,package_sample_count,886,sampled_listings,1,
2026-05-18,NO,finn.no,mobility_cars,dealer,basis,package_share,32.3,pct,1,
2026-05-18,NO,finn.no,mobility_cars,dealer,pluss,package_sample_count,745,sampled_listings,1,
2026-05-18,NO,finn.no,mobility_cars,dealer,pluss,package_share,27.2,pct,1,
2026-05-18,NO,finn.no,mobility_cars,dealer,premium,package_sample_count,1113,sampled_listings,1,
2026-05-18,NO,finn.no,mobility_cars,dealer,premium,package_share,40.6,pct,1,
2026-05-18,NO,finn.no,mobility_cars,private,,listings,16622.9,listings,0,7
2026-05-18,NO,finn.no,mobility_cars,private,,new_listings,873.2,listings,0,7
2026-05-18,NO,finn.no,mobility_other,dealer,,listings,27158.8,listings,0,6
2026-05-18,NO,finn.no,mobility_other,dealer,,new_listings,533.7,listings,0,6
2026-05-18,NO,finn.no,mobility_other,private,,listings,17971.4,listings,0,6
2026-05-18,NO,finn.no,mobility_other,private,,new_listings,939.2,listings,0,6
2026-05-18,NO,finn.no,real_estate_homes,,,listings,21493.2,listings,0,7
2026-05-18,NO,finn.no,real_estate_homes,,,new_listings,718.4,listings,0,6
2026-05-18,SE,hemnet.se,real_estate_homes,,,listings,37796.1,listings,0,7
2026-05-18,SE,hemnet.se,real_estate_homes,,,new_listings,1976.5,listings,0,7
2026-05-18,SE,hemnet.se,real_estate_homes_upcoming,,,listings,5472.3,listings,0,7
2026-05-18,NO,hjem.no,real_estate_homes,,,listings,8837.6,listings,0,7
2026-05-18,FI,oikotie.fi,real_estate_homes,,,listings,49086.1,listings,0,7
2026-05-18,FI,oikotie.fi,real_estate_homes,,,new_listings,774.6,listings,0,7
2026-05-18,SE,tradera.com,mobility_cars,dealer,,listings,39079.8,listings,0,7
2026-05-18,SE,tradera.com,mobility_cars,private,,listings,2064.1,listings,0,7
2026-05-18,SE,wayke.se,mobility_cars,dealer,,listings,50419.2,listings,0,7
2026-05-24,NO,finn.no,real_estate_homes,,large,package_count,13454,listings,0,
2026-05-24,NO,finn.no,real_estate_homes,,large,package_share,61.6,pct,0,
2026-05-24,NO,finn.no,real_estate_homes,,medium,package_count,7720,listings,0,
2026-05-24,NO,finn.no,real_estate_homes,,medium,package_share,35.4,pct,0,
2026-05-24,NO,finn.no,real_estate_homes,,small,package_count,652,listings,0,
2026-05-24,NO,finn.no,real_estate_homes,,small,package_share,3,pct,0,
2026-05-25,DK,bilbasen.dk,mobility_cars,dealer,,listings,43034.4,listings,0,7
2026-05-25,DK,bilbasen.dk,mobility_cars,private,,listings,3575.4,listings,0,7
2026-05-25,DK,bilhandel.dk,mobility_cars,dealer,,listings,23395.6,listings,0,7
2026-05-25,DK,bilhandel.dk,mobility_cars,private,,listings,1962.6,listings,0,7
2026-05-25,DK,bilinfo.dk,mobility_cars,,,adj_days_to_sell,56,days,0,
2026-05-25,DK,bilinfo.dk,mobility_cars,,,avg_days_to_sell,41,days,0,
2026-05-25,DK,bilinfo.dk,mobility_cars,,,implied_cars_added,5750,cars_per_week,0,
2026-05-25,DK,bilinfo.dk,mobility_cars,,,implied_cars_sold,5950,cars_per_week,0,
2026-05-25,DK,bilinfo.dk,mobility_cars,,,supply_cars,47400,listings,0,
2026-05-25,DK,bilinfo.dk,mobility_cars,,,visits,425000,visitors,0,
2026-05-25,DK,biltorvet.dk,mobility_cars,dealer,,listings,39288.1,listings,0,7
2026-05-25,DK,biltorvet.dk,mobility_cars,private,,listings,1484.4,listings,0,7
2026-05-25,SE,blocket.se,mobility_cars,dealer,,listings,119884.1,listings,0,7
2026-05-25,SE,blocket.se,mobility_cars,dealer,,new_listings,4880.4,listings,0,7
2026-05-25,SE,blocket.se,mobility_cars,dealer,,sample_fraction,0.05,fraction,0,
2026-05-25,SE,blocket.se,mobility_cars,dealer,basis,package_sample_count,3746,sampled_listings,1,
2026-05-25,SE,blocket.se,mobility_cars,dealer,basis,package_share,62.5,pct,1,
2026-05-25,SE,blocket.se,mobility_cars,dealer,pluss,package_sample_count,293,sampled_listings,1,
2026-05-25,SE,blocket.se,mobility_cars,dealer,pluss,package_share,4.9,pct,1,
2026-05-25,SE,blocket.se,mobility_cars,dealer,premium,package_sample_count,1957,sampled_listings,1,
2026-05-25,SE,blocket.se,mobility_cars,dealer,premium,package_share,32.6,pct,1,
2026-05-25,SE,blocket.se,mobility_cars,private,,listings,24498.9,listings,0,7
2026-05-25,SE,blocket.se,mobility_cars,private,,new_listings,1243.7,listings,0,7
2026-05-25,SE,blocket.se,mobility_other,dealer,,listings,65339,listings,0,7
2026-05-25,SE,blocket.se,mobility_other,dealer,,new_listings,1350.4,listings,0,7
2026-05-25,SE,blocket.se,mobility_other,private,,listings,25647,listings,0,7
2026-05-25,SE,blocket.se,mobility_other,private,,new_listings,1187.6,listings,0,7
2026-05-25,FI,etuovi.com,real_estate_homes,,,listings,53475.3,listings,0,7
2026-05-25,FI,etuovi.com,real_estate_homes,,,new_listings,442.3,listings,0,7
2026-05-25,NO,finn.no,jobs_listings,,,listings,17757.2,listings,0,6
2026-05-25,NO,finn.no,jobs_listings,,,new_listings,704.3,listings,0,6
2026-05-25,NO,finn.no,jobs_positions,,,listings,36389.7,listings,0,6
2026-05-25,NO,finn.no,jobs_positions,,,new_listings,1288.2,listings,0,6
2026-05-25,NO,finn.no,mobility_cars,dealer,,listings,54414.3,listings,0,6
2026-05-25,NO,finn.no,mobility_cars,dealer,,new_listings,1478.7,listings,0,6
2026-05-25,NO,finn.no,mobility_cars,dealer,,sample_fraction,0.05,fraction,0,
2026-05-25,NO,finn.no,mobility_cars,dealer,basis,package_sample_count,796,sampled_listings,1,
2026-05-25,NO,finn.no,mobility_cars,dealer,basis,package_share,29,pct,1,
2026-05-25,NO,finn.no,mobility_cars,dealer,pluss,package_sample_count,862,sampled_listings,1,
2026-05-25,NO,finn.no,mobility_cars,dealer,pluss,package_share,31.4,pct,1,
2026-05-25,NO,finn.no,mobility_cars,dealer,premium,package_sample_count,1085,sampled_listings,1,
2026-05-25,NO,finn.no,mobility_cars,dealer,premium,package_share,39.6,pct,1,
2026-05-25,NO,finn.no,mobility_cars,private,,listings,16935.8,listings,0,6
2026-05-25,NO,finn.no,mobility_cars,private,,new_listings,900.5,listings,0,6
2026-05-25,NO,finn.no,mobility_other,dealer,,listings,27038.3,listings,0,7
2026-05-25,NO,finn.no,mobility_other,dealer,,new_listings,482.7,listings,0,7
2026-05-25,NO,finn.no,mobility_other,private,,listings,18242.6,listings,0,7
2026-05-25,NO,finn.no,mobility_other,private,,new_listings,1012.6,listings,0,7
2026-05-25,NO,finn.no,real_estate_homes,,,listings,22233.5,listings,0,6
2026-05-25,NO,finn.no,real_estate_homes,,,new_listings,716.7,listings,0,6
2026-05-25,NO,finn.no,real_estate_other,,,listings,27556,listings,0,4
2026-05-25,NO,finn.no,real_estate_other,,,new_listings,544,listings,0,4
2026-05-25,SE,hemnet.se,real_estate_homes,,,listings,38034.4,listings,0,7
2026-05-25,SE,hemnet.se,real_estate_homes,,,new_listings,1943.1,listings,0,7
2026-05-25,SE,hemnet.se,real_estate_homes_upcoming,,,listings,5394.3,listings,0,7
2026-05-25,NO,hjem.no,real_estate_homes,,,listings,9305.6,listings,0,7
2026-05-25,FI,oikotie.fi,real_estate_homes,,,listings,49305.7,listings,0,7
2026-05-25,FI,oikotie.fi,real_estate_homes,,,new_listings,760.9,listings,0,7
2026-05-25,SE,tradera.com,mobility_cars,dealer,,listings,40748.2,listings,0,6
2026-05-25,SE,tradera.com,mobility_cars,private,,listings,2101.3,listings,0,7
2026-05-25,SE,wayke.se,mobility_cars,dealer,,listings,50491.3,listings,0,7
2026-05-31,NO,finn.no,real_estate_homes,,large,package_count,13666,listings,0,
2026-05-31,NO,finn.no,real_estate_homes,,large,package_share,61.1,pct,0,
2026-05-31,NO,finn.no,real_estate_homes,,medium,package_count,8056,listings,0,
2026-05-31,NO,finn.no,real_estate_homes,,medium,package_share,36,pct,0,
2026-05-31,NO,finn.no,real_estate_homes,,small,package_count,656,listings,0,
2026-05-31,NO,finn.no,real_estate_homes,,small,package_share,2.9,pct,0,
2026-06-01,DK,bilbasen.dk,mobility_cars,dealer,,listings,43447.7,listings,0,7
2026-06-01,DK,bilbasen.dk,mobility_cars,private,,listings,3555,listings,0,7
2026-06-01,DK,bilhandel.dk,mobility_cars,dealer,,listings,23645.1,listings,0,7
2026-06-01,DK,bilhandel.dk,mobility_cars,private,,listings,1960,listings,0,7
2026-06-01,DK,bilinfo.dk,mobility_cars,,,adj_days_to_sell,56,days,0,
2026-06-01,DK,bilinfo.dk,mobility_cars,,,avg_days_to_sell,41,days,0,
2026-06-01,DK,bilinfo.dk,mobility_cars,,,implied_cars_added,5725,cars_per_week,0,
2026-06-01,DK,bilinfo.dk,mobility_cars,,,implied_cars_sold,5925,cars_per_week,0,
2026-06-01,DK,bilinfo.dk,mobility_cars,,,supply_cars,47200,listings,0,
2026-06-01,DK,bilinfo.dk,mobility_cars,,,visits,419000,visitors,0,
2026-06-01,DK,biltorvet.dk,mobility_cars,dealer,,listings,39187.4,listings,0,7
2026-06-01,DK,biltorvet.dk,mobility_cars,private,,listings,1476.6,listings,0,7
2026-06-01,SE,blocket.se,mobility_cars,dealer,,listings,121616.1,listings,0,7
2026-06-01,SE,blocket.se,mobility_cars,dealer,,new_listings,4903.4,listings,0,7
2026-06-01,SE,blocket.se,mobility_cars,dealer,,sample_fraction,0.05,fraction,0,
2026-06-01,SE,blocket.se,mobility_cars,dealer,basis,package_sample_count,3834,sampled_listings,1,
2026-06-01,SE,blocket.se,mobility_cars,dealer,basis,package_share,62.6,pct,1,
2026-06-01,SE,blocket.se,mobility_cars,dealer,pluss,package_sample_count,373,sampled_listings,1,
2026-06-01,SE,blocket.se,mobility_cars,dealer,pluss,package_share,6.1,pct,1,
2026-06-01,SE,blocket.se,mobility_cars,dealer,premium,package_sample_count,1913,sampled_listings,1,
2026-06-01,SE,blocket.se,mobility_cars,dealer,premium,package_share,31.3,pct,1,
2026-06-01,SE,blocket.se,mobility_cars,private,,listings,24897.7,listings,0,7
2026-06-01,SE,blocket.se,mobility_cars,private,,new_listings,1187,listings,0,7
2026-06-01,SE,blocket.se,mobility_other,dealer,,listings,66056.3,listings,0,7
2026-06-01,SE,blocket.se,mobility_other,dealer,,new_listings,1410.6,listings,0,7
2026-06-01,SE,blocket.se,mobility_other,private,,listings,25868.6,listings,0,7
2026-06-01,SE,blocket.se,mobility_other,private,,new_listings,1105.7,listings,0,7
2026-06-01,FI,etuovi.com,real_estate_homes,,,listings,53709.3,listings,0,7
2026-06-01,FI,etuovi.com,real_estate_homes,,,new_listings,451.7,listings,0,7
2026-06-01,NO,finn.no,jobs_listings,,,listings,16637,listings,0,7
2026-06-01,NO,finn.no,jobs_listings,,,new_listings,739,listings,0,7
2026-06-01,NO,finn.no,jobs_positions,,,listings,33451.3,listings,0,7
2026-06-01,NO,finn.no,jobs_positions,,,new_listings,1351.1,listings,0,7
2026-06-01,NO,finn.no,mobility_cars,dealer,,listings,54792.6,listings,0,7
2026-06-01,NO,finn.no,mobility_cars,dealer,,new_listings,1627.3,listings,0,7
2026-06-01,NO,finn.no,mobility_cars,dealer,,sample_fraction,0.05,fraction,0,
2026-06-01,NO,finn.no,mobility_cars,dealer,basis,package_sample_count,806,sampled_listings,1,
2026-06-01,NO,finn.no,mobility_cars,dealer,basis,package_share,29.2,pct,1,
2026-06-01,NO,finn.no,mobility_cars,dealer,pluss,package_sample_count,810,sampled_listings,1,
2026-06-01,NO,finn.no,mobility_cars,dealer,pluss,package_share,29.4,pct,1,
2026-06-01,NO,finn.no,mobility_cars,dealer,premium,package_sample_count,1143,sampled_listings,1,
2026-06-01,NO,finn.no,mobility_cars,dealer,premium,package_share,41.4,pct,1,
2026-06-01,NO,finn.no,mobility_cars,private,,listings,16925,listings,0,7
2026-06-01,NO,finn.no,mobility_cars,private,,new_listings,861.7,listings,0,7
2026-06-01,NO,finn.no,mobility_other,dealer,,listings,27131.9,listings,0,7
2026-06-01,NO,finn.no,mobility_other,dealer,,new_listings,577.7,listings,0,7
2026-06-01,NO,finn.no,mobility_other,private,,listings,18313.3,listings,0,7
2026-06-01,NO,finn.no,mobility_other,private,,new_listings,943.9,listings,0,7
2026-06-01,NO,finn.no,real_estate_homes,,,listings,22922,listings,0,7
2026-06-01,NO,finn.no,real_estate_homes,,,new_listings,770.6,listings,0,7
2026-06-01,NO,finn.no,real_estate_other,,,listings,27918.4,listings,0,7
2026-06-01,NO,finn.no,real_estate_other,,,new_listings,665.9,listings,0,7
2026-06-01,SE,hemnet.se,real_estate_homes,,,listings,38221.1,listings,0,7
2026-06-01,SE,hemnet.se,real_estate_homes,,,new_listings,1893.9,listings,0,7
2026-06-01,SE,hemnet.se,real_estate_homes_upcoming,,,listings,5327.7,listings,0,7
2026-06-01,NO,hjem.no,real_estate_homes,,,listings,9645.4,listings,0,7
2026-06-01,FI,oikotie.fi,real_estate_homes,,,listings,49618,listings,0,7
2026-06-01,FI,oikotie.fi,real_estate_homes,,,new_listings,773.3,listings,0,7
2026-06-01,SE,tradera.com,mobility_cars,dealer,,listings,42300.3,listings,0,7
2026-06-01,SE,tradera.com,mobility_cars,private,,listings,2159.9,listings,0,7
2026-06-01,SE,wayke.se,mobility_cars,dealer,,listings,51197.4,listings,0,7
2026-06-07,NO,finn.no,real_estate_homes,,large,package_count,14139,listings,0,
2026-06-07,NO,finn.no,real_estate_homes,,large,package_share,61.3,pct,0,
2026-06-07,NO,finn.no,real_estate_homes,,medium,package_count,8262,listings,0,
2026-06-07,NO,finn.no,real_estate_homes,,medium,package_share,35.8,pct,0,
2026-06-07,NO,finn.no,real_estate_homes,,small,package_count,654,listings,0,
2026-06-07,NO,finn.no,real_estate_homes,,small,package_share,2.8,pct,0,
2026-06-08,DK,bilbasen.dk,mobility_cars,dealer,,listings,43546.6,listings,0,7
2026-06-08,DK,bilbasen.dk,mobility_cars,private,,listings,3601.6,listings,0,7
2026-06-08,DK,bilhandel.dk,mobility_cars,dealer,,listings,24156.1,listings,0,7
2026-06-08,DK,bilhandel.dk,mobility_cars,private,,listings,1981.1,listings,0,7
2026-06-08,DK,bilinfo.dk,mobility_cars,,,adj_days_to_sell,56,days,0,
2026-06-08,DK,bilinfo.dk,mobility_cars,,,avg_days_to_sell,56,days,0,
2026-06-08,DK,bilinfo.dk,mobility_cars,,,implied_cars_added,6100,cars_per_week,0,
2026-06-08,DK,bilinfo.dk,mobility_cars,,,implied_cars_sold,5900,cars_per_week,0,
2026-06-08,DK,bilinfo.dk,mobility_cars,,,supply_cars,47400,listings,0,
2026-06-08,DK,bilinfo.dk,mobility_cars,,,visits,427000,visitors,0,
2026-06-08,DK,biltorvet.dk,mobility_cars,dealer,,listings,39440.8,listings,0,6
2026-06-08,DK,biltorvet.dk,mobility_cars,private,,listings,1513.2,listings,0,6
2026-06-08,SE,blocket.se,mobility_cars,dealer,,listings,123085.7,listings,0,7
2026-06-08,SE,blocket.se,mobility_cars,dealer,,new_listings,4619,listings,0,7
2026-06-08,SE,blocket.se,mobility_cars,dealer,,sample_fraction,0.05,fraction,0,
2026-06-08,SE,blocket.se,mobility_cars,dealer,basis,package_sample_count,3842,sampled_listings,1,
2026-06-08,SE,blocket.se,mobility_cars,dealer,basis,package_share,62.5,pct,1,
2026-06-08,SE,blocket.se,mobility_cars,dealer,pluss,package_sample_count,343,sampled_listings,1,
2026-06-08,SE,blocket.se,mobility_cars,dealer,pluss,package_share,5.6,pct,1,
2026-06-08,SE,blocket.se,mobility_cars,dealer,premium,package_sample_count,1966,sampled_listings,1,
2026-06-08,SE,blocket.se,mobility_cars,dealer,premium,package_share,32,pct,1,
2026-06-08,SE,blocket.se,mobility_cars,private,,listings,24888.3,listings,0,7
2026-06-08,SE,blocket.se,mobility_cars,private,,new_listings,1142.7,listings,0,7
2026-06-08,SE,blocket.se,mobility_other,dealer,,listings,66055.9,listings,0,7
2026-06-08,SE,blocket.se,mobility_other,dealer,,new_listings,1391.4,listings,0,7
2026-06-08,SE,blocket.se,mobility_other,private,,listings,25732.6,listings,0,7
2026-06-08,SE,blocket.se,mobility_other,private,,new_listings,1080,listings,0,7
2026-06-08,FI,etuovi.com,real_estate_homes,,,listings,54315.4,listings,0,7
2026-06-08,FI,etuovi.com,real_estate_homes,,,new_listings,429.9,listings,0,7
2026-06-08,NO,finn.no,jobs_listings,,,listings,16313.7,listings,0,7
2026-06-08,NO,finn.no,jobs_listings,,,new_listings,615.3,listings,0,7
2026-06-08,NO,finn.no,jobs_positions,,,listings,32838.4,listings,0,7
2026-06-08,NO,finn.no,jobs_positions,,,new_listings,1137.3,listings,0,7
2026-06-08,NO,finn.no,mobility_cars,dealer,,listings,55060.6,listings,0,7
2026-06-08,NO,finn.no,mobility_cars,dealer,,new_listings,1568.1,listings,0,7
2026-06-08,NO,finn.no,mobility_cars,dealer,,sample_fraction,0.05,fraction,0,
2026-06-08,NO,finn.no,mobility_cars,dealer,basis,package_sample_count,841,sampled_listings,1,
2026-06-08,NO,finn.no,mobility_cars,dealer,basis,package_share,30.5,pct,1,
2026-06-08,NO,finn.no,mobility_cars,dealer,pluss,package_sample_count,787,sampled_listings,1,
2026-06-08,NO,finn.no,mobility_cars,dealer,pluss,package_share,28.5,pct,1,
2026-06-08,NO,finn.no,mobility_cars,dealer,premium,package_sample_count,1132,sampled_listings,1,
2026-06-08,NO,finn.no,mobility_cars,dealer,premium,package_share,41,pct,1,
2026-06-08,NO,finn.no,mobility_cars,private,,listings,16888.1,listings,0,7
2026-06-08,NO,finn.no,mobility_cars,private,,new_listings,920.7,listings,0,7
2026-06-08,NO,finn.no,mobility_other,dealer,,listings,27266,listings,0,7
2026-06-08,NO,finn.no,mobility_other,dealer,,new_listings,601.3,listings,0,7
2026-06-08,NO,finn.no,mobility_other,private,,listings,18214.6,listings,0,7
2026-06-08,NO,finn.no,mobility_other,private,,new_listings,930.3,listings,0,7
2026-06-08,NO,finn.no,real_estate_homes,,,listings,23528.6,listings,0,7
2026-06-08,NO,finn.no,real_estate_homes,,,new_listings,720.6,listings,0,7
2026-06-08,NO,finn.no,real_estate_other,,,listings,28175,listings,0,7
2026-06-08,NO,finn.no,real_estate_other,,,new_listings,600.3,listings,0,7
2026-06-08,SE,hemnet.se,real_estate_homes,,,listings,37566.9,listings,0,7
2026-06-08,SE,hemnet.se,real_estate_homes,,,new_listings,1565,listings,0,7
2026-06-08,SE,hemnet.se,real_estate_homes_upcoming,,,listings,5460.6,listings,0,7
2026-06-08,NO,hjem.no,real_estate_homes,,,listings,9876.4,listings,0,7
2026-06-08,FI,oikotie.fi,real_estate_homes,,,listings,50252.4,listings,0,7
2026-06-08,FI,oikotie.fi,real_estate_homes,,,new_listings,747.4,listings,0,7
2026-06-08,SE,tradera.com,mobility_cars,dealer,,listings,43033.7,listings,0,7
2026-06-08,SE,tradera.com,mobility_cars,private,,listings,2187.6,listings,0,7
2026-06-08,SE,wayke.se,mobility_cars,dealer,,listings,52192.9,listings,0,7
2026-06-14,NO,finn.no,real_estate_homes,,large,package_count,14404,listings,0,
2026-06-14,NO,finn.no,real_estate_homes,,large,package_share,61.6,pct,0,
2026-06-14,NO,finn.no,real_estate_homes,,medium,package_count,8307,listings,0,
2026-06-14,NO,finn.no,real_estate_homes,,medium,package_share,35.6,pct,0,
2026-06-14,NO,finn.no,real_estate_homes,,small,package_count,656,listings,0,
2026-06-14,NO,finn.no,real_estate_homes,,small,package_share,2.8,pct,0,
2026-06-15,DK,bilbasen.dk,mobility_cars,dealer,,listings,43896.1,listings,0,7
2026-06-15,DK,bilbasen.dk,mobility_cars,private,,listings,3625.4,listings,0,7
2026-06-15,DK,bilhandel.dk,mobility_cars,dealer,,listings,24710.4,listings,0,7
2026-06-15,DK,bilhandel.dk,mobility_cars,private,,listings,1996,listings,0,7
2026-06-15,DK,bilinfo.dk,mobility_cars,,,adj_days_to_sell,56,days,0,
2026-06-15,DK,bilinfo.dk,mobility_cars,,,avg_days_to_sell,56,days,0,
2026-06-15,DK,bilinfo.dk,mobility_cars,,,implied_cars_added,6125,cars_per_week,0,
2026-06-15,DK,bilinfo.dk,mobility_cars,,,implied_cars_sold,5925,cars_per_week,0,
2026-06-15,DK,bilinfo.dk,mobility_cars,,,supply_cars,47600,listings,0,
2026-06-15,DK,bilinfo.dk,mobility_cars,,,visits,421000,visitors,0,
2026-06-15,DK,biltorvet.dk,mobility_cars,dealer,,listings,39825.3,listings,0,7
2026-06-15,DK,biltorvet.dk,mobility_cars,private,,listings,1521.3,listings,0,7
2026-06-15,SE,blocket.se,mobility_cars,dealer,,listings,123401.3,listings,0,7
2026-06-15,SE,blocket.se,mobility_cars,dealer,,new_listings,3529.9,listings,0,7
2026-06-15,SE,blocket.se,mobility_cars,dealer,,sample_fraction,0.05,fraction,0,
2026-06-15,SE,blocket.se,mobility_cars,dealer,basis,package_sample_count,3872,sampled_listings,1,
2026-06-15,SE,blocket.se,mobility_cars,dealer,basis,package_share,62.5,pct,1,
2026-06-15,SE,blocket.se,mobility_cars,dealer,pluss,package_sample_count,304,sampled_listings,1,
2026-06-15,SE,blocket.se,mobility_cars,dealer,pluss,package_share,4.9,pct,1,
2026-06-15,SE,blocket.se,mobility_cars,dealer,premium,package_sample_count,2023,sampled_listings,1,
2026-06-15,SE,blocket.se,mobility_cars,dealer,premium,package_share,32.6,pct,1,
2026-06-15,SE,blocket.se,mobility_cars,private,,listings,24304.4,listings,0,7
2026-06-15,SE,blocket.se,mobility_cars,private,,new_listings,959.7,listings,0,6
2026-06-15,SE,blocket.se,mobility_other,dealer,,listings,65674.4,listings,0,7
2026-06-15,SE,blocket.se,mobility_other,dealer,,new_listings,1248.1,listings,0,7
2026-06-15,SE,blocket.se,mobility_other,private,,listings,25006.4,listings,0,7
2026-06-15,SE,blocket.se,mobility_other,private,,new_listings,905,listings,0,7
2026-06-15,FI,etuovi.com,real_estate_homes,,,listings,54442.3,listings,0,7
2026-06-15,FI,etuovi.com,real_estate_homes,,,new_listings,304.3,listings,0,7
2026-06-15,NO,finn.no,jobs_listings,,,listings,15125.3,listings,0,7
2026-06-15,NO,finn.no,jobs_listings,,,new_listings,566.1,listings,0,7
2026-06-15,NO,finn.no,jobs_positions,,,listings,31122.4,listings,0,7
2026-06-15,NO,finn.no,jobs_positions,,,new_listings,1091.3,listings,0,7
2026-06-15,NO,finn.no,mobility_cars,dealer,,listings,54985.4,listings,0,7
2026-06-15,NO,finn.no,mobility_cars,dealer,,new_listings,1534.1,listings,0,7
2026-06-15,NO,finn.no,mobility_cars,dealer,,sample_fraction,0.05,fraction,0,
2026-06-15,NO,finn.no,mobility_cars,dealer,basis,package_sample_count,818,sampled_listings,1,
2026-06-15,NO,finn.no,mobility_cars,dealer,basis,package_share,29.6,pct,1,
2026-06-15,NO,finn.no,mobility_cars,dealer,pluss,package_sample_count,820,sampled_listings,1,
2026-06-15,NO,finn.no,mobility_cars,dealer,pluss,package_share,29.7,pct,1,
2026-06-15,NO,finn.no,mobility_cars,dealer,premium,package_sample_count,1126,sampled_listings,1,
2026-06-15,NO,finn.no,mobility_cars,dealer,premium,package_share,40.7,pct,1,
2026-06-15,NO,finn.no,mobility_cars,private,,listings,16911.3,listings,0,7
2026-06-15,NO,finn.no,mobility_cars,private,,new_listings,892.6,listings,0,7
2026-06-15,NO,finn.no,mobility_other,dealer,,listings,27175.9,listings,0,7
2026-06-15,NO,finn.no,mobility_other,dealer,,new_listings,551.7,listings,0,7
2026-06-15,NO,finn.no,mobility_other,private,,listings,18150.4,listings,0,7
2026-06-15,NO,finn.no,mobility_other,private,,new_listings,958.9,listings,0,7
2026-06-15,NO,finn.no,real_estate_homes,,,listings,23603.3,listings,0,7
2026-06-15,NO,finn.no,real_estate_homes,,,new_listings,624.1,listings,0,7
2026-06-15,NO,finn.no,real_estate_other,,,listings,28213,listings,0,7
2026-06-15,NO,finn.no,real_estate_other,,,new_listings,579.9,listings,0,7
2026-06-15,SE,hemnet.se,real_estate_homes,,,listings,36017,listings,0,7
2026-06-15,SE,hemnet.se,real_estate_homes,,,new_listings,1257.6,listings,0,7
2026-06-15,SE,hemnet.se,real_estate_homes_upcoming,,,listings,5945.4,listings,0,7
2026-06-15,NO,hjem.no,real_estate_homes,,,listings,9851.7,listings,0,7
2026-06-15,FI,oikotie.fi,real_estate_homes,,,listings,50376.6,listings,0,7
2026-06-15,FI,oikotie.fi,real_estate_homes,,,new_listings,515.7,listings,0,7
2026-06-15,SE,tradera.com,mobility_cars,dealer,,listings,43710.7,listings,0,7
2026-06-15,SE,tradera.com,mobility_cars,private,,listings,2214.9,listings,0,7
2026-06-15,SE,wayke.se,mobility_cars,dealer,,listings,52480.1,listings,0,7
2026-06-21,NO,finn.no,real_estate_homes,,large,package_count,14387,listings,0,
2026-06-21,NO,finn.no,real_estate_homes,,large,package_share,61.9,pct,0,
2026-06-21,NO,finn.no,real_estate_homes,,medium,package_count,8200,listings,0,
2026-06-21,NO,finn.no,real_estate_homes,,medium,package_share,35.3,pct,0,
2026-06-21,NO,finn.no,real_estate_homes,,small,package_count,656,listings,0,
2026-06-21,NO,finn.no,real_estate_homes,,small,package_share,2.8,pct,0,
2026-06-22,DK,bilbasen.dk,mobility_cars,private,,listings,3555,listings,0,7
2026-06-22,DK,bilhandel.dk,mobility_cars,dealer,,listings,25285.9,listings,0,7
2026-06-22,DK,bilhandel.dk,mobility_cars,private,,listings,2003.4,listings,0,7
2026-06-22,DK,bilinfo.dk,mobility_cars,,,adj_days_to_sell,56,days,0,
2026-06-22,DK,bilinfo.dk,mobility_cars,,,avg_days_to_sell,56,days,0,
2026-06-22,DK,bilinfo.dk,mobility_cars,,,implied_cars_added,6550,cars_per_week,0,
2026-06-22,DK,bilinfo.dk,mobility_cars,,,implied_cars_sold,5950,cars_per_week,0,
2026-06-22,DK,bilinfo.dk,mobility_cars,,,supply_cars,48200,listings,0,
2026-06-22,DK,bilinfo.dk,mobility_cars,,,visits,426000,visitors,0,
2026-06-22,DK,biltorvet.dk,mobility_cars,dealer,,listings,40702.3,listings,0,7
2026-06-22,DK,biltorvet.dk,mobility_cars,private,,listings,1491.3,listings,0,7
2026-06-22,SE,blocket.se,mobility_cars,dealer,,listings,124095.9,listings,0,7
2026-06-22,SE,blocket.se,mobility_cars,dealer,,new_listings,4655.4,listings,0,7
2026-06-22,SE,blocket.se,mobility_cars,dealer,,sample_fraction,0.05,fraction,0,
2026-06-22,SE,blocket.se,mobility_cars,dealer,basis,package_sample_count,3886,sampled_listings,1,
2026-06-22,SE,blocket.se,mobility_cars,dealer,basis,package_share,62.7,pct,1,
2026-06-22,SE,blocket.se,mobility_cars,dealer,pluss,package_sample_count,331,sampled_listings,1,
2026-06-22,SE,blocket.se,mobility_cars,dealer,pluss,package_share,5.3,pct,1,
2026-06-22,SE,blocket.se,mobility_cars,dealer,premium,package_sample_count,1979,sampled_listings,1,
2026-06-22,SE,blocket.se,mobility_cars,dealer,premium,package_share,31.9,pct,1,
2026-06-22,SE,blocket.se,mobility_cars,private,,listings,24191.1,listings,0,7
2026-06-22,SE,blocket.se,mobility_cars,private,,new_listings,1150.3,listings,0,7
2026-06-22,SE,blocket.se,mobility_other,dealer,,listings,65325.3,listings,0,7
2026-06-22,SE,blocket.se,mobility_other,dealer,,new_listings,1432.9,listings,0,7
2026-06-22,SE,blocket.se,mobility_other,private,,listings,24806.3,listings,0,7
2026-06-22,SE,blocket.se,mobility_other,private,,new_listings,1072.3,listings,0,7
2026-06-22,FI,etuovi.com,real_estate_homes,,,listings,54606.9,listings,0,7
2026-06-22,FI,etuovi.com,real_estate_homes,,,new_listings,355.1,listings,0,7
2026-06-22,NO,finn.no,jobs_listings,,,listings,14517.9,listings,0,7
2026-06-22,NO,finn.no,jobs_listings,,,new_listings,582.4,listings,0,7
2026-06-22,NO,finn.no,jobs_positions,,,listings,30071.1,listings,0,7
2026-06-22,NO,finn.no,jobs_positions,,,new_listings,1004,listings,0,7
2026-06-22,NO,finn.no,mobility_cars,dealer,,listings,54774.7,listings,0,7
2026-06-22,NO,finn.no,mobility_cars,dealer,,new_listings,1446,listings,0,7
2026-06-22,NO,finn.no,mobility_cars,dealer,,sample_fraction,0.05,fraction,0,
2026-06-22,NO,finn.no,mobility_cars,dealer,basis,package_sample_count,831,sampled_listings,1,
2026-06-22,NO,finn.no,mobility_cars,dealer,basis,package_share,30.3,pct,1,
2026-06-22,NO,finn.no,mobility_cars,dealer,pluss,package_sample_count,865,sampled_listings,1,
2026-06-22,NO,finn.no,mobility_cars,dealer,pluss,package_share,31.5,pct,1,
2026-06-22,NO,finn.no,mobility_cars,dealer,premium,package_sample_count,1051,sampled_listings,1,
2026-06-22,NO,finn.no,mobility_cars,dealer,premium,package_share,38.3,pct,1,
2026-06-22,NO,finn.no,mobility_cars,private,,listings,16692.7,listings,0,7
2026-06-22,NO,finn.no,mobility_cars,private,,new_listings,820,listings,0,7
2026-06-22,NO,finn.no,mobility_other,dealer,,listings,27028.3,listings,0,7
2026-06-22,NO,finn.no,mobility_other,dealer,,new_listings,510.1,listings,0,7
2026-06-22,NO,finn.no,mobility_other,private,,listings,17858,listings,0,7
2026-06-22,NO,finn.no,mobility_other,private,,new_listings,903.9,listings,0,7
2026-06-22,NO,finn.no,real_estate_homes,,,listings,22679.3,listings,0,7
2026-06-22,NO,finn.no,real_estate_homes,,,new_listings,379,listings,0,7
2026-06-22,NO,finn.no,real_estate_other,,,listings,28180,listings,0,7
2026-06-22,NO,finn.no,real_estate_other,,,new_listings,520.7,listings,0,7
2026-06-22,SE,hemnet.se,real_estate_homes,,,listings,34741.9,listings,0,7
2026-06-22,SE,hemnet.se,real_estate_homes,,,new_listings,1316.6,listings,0,7
2026-06-22,SE,hemnet.se,real_estate_homes_upcoming,,,listings,6212.4,listings,0,7
2026-06-22,NO,hjem.no,real_estate_homes,,,listings,8830.1,listings,0,7
2026-06-22,FI,oikotie.fi,real_estate_homes,,,listings,50501.9,listings,0,7
2026-06-22,FI,oikotie.fi,real_estate_homes,,,new_listings,641,listings,0,7
2026-06-22,SE,tradera.com,mobility_cars,dealer,,listings,44312.4,listings,0,7
2026-06-22,SE,tradera.com,mobility_cars,private,,listings,2222.9,listings,0,7
2026-06-22,SE,wayke.se,mobility_cars,dealer,,listings,52698.7,listings,0,7
2026-06-28,NO,finn.no,real_estate_homes,,large,package_count,13610,listings,0,
2026-06-28,NO,finn.no,real_estate_homes,,large,package_share,62.4,pct,0,
2026-06-28,NO,finn.no,real_estate_homes,,medium,package_count,7548,listings,0,
2026-06-28,NO,finn.no,real_estate_homes,,medium,package_share,34.6,pct,0,
2026-06-28,NO,finn.no,real_estate_homes,,small,package_count,657,listings,0,
2026-06-28,NO,finn.no,real_estate_homes,,small,package_share,3,pct,0,
2026-06-29,DK,bilbasen.dk,mobility_cars,private,,listings,3437.9,listings,0,7
2026-06-29,DK,bilhandel.dk,mobility_cars,dealer,,listings,25169.7,listings,0,7
2026-06-29,DK,bilhandel.dk,mobility_cars,private,,listings,2001.1,listings,0,7
2026-06-29,DK,bilinfo.dk,mobility_cars,,,adj_days_to_sell,56,days,0,
2026-06-29,DK,bilinfo.dk,mobility_cars,,,implied_cars_added,6458,cars_per_week,0,
2026-06-29,DK,bilinfo.dk,mobility_cars,,,implied_cars_sold,6025,cars_per_week,0,
2026-06-29,DK,bilinfo.dk,mobility_cars,,,supply_cars,48633,listings,0,
2026-06-29,DK,biltorvet.dk,mobility_cars,dealer,,listings,41715.9,listings,0,7
2026-06-29,DK,biltorvet.dk,mobility_cars,private,,listings,1494.7,listings,0,7
2026-06-29,SE,blocket.se,mobility_cars,dealer,,listings,123052.9,listings,0,7
2026-06-29,SE,blocket.se,mobility_cars,dealer,,new_listings,4261.6,listings,0,7
2026-06-29,SE,blocket.se,mobility_cars,dealer,,sample_fraction,0.05,fraction,0,
2026-06-29,SE,blocket.se,mobility_cars,dealer,basis,package_sample_count,3751,sampled_listings,1,
2026-06-29,SE,blocket.se,mobility_cars,dealer,basis,package_share,61.1,pct,1,
2026-06-29,SE,blocket.se,mobility_cars,dealer,pluss,package_sample_count,331,sampled_listings,1,
2026-06-29,SE,blocket.se,mobility_cars,dealer,pluss,package_share,5.4,pct,1,
2026-06-29,SE,blocket.se,mobility_cars,dealer,premium,package_sample_count,2056,sampled_listings,1,
2026-06-29,SE,blocket.se,mobility_cars,dealer,premium,package_share,33.5,pct,1,
2026-06-29,SE,blocket.se,mobility_cars,private,,listings,23893.3,listings,0,7
2026-06-29,SE,blocket.se,mobility_cars,private,,new_listings,1140.3,listings,0,7
2026-06-29,SE,blocket.se,mobility_other,dealer,,listings,64746.6,listings,0,7
2026-06-29,SE,blocket.se,mobility_other,dealer,,new_listings,1366.4,listings,0,7
2026-06-29,SE,blocket.se,mobility_other,private,,listings,24251.4,listings,0,7
2026-06-29,SE,blocket.se,mobility_other,private,,new_listings,1066,listings,0,7
2026-06-29,FI,etuovi.com,real_estate_homes,,,listings,54388,listings,0,7
2026-06-29,FI,etuovi.com,real_estate_homes,,,new_listings,364.9,listings,0,7
2026-06-29,NO,finn.no,jobs_listings,,,listings,15051.6,listings,0,7
2026-06-29,NO,finn.no,jobs_listings,,,new_listings,744,listings,0,7
2026-06-29,NO,finn.no,jobs_positions,,,listings,30073.9,listings,0,7
2026-06-29,NO,finn.no,jobs_positions,,,new_listings,1331.1,listings,0,7
2026-06-29,NO,finn.no,mobility_cars,dealer,,listings,54457.9,listings,0,7
2026-06-29,NO,finn.no,mobility_cars,dealer,,new_listings,1433.6,listings,0,7
2026-06-29,NO,finn.no,mobility_cars,dealer,,sample_fraction,0.05,fraction,0,
2026-06-29,NO,finn.no,mobility_cars,dealer,basis,package_sample_count,782,sampled_listings,1,
2026-06-29,NO,finn.no,mobility_cars,dealer,basis,package_share,28.6,pct,1,
2026-06-29,NO,finn.no,mobility_cars,dealer,pluss,package_sample_count,801,sampled_listings,1,
2026-06-29,NO,finn.no,mobility_cars,dealer,pluss,package_share,29.3,pct,1,
2026-06-29,NO,finn.no,mobility_cars,dealer,premium,package_sample_count,1148,sampled_listings,1,
2026-06-29,NO,finn.no,mobility_cars,dealer,premium,package_share,42,pct,1,
2026-06-29,NO,finn.no,mobility_cars,private,,listings,16256.3,listings,0,7
2026-06-29,NO,finn.no,mobility_cars,private,,new_listings,785.9,listings,0,7
2026-06-29,NO,finn.no,mobility_other,dealer,,listings,27083,listings,0,7
2026-06-29,NO,finn.no,mobility_other,dealer,,new_listings,498.1,listings,0,7
2026-06-29,NO,finn.no,mobility_other,private,,listings,17396.9,listings,0,7
2026-06-29,NO,finn.no,mobility_other,private,,new_listings,895.7,listings,0,7
2026-06-29,NO,finn.no,real_estate_homes,,,listings,20550.4,listings,0,7
2026-06-29,NO,finn.no,real_estate_homes,,,new_listings,215.9,listings,0,7
2026-06-29,NO,finn.no,real_estate_other,,,listings,28087.1,listings,0,7
2026-06-29,NO,finn.no,real_estate_other,,,new_listings,579,listings,0,7
2026-06-29,SE,hemnet.se,real_estate_homes,,,listings,32532.3,listings,0,7
2026-06-29,SE,hemnet.se,real_estate_homes,,,new_listings,1143.4,listings,0,7
2026-06-29,SE,hemnet.se,real_estate_homes_upcoming,,,listings,6905,listings,0,7
2026-06-29,NO,hjem.no,real_estate_homes,,,listings,7621.6,listings,0,7
2026-06-29,FI,oikotie.fi,real_estate_homes,,,listings,50326.9,listings,0,7
2026-06-29,FI,oikotie.fi,real_estate_homes,,,new_listings,648.1,listings,0,7
2026-06-29,SE,tradera.com,mobility_cars,dealer,,listings,46183,listings,0,7
2026-06-29,SE,tradera.com,mobility_cars,private,,listings,2248.3,listings,0,7
2026-06-29,SE,wayke.se,mobility_cars,dealer,,listings,51983.1,listings,0,7
2026-07-05,NO,finn.no,real_estate_homes,,large,package_count,12257,listings,0,
2026-07-05,NO,finn.no,real_estate_homes,,large,package_share,62.9,pct,0,
2026-07-05,NO,finn.no,real_estate_homes,,medium,package_count,6564,listings,0,
2026-07-05,NO,finn.no,real_estate_homes,,medium,package_share,33.7,pct,0,
2026-07-05,NO,finn.no,real_estate_homes,,small,package_count,655,listings,0,
2026-07-05,NO,finn.no,real_estate_homes,,small,package_share,3.4,pct,0,
2026-07-06,DK,bilbasen.dk,mobility_cars,private,,listings,3321.9,listings,0,7
2026-07-06,DK,bilhandel.dk,mobility_cars,dealer,,listings,25253.4,listings,0,7
2026-07-06,DK,bilhandel.dk,mobility_cars,private,,listings,1959.4,listings,0,7
2026-07-06,DK,bilinfo.dk,mobility_cars,,,adj_days_to_sell,56,days,0,
2026-07-06,DK,bilinfo.dk,mobility_cars,,,implied_cars_added,6512,cars_per_week,0,
2026-07-06,DK,bilinfo.dk,mobility_cars,,,implied_cars_sold,6079,cars_per_week,0,
2026-07-06,DK,bilinfo.dk,mobility_cars,,,supply_cars,49067,listings,0,
2026-07-06,DK,biltorvet.dk,mobility_cars,dealer,,listings,42602.3,listings,0,7
2026-07-06,DK,biltorvet.dk,mobility_cars,private,,listings,1494.7,listings,0,7
2026-07-06,SE,blocket.se,mobility_cars,dealer,,listings,121778.9,listings,0,7
2026-07-06,SE,blocket.se,mobility_cars,dealer,,new_listings,4195,listings,0,7
2026-07-06,SE,blocket.se,mobility_cars,dealer,,sample_fraction,0.05,fraction,0,
2026-07-06,SE,blocket.se,mobility_cars,dealer,basis,package_sample_count,3905,sampled_listings,1,
2026-07-06,SE,blocket.se,mobility_cars,dealer,basis,package_share,64.1,pct,1,
2026-07-06,SE,blocket.se,mobility_cars,dealer,pluss,package_sample_count,246,sampled_listings,1,
2026-07-06,SE,blocket.se,mobility_cars,dealer,pluss,package_share,4,pct,1,
2026-07-06,SE,blocket.se,mobility_cars,dealer,premium,package_sample_count,1945,sampled_listings,1,
2026-07-06,SE,blocket.se,mobility_cars,dealer,premium,package_share,31.9,pct,1,
2026-07-06,SE,blocket.se,mobility_cars,private,,listings,23784.3,listings,0,7
2026-07-06,SE,blocket.se,mobility_cars,private,,new_listings,1087.9,listings,0,7
2026-07-06,SE,blocket.se,mobility_other,dealer,,listings,64054.9,listings,0,7
2026-07-06,SE,blocket.se,mobility_other,dealer,,new_listings,1121.7,listings,0,7
2026-07-06,SE,blocket.se,mobility_other,private,,listings,23602.9,listings,0,7
2026-07-06,SE,blocket.se,mobility_other,private,,new_listings,988.3,listings,0,7
2026-07-06,FI,etuovi.com,real_estate_homes,,,listings,54122.6,listings,0,7
2026-07-06,FI,etuovi.com,real_estate_homes,,,new_listings,328.1,listings,0,7
2026-07-06,NO,finn.no,jobs_listings,,,listings,16125,listings,0,7
2026-07-06,NO,finn.no,jobs_listings,,,new_listings,504.1,listings,0,7
2026-07-06,NO,finn.no,jobs_positions,,,listings,30614.1,listings,0,7
2026-07-06,NO,finn.no,jobs_positions,,,new_listings,841.1,listings,0,7
2026-07-06,NO,finn.no,mobility_cars,dealer,,listings,54032.7,listings,0,7
2026-07-06,NO,finn.no,mobility_cars,dealer,,new_listings,1312.7,listings,0,7
2026-07-06,NO,finn.no,mobility_cars,dealer,,sample_fraction,0.05,fraction,0,
2026-07-06,NO,finn.no,mobility_cars,dealer,basis,package_sample_count,747,sampled_listings,1,
2026-07-06,NO,finn.no,mobility_cars,dealer,basis,package_share,27.7,pct,1,
2026-07-06,NO,finn.no,mobility_cars,dealer,pluss,package_sample_count,845,sampled_listings,1,
2026-07-06,NO,finn.no,mobility_cars,dealer,pluss,package_share,31.3,pct,1,
2026-07-06,NO,finn.no,mobility_cars,dealer,premium,package_sample_count,1109,sampled_listings,1,
2026-07-06,NO,finn.no,mobility_cars,dealer,premium,package_share,41.1,pct,1,
2026-07-06,NO,finn.no,mobility_cars,private,,listings,15576.7,listings,0,7
2026-07-06,NO,finn.no,mobility_cars,private,,new_listings,730,listings,0,7
2026-07-06,NO,finn.no,mobility_other,dealer,,listings,26839.4,listings,0,7
2026-07-06,NO,finn.no,mobility_other,dealer,,new_listings,423.6,listings,0,7
2026-07-06,NO,finn.no,mobility_other,private,,listings,16812.9,listings,0,7
2026-07-06,NO,finn.no,mobility_other,private,,new_listings,855.4,listings,0,7
2026-07-06,NO,finn.no,real_estate_homes,,,listings,18454.1,listings,0,7
2026-07-06,NO,finn.no,real_estate_homes,,,new_listings,122.7,listings,0,7
2026-07-06,NO,finn.no,real_estate_other,,,listings,27915.7,listings,0,7
2026-07-06,NO,finn.no,real_estate_other,,,new_listings,476.1,listings,0,7
2026-07-06,SE,hemnet.se,real_estate_homes,,,listings,30973.9,listings,0,7
2026-07-06,SE,hemnet.se,real_estate_homes,,,new_listings,1085.4,listings,0,7
2026-07-06,SE,hemnet.se,real_estate_homes_upcoming,,,listings,7559.6,listings,0,7
2026-07-06,NO,hjem.no,real_estate_homes,,,listings,6775,listings,0,7
2026-07-06,FI,oikotie.fi,real_estate_homes,,,listings,50096.7,listings,0,7
2026-07-06,FI,oikotie.fi,real_estate_homes,,,new_listings,565,listings,0,7
2026-07-06,SE,tradera.com,mobility_cars,dealer,,listings,46508.3,listings,0,7
2026-07-06,SE,tradera.com,mobility_cars,private,,listings,2287.6,listings,0,7
2026-07-06,SE,wayke.se,mobility_cars,dealer,,listings,51416.3,listings,0,7
2026-07-12,NO,finn.no,real_estate_homes,,large,package_count,11214,listings,0,
2026-07-12,NO,finn.no,real_estate_homes,,large,package_share,63.4,pct,0,
2026-07-12,NO,finn.no,real_estate_homes,,medium,package_count,5825,listings,0,
2026-07-12,NO,finn.no,real_estate_homes,,medium,package_share,32.9,pct,0,
2026-07-12,NO,finn.no,real_estate_homes,,small,package_count,649,listings,0,
2026-07-12,NO,finn.no,real_estate_homes,,small,package_share,3.7,pct,0,
2026-07-13,DK,bilbasen.dk,mobility_cars,private,,listings,3258.3,listings,0,7
2026-07-13,DK,bilhandel.dk,mobility_cars,dealer,,listings,25610.6,listings,0,7
2026-07-13,DK,bilhandel.dk,mobility_cars,private,,listings,1874.4,listings,0,7
2026-07-13,DK,bilinfo.dk,mobility_cars,,,adj_days_to_sell,56,days,0,
2026-07-13,DK,bilinfo.dk,mobility_cars,,,avg_days_to_sell,56,days,0,
2026-07-13,DK,bilinfo.dk,mobility_cars,,,implied_cars_added,6567,cars_per_week,0,
2026-07-13,DK,bilinfo.dk,mobility_cars,,,implied_cars_sold,6133,cars_per_week,0,
2026-07-13,DK,bilinfo.dk,mobility_cars,,,supply_cars,49500,listings,0,
2026-07-13,DK,bilinfo.dk,mobility_cars,,,visits,422000,visitors,0,
2026-07-13,DK,biltorvet.dk,mobility_cars,dealer,,listings,42821.9,listings,0,7
2026-07-13,DK,biltorvet.dk,mobility_cars,private,,listings,1503.4,listings,0,7
2026-07-13,SE,blocket.se,mobility_cars,dealer,,listings,121619.9,listings,0,7
2026-07-13,SE,blocket.se,mobility_cars,dealer,,new_listings,4023.1,listings,0,7
2026-07-13,SE,blocket.se,mobility_cars,dealer,,sample_fraction,0.05,fraction,0,
2026-07-13,SE,blocket.se,mobility_cars,dealer,basis,package_sample_count,3808,sampled_listings,1,
2026-07-13,SE,blocket.se,mobility_cars,dealer,basis,package_share,62.5,pct,1,
2026-07-13,SE,blocket.se,mobility_cars,dealer,pluss,package_sample_count,345,sampled_listings,1,
2026-07-13,SE,blocket.se,mobility_cars,dealer,pluss,package_share,5.7,pct,1,
2026-07-13,SE,blocket.se,mobility_cars,dealer,premium,package_sample_count,1944,sampled_listings,1,
2026-07-13,SE,blocket.se,mobility_cars,dealer,premium,package_share,31.9,pct,1,
2026-07-13,SE,blocket.se,mobility_cars,private,,listings,23707.7,listings,0,7
2026-07-13,SE,blocket.se,mobility_cars,private,,new_listings,1047.6,listings,0,7
2026-07-13,SE,blocket.se,mobility_other,dealer,,listings,62484.3,listings,0,7
2026-07-13,SE,blocket.se,mobility_other,dealer,,new_listings,897.7,listings,0,7
2026-07-13,SE,blocket.se,mobility_other,private,,listings,23255,listings,0,7
2026-07-13,SE,blocket.se,mobility_other,private,,new_listings,1050.1,listings,0,7
2026-07-13,FI,etuovi.com,real_estate_homes,,,listings,53880.4,listings,0,7
2026-07-13,FI,etuovi.com,real_estate_homes,,,new_listings,298.7,listings,0,7
2026-07-13,NO,finn.no,jobs_listings,,,listings,16207,listings,0,7
2026-07-13,NO,finn.no,jobs_listings,,,new_listings,333.9,listings,0,7
2026-07-13,NO,finn.no,jobs_positions,,,listings,30080.4,listings,0,7
2026-07-13,NO,finn.no,jobs_positions,,,new_listings,635.7,listings,0,7
2026-07-13,NO,finn.no,mobility_cars,dealer,,listings,53460.6,listings,0,7
2026-07-13,NO,finn.no,mobility_cars,dealer,,new_listings,1243.9,listings,0,7
2026-07-13,NO,finn.no,mobility_cars,dealer,,sample_fraction,0.05,fraction,0,
2026-07-13,NO,finn.no,mobility_cars,dealer,basis,package_sample_count,752,sampled_listings,1,
2026-07-13,NO,finn.no,mobility_cars,dealer,basis,package_share,28.1,pct,1,
2026-07-13,NO,finn.no,mobility_cars,dealer,pluss,package_sample_count,741,sampled_listings,1,
2026-07-13,NO,finn.no,mobility_cars,dealer,pluss,package_share,27.7,pct,1,
2026-07-13,NO,finn.no,mobility_cars,dealer,premium,package_sample_count,1182,sampled_listings,1,
2026-07-13,NO,finn.no,mobility_cars,dealer,premium,package_share,44.2,pct,1,
2026-07-13,NO,finn.no,mobility_cars,private,,listings,14836.7,listings,0,7
2026-07-13,NO,finn.no,mobility_cars,private,,new_listings,703.1,listings,0,7
2026-07-13,NO,finn.no,mobility_other,dealer,,listings,26116.3,listings,0,7
2026-07-13,NO,finn.no,mobility_other,dealer,,new_listings,366.6,listings,0,7
2026-07-13,NO,finn.no,mobility_other,private,,listings,16329.4,listings,0,7
2026-07-13,NO,finn.no,mobility_other,private,,new_listings,905.9,listings,0,7
2026-07-13,NO,finn.no,real_estate_homes,,,listings,17054.9,listings,0,7
2026-07-13,NO,finn.no,real_estate_homes,,,new_listings,119,listings,0,7
2026-07-13,NO,finn.no,real_estate_other,,,listings,27665.6,listings,0,7
2026-07-13,NO,finn.no,real_estate_other,,,new_listings,526,listings,0,7
2026-07-13,SE,hemnet.se,real_estate_homes,,,listings,30166.6,listings,0,7
2026-07-13,SE,hemnet.se,real_estate_homes,,,new_listings,898,listings,0,7
2026-07-13,SE,hemnet.se,real_estate_homes_upcoming,,,listings,7857.6,listings,0,7
2026-07-13,NO,hjem.no,real_estate_homes,,,listings,6291,listings,0,7
2026-07-13,FI,oikotie.fi,real_estate_homes,,,listings,49867.3,listings,0,7
2026-07-13,FI,oikotie.fi,real_estate_homes,,,new_listings,522.7,listings,0,7
2026-07-13,SE,tradera.com,mobility_cars,dealer,,listings,47392.4,listings,0,7
2026-07-13,SE,tradera.com,mobility_cars,private,,listings,2341.7,listings,0,7
2026-07-13,SE,wayke.se,mobility_cars,dealer,,listings,51600.9,listings,0,7
2026-07-19,NO,finn.no,real_estate_homes,,large,package_count,10534,listings,0,
2026-07-19,NO,finn.no,real_estate_homes,,large,package_share,63,pct,0,
2026-07-19,NO,finn.no,real_estate_homes,,medium,package_count,5537,listings,0,
2026-07-19,NO,finn.no,real_estate_homes,,medium,package_share,33.1,pct,0,
2026-07-19,NO,finn.no,real_estate_homes,,small,package_count,648,listings,0,
2026-07-19,NO,finn.no,real_estate_homes,,small,package_share,3.9,pct,0,
2026-07-20,DK,bilbasen.dk,mobility_cars,private,,listings,3338.6,listings,0,7
2026-07-20,DK,bilhandel.dk,mobility_cars,dealer,,listings,25499.4,listings,0,7
2026-07-20,DK,bilhandel.dk,mobility_cars,private,,listings,1858.1,listings,0,7
2026-07-20,DK,bilinfo.dk,mobility_cars,,,adj_days_to_sell,56,days,0,
2026-07-20,DK,bilinfo.dk,mobility_cars,,,avg_days_to_sell,56,days,0,
2026-07-20,DK,bilinfo.dk,mobility_cars,,,implied_cars_added,6188,cars_per_week,0,
2026-07-20,DK,bilinfo.dk,mobility_cars,,,implied_cars_sold,6188,cars_per_week,0,
2026-07-20,DK,bilinfo.dk,mobility_cars,,,supply_cars,49500,listings,0,
2026-07-20,DK,bilinfo.dk,mobility_cars,,,visits,407000,visitors,0,
2026-07-20,DK,biltorvet.dk,mobility_cars,dealer,,listings,42676.4,listings,0,7
2026-07-20,DK,biltorvet.dk,mobility_cars,private,,listings,1509.9,listings,0,7
2026-07-20,SE,blocket.se,mobility_cars,dealer,,listings,120311.1,listings,0,7
2026-07-20,SE,blocket.se,mobility_cars,dealer,,new_listings,3832.1,listings,0,7
2026-07-20,SE,blocket.se,mobility_cars,dealer,,sample_fraction,0.1,fraction,0,
2026-07-20,SE,blocket.se,mobility_cars,dealer,basis,package_sample_count,7677,sampled_listings,1,
2026-07-20,SE,blocket.se,mobility_cars,dealer,basis,package_share,64.1,pct,1,
2026-07-20,SE,blocket.se,mobility_cars,dealer,pluss,package_sample_count,544,sampled_listings,1,
2026-07-20,SE,blocket.se,mobility_cars,dealer,pluss,package_share,4.5,pct,1,
2026-07-20,SE,blocket.se,mobility_cars,dealer,premium,package_sample_count,3760,sampled_listings,1,
2026-07-20,SE,blocket.se,mobility_cars,dealer,premium,package_share,31.4,pct,1,
2026-07-20,SE,blocket.se,mobility_cars,private,,listings,23726.7,listings,0,7
2026-07-20,SE,blocket.se,mobility_cars,private,,new_listings,1150,listings,0,7
2026-07-20,SE,blocket.se,mobility_other,dealer,,listings,61414.3,listings,0,7
2026-07-20,SE,blocket.se,mobility_other,dealer,,new_listings,952.1,listings,0,7
2026-07-20,SE,blocket.se,mobility_other,private,,listings,23352.1,listings,0,7
2026-07-20,SE,blocket.se,mobility_other,private,,new_listings,1088.4,listings,0,7
2026-07-20,FI,etuovi.com,real_estate_homes,,,listings,53657.9,listings,0,7
2026-07-20,FI,etuovi.com,real_estate_homes,,,new_listings,299.6,listings,0,7
2026-07-20,NO,finn.no,jobs_listings,,,listings,16069.7,listings,0,7
2026-07-20,NO,finn.no,jobs_listings,,,new_listings,332.7,listings,0,7
2026-07-20,NO,finn.no,jobs_positions,,,listings,29582.6,listings,0,7
2026-07-20,NO,finn.no,jobs_positions,,,new_listings,685.4,listings,0,7
2026-07-20,NO,finn.no,mobility_cars,dealer,,listings,52742.9,listings,0,7
2026-07-20,NO,finn.no,mobility_cars,dealer,,new_listings,1195.3,listings,0,7
2026-07-20,NO,finn.no,mobility_cars,dealer,,sample_fraction,0.1,fraction,0,
2026-07-20,NO,finn.no,mobility_cars,dealer,basis,package_sample_count,1546,sampled_listings,1,
2026-07-20,NO,finn.no,mobility_cars,dealer,basis,package_share,29.8,pct,1,
2026-07-20,NO,finn.no,mobility_cars,dealer,pluss,package_sample_count,1409,sampled_listings,1,
2026-07-20,NO,finn.no,mobility_cars,dealer,pluss,package_share,27.2,pct,1,
2026-07-20,NO,finn.no,mobility_cars,dealer,premium,package_sample_count,2226,sampled_listings,1,
2026-07-20,NO,finn.no,mobility_cars,dealer,premium,package_share,43,pct,1,
2026-07-20,NO,finn.no,mobility_cars,private,,listings,14539.4,listings,0,7
2026-07-20,NO,finn.no,mobility_cars,private,,new_listings,785.7,listings,0,7
2026-07-20,NO,finn.no,mobility_other,dealer,,listings,25500,listings,0,7
2026-07-20,NO,finn.no,mobility_other,dealer,,new_listings,357.3,listings,0,7
2026-07-20,NO,finn.no,mobility_other,private,,listings,16463.7,listings,0,7
2026-07-20,NO,finn.no,mobility_other,private,,new_listings,917.7,listings,0,7
2026-07-20,NO,finn.no,real_estate_homes,,,listings,16799.6,listings,0,7
2026-07-20,NO,finn.no,real_estate_homes,,,new_listings,214.4,listings,0,7
2026-07-20,NO,finn.no,real_estate_other,,,listings,27941,listings,0,7
2026-07-20,NO,finn.no,real_estate_other,,,new_listings,603.7,listings,0,7
2026-07-20,SE,hemnet.se,real_estate_homes,,,listings,29617.3,listings,0,7
2026-07-20,SE,hemnet.se,real_estate_homes,,,new_listings,962,listings,0,7
2026-07-20,SE,hemnet.se,real_estate_homes_upcoming,,,listings,8016.6,listings,0,7
2026-07-20,NO,hjem.no,real_estate_homes,,,listings,6244.6,listings,0,7
2026-07-20,FI,oikotie.fi,real_estate_homes,,,listings,49681.1,listings,0,7
2026-07-20,FI,oikotie.fi,real_estate_homes,,,new_listings,524.7,listings,0,7
2026-07-20,SE,tradera.com,mobility_cars,dealer,,listings,46784.1,listings,0,7
2026-07-20,SE,tradera.com,mobility_cars,private,,listings,2392,listings,0,7
2026-07-20,SE,wayke.se,mobility_cars,dealer,,listings,50935.3,listings,0,7
2026-07-26,NO,finn.no,real_estate_homes,,large,package_count,10488,listings,0,
2026-07-26,NO,finn.no,real_estate_homes,,large,package_share,62.5,pct,0,
2026-07-26,NO,finn.no,real_estate_homes,,medium,package_count,5658,listings,0,
2026-07-26,NO,finn.no,real_estate_homes,,medium,package_share,33.7,pct,0,
2026-07-26,NO,finn.no,real_estate_homes,,small,package_count,644,listings,0,
2026-07-26,NO,finn.no,real_estate_homes,,small,package_share,3.8,pct,0,
2026-07-27,DK,bilbasen.dk,mobility_cars,private,,listings,3487.3,listings,0,7
2026-07-27,DK,bilhandel.dk,mobility_cars,dealer,,listings,25247.1,listings,0,7
2026-07-27,DK,bilhandel.dk,mobility_cars,private,,listings,1863.3,listings,0,7
2026-07-27,DK,bilinfo.dk,mobility_cars,,,adj_days_to_sell,56,days,0,
2026-07-27,DK,bilinfo.dk,mobility_cars,,,avg_days_to_sell,56,days,0,
2026-07-27,DK,bilinfo.dk,mobility_cars,,,implied_cars_added,6188,cars_per_week,0,
2026-07-27,DK,bilinfo.dk,mobility_cars,,,implied_cars_sold,6188,cars_per_week,0,
2026-07-27,DK,bilinfo.dk,mobility_cars,,,supply_cars,49500,listings,0,
2026-07-27,DK,bilinfo.dk,mobility_cars,,,visits,419000,visitors,0,
2026-07-27,DK,biltorvet.dk,mobility_cars,dealer,,listings,42453.3,listings,0,7
2026-07-27,DK,biltorvet.dk,mobility_cars,private,,listings,1518.9,listings,0,7
2026-07-27,SE,blocket.se,mobility_cars,dealer,,listings,118724.4,listings,0,7
2026-07-27,SE,blocket.se,mobility_cars,dealer,,new_listings,3718.4,listings,0,7
2026-07-27,SE,blocket.se,mobility_cars,dealer,,sample_fraction,0.1,fraction,0,
2026-07-27,SE,blocket.se,mobility_cars,dealer,basis,package_sample_count,7658,sampled_listings,1,
2026-07-27,SE,blocket.se,mobility_cars,dealer,basis,package_share,64.8,pct,1,
2026-07-27,SE,blocket.se,mobility_cars,dealer,pluss,package_sample_count,565,sampled_listings,1,
2026-07-27,SE,blocket.se,mobility_cars,dealer,pluss,package_share,4.8,pct,1,
2026-07-27,SE,blocket.se,mobility_cars,dealer,premium,package_sample_count,3587,sampled_listings,1,
2026-07-27,SE,blocket.se,mobility_cars,dealer,premium,package_share,30.4,pct,1,
2026-07-27,SE,blocket.se,mobility_cars,private,,listings,23933.4,listings,0,7
2026-07-27,SE,blocket.se,mobility_cars,private,,new_listings,1193,listings,0,7
2026-07-27,SE,blocket.se,mobility_other,dealer,,listings,60903.7,listings,0,7
2026-07-27,SE,blocket.se,mobility_other,dealer,,new_listings,935,listings,0,7
2026-07-27,SE,blocket.se,mobility_other,private,,listings,23825.1,listings,0,7
2026-07-27,SE,blocket.se,mobility_other,private,,new_listings,1135.1,listings,0,7
2026-07-27,FI,etuovi.com,real_estate_homes,,,listings,53154.3,listings,0,7
2026-07-27,FI,etuovi.com,real_estate_homes,,,new_listings,301.1,listings,0,7
2026-07-27,NO,finn.no,jobs_listings,,,listings,15834,listings,0,7
2026-07-27,NO,finn.no,jobs_listings,,,new_listings,399.3,listings,0,7
2026-07-27,NO,finn.no,jobs_positions,,,listings,29164.9,listings,0,7
2026-07-27,NO,finn.no,jobs_positions,,,new_listings,784.6,listings,0,7
2026-07-27,NO,finn.no,mobility_cars,dealer,,listings,51806.7,listings,0,7
2026-07-27,NO,finn.no,mobility_cars,dealer,,new_listings,1161.1,listings,0,7
2026-07-27,NO,finn.no,mobility_cars,dealer,,sample_fraction,0.1,fraction,0,
2026-07-27,NO,finn.no,mobility_cars,dealer,basis,package_sample_count,1505,sampled_listings,1,
2026-07-27,NO,finn.no,mobility_cars,dealer,basis,package_share,29.4,pct,1,
2026-07-27,NO,finn.no,mobility_cars,dealer,pluss,package_sample_count,1409,sampled_listings,1,
2026-07-27,NO,finn.no,mobility_cars,dealer,pluss,package_share,27.6,pct,1,
2026-07-27,NO,finn.no,mobility_cars,dealer,premium,package_sample_count,2198,sampled_listings,1,
2026-07-27,NO,finn.no,mobility_cars,dealer,premium,package_share,43,pct,1,
2026-07-27,NO,finn.no,mobility_cars,private,,listings,14608.6,listings,0,7
2026-07-27,NO,finn.no,mobility_cars,private,,new_listings,845.3,listings,0,7
2026-07-27,NO,finn.no,mobility_other,dealer,,listings,25267.4,listings,0,7
2026-07-27,NO,finn.no,mobility_other,dealer,,new_listings,427,listings,0,7
2026-07-27,NO,finn.no,mobility_other,private,,listings,16997.9,listings,0,7
2026-07-27,NO,finn.no,mobility_other,private,,new_listings,919.1,listings,0,7
2026-07-27,NO,finn.no,real_estate_homes,,,listings,17360,listings,0,7
2026-07-27,NO,finn.no,real_estate_homes,,,new_listings,401,listings,0,7
2026-07-27,NO,finn.no,real_estate_other,,,listings,28184.4,listings,0,7
2026-07-27,NO,finn.no,real_estate_other,,,new_listings,629,listings,0,7
2026-07-27,SE,hemnet.se,real_estate_homes,,,listings,29823,listings,0,7
2026-07-27,SE,hemnet.se,real_estate_homes,,,new_listings,1306.7,listings,0,7
2026-07-27,SE,hemnet.se,real_estate_homes_upcoming,,,listings,7767.9,listings,0,7
2026-07-27,NO,hjem.no,real_estate_homes,,,listings,6473.7,listings,0,7
2026-07-27,FI,oikotie.fi,real_estate_homes,,,listings,49214.6,listings,0,7
2026-07-27,FI,oikotie.fi,real_estate_homes,,,new_listings,496.9,listings,0,7
2026-07-27,SE,tradera.com,mobility_cars,dealer,,listings,45521.3,listings,0,7
2026-07-27,SE,tradera.com,mobility_cars,private,,listings,2450.9,listings,0,7
2026-07-27,SE,wayke.se,mobility_cars,dealer,,listings,49890.1,listings,0,7
2026-08-02,NO,finn.no,real_estate_homes,,large,package_count,2164,listings,0,
2026-08-02,NO,finn.no,real_estate_homes,,large,package_share,56.2,pct,0,
2026-08-02,NO,finn.no,real_estate_homes,,medium,package_count,1476,listings,0,
2026-08-02,NO,finn.no,real_estate_homes,,medium,package_share,38.3,pct,0,
2026-08-02,NO,finn.no,real_estate_homes,,small,package_count,210,listings,0,
2026-08-02,NO,finn.no,real_estate_homes,,small,package_share,5.5,pct,0,
2026-08-03,DK,bilbasen.dk,mobility_cars,private,,listings,3706.7,listings,0,7
2026-08-03,DK,bilhandel.dk,mobility_cars,dealer,,listings,24908.4,listings,0,7
2026-08-03,DK,bilhandel.dk,mobility_cars,private,,listings,1974.7,listings,0,7
2026-08-03,DK,bilinfo.dk,mobility_cars,,,adj_days_to_sell,56,days,0,
2026-08-03,DK,bilinfo.dk,mobility_cars,,,avg_days_to_sell,56,days,0,
2026-08-03,DK,bilinfo.dk,mobility_cars,,,implied_cars_added,6488,cars_per_week,0,
2026-08-03,DK,bilinfo.dk,mobility_cars,,,implied_cars_sold,6188,cars_per_week,0,
2026-08-03,DK,bilinfo.dk,mobility_cars,,,supply_cars,49800,listings,0,
2026-08-03,DK,bilinfo.dk,mobility_cars,,,visits,437000,visitors,0,
2026-08-03,DK,biltorvet.dk,mobility_cars,dealer,,listings,42272.1,listings,0,7
2026-08-03,DK,biltorvet.dk,mobility_cars,private,,listings,1530.3,listings,0,7
2026-08-03,SE,blocket.se,mobility_cars,dealer,,listings,117471.4,listings,0,7
2026-08-03,SE,blocket.se,mobility_cars,dealer,,new_listings,3953.4,listings,0,7
2026-08-03,SE,blocket.se,mobility_cars,dealer,,sample_fraction,0.1,fraction,0,
2026-08-03,SE,blocket.se,mobility_cars,dealer,basis,package_sample_count,7504,sampled_listings,1,
2026-08-03,SE,blocket.se,mobility_cars,dealer,basis,package_share,64.2,pct,1,
2026-08-03,SE,blocket.se,mobility_cars,dealer,pluss,package_sample_count,529,sampled_listings,1,
2026-08-03,SE,blocket.se,mobility_cars,dealer,pluss,package_share,4.5,pct,1,
2026-08-03,SE,blocket.se,mobility_cars,dealer,premium,package_sample_count,3654,sampled_listings,1,
2026-08-03,SE,blocket.se,mobility_cars,dealer,premium,package_share,31.3,pct,1,
2026-08-03,SE,blocket.se,mobility_cars,private,,listings,23954.3,listings,0,7
2026-08-03,SE,blocket.se,mobility_cars,private,,new_listings,1202.4,listings,0,7
2026-08-03,SE,blocket.se,mobility_other,dealer,,listings,60928.3,listings,0,7
2026-08-03,SE,blocket.se,mobility_other,dealer,,new_listings,1130.3,listings,0,7
2026-08-03,SE,blocket.se,mobility_other,private,,listings,24538.7,listings,0,7
2026-08-03,SE,blocket.se,mobility_other,private,,new_listings,1122.4,listings,0,7
2026-08-03,FI,etuovi.com,real_estate_homes,,,listings,52824.4,listings,0,7
2026-08-03,FI,etuovi.com,real_estate_homes,,,new_listings,334.9,listings,0,7
2026-08-03,NO,finn.no,jobs_listings,,,listings,15201.3,listings,0,7
2026-08-03,NO,finn.no,jobs_listings,,,new_listings,608.7,listings,0,7
2026-08-03,NO,finn.no,jobs_positions,,,listings,28716.1,listings,0,7
2026-08-03,NO,finn.no,jobs_positions,,,new_listings,1166.7,listings,0,7
2026-08-03,NO,finn.no,mobility_cars,dealer,,listings,51006.4,listings,0,7
2026-08-03,NO,finn.no,mobility_cars,dealer,,new_listings,1276.3,listings,0,7
2026-08-03,NO,finn.no,mobility_cars,dealer,,sample_fraction,0.1,fraction,0,
2026-08-03,NO,finn.no,mobility_cars,dealer,basis,package_sample_count,1530,sampled_listings,1,
2026-08-03,NO,finn.no,mobility_cars,dealer,basis,package_share,30.3,pct,1,
2026-08-03,NO,finn.no,mobility_cars,dealer,pluss,package_sample_count,1398,sampled_listings,1,
2026-08-03,NO,finn.no,mobility_cars,dealer,pluss,package_share,27.7,pct,1,
2026-08-03,NO,finn.no,mobility_cars,dealer,premium,package_sample_count,2116,sampled_listings,1,
2026-08-03,NO,finn.no,mobility_cars,dealer,premium,package_share,42,pct,1,
2026-08-03,NO,finn.no,mobility_cars,private,,listings,15197.1,listings,0,7
2026-08-03,NO,finn.no,mobility_cars,private,,new_listings,917,listings,0,7
2026-08-03,NO,finn.no,mobility_other,dealer,,listings,25313.4,listings,0,7
2026-08-03,NO,finn.no,mobility_other,dealer,,new_listings,536.1,listings,0,7
2026-08-03,NO,finn.no,mobility_other,private,,listings,17544.7,listings,0,7
2026-08-03,NO,finn.no,mobility_other,private,,new_listings,901.4,listings,0,7
2026-08-03,NO,finn.no,real_estate_homes,,,listings,19420.3,listings,0,7
2026-08-03,NO,finn.no,real_estate_homes,,,new_listings,662.2,listings,0,6
2026-08-03,NO,finn.no,real_estate_other,,,listings,28593.3,listings,0,7
2026-08-03,NO,finn.no,real_estate_other,,,new_listings,665,listings,0,7
2026-08-03,SE,hemnet.se,real_estate_homes,,,listings,31510.6,listings,0,7
2026-08-03,SE,hemnet.se,real_estate_homes,,,new_listings,1941.6,listings,0,7
2026-08-03,SE,hemnet.se,real_estate_homes_upcoming,,,listings,7209.4,listings,0,7
2026-08-03,NO,hjem.no,real_estate_homes,,,listings,7344.6,listings,0,7
2026-08-03,FI,oikotie.fi,real_estate_homes,,,listings,48878.7,listings,0,7
2026-08-03,FI,oikotie.fi,real_estate_homes,,,new_listings,593.4,listings,0,7
2026-08-03,SE,tradera.com,mobility_cars,dealer,,listings,44354.7,listings,0,7
2026-08-03,SE,tradera.com,mobility_cars,private,,listings,2474.4,listings,0,7
2026-08-03,SE,wayke.se,mobility_cars,dealer,,listings,48798.6,listings,0,7
2026-08-09,NO,finn.no,real_estate_homes,,large,package_count,12432,listings,0,
2026-08-09,NO,finn.no,real_estate_homes,,large,package_share,61,pct,0,
2026-08-09,NO,finn.no,real_estate_homes,,medium,package_count,7288,listings,0,
2026-08-09,NO,finn.no,real_estate_homes,,medium,package_share,35.8,pct,0,
2026-08-09,NO,finn.no,real_estate_homes,,small,package_count,663,listings,0,
2026-08-09,NO,finn.no,real_estate_homes,,small,package_share,3.3,pct,0,
2026-08-10,DK,bilbasen.dk,mobility_cars,dealer,,listings,46136.7,listings,0,3
2026-08-10,DK,bilbasen.dk,mobility_cars,private,,listings,3896.1,listings,0,7
2026-08-10,DK,bilhandel.dk,mobility_cars,dealer,,listings,25150.9,listings,0,7
2026-08-10,DK,bilhandel.dk,mobility_cars,private,,listings,2067.7,listings,0,7
2026-08-10,DK,bilinfo.dk,mobility_cars,,,adj_days_to_sell,56,days,0,
2026-08-10,DK,bilinfo.dk,mobility_cars,,,avg_days_to_sell,56,days,0,
2026-08-10,DK,bilinfo.dk,mobility_cars,,,implied_cars_added,7125,cars_per_week,0,
2026-08-10,DK,bilinfo.dk,mobility_cars,,,implied_cars_sold,6225,cars_per_week,0,
2026-08-10,DK,bilinfo.dk,mobility_cars,,,supply_cars,50700,listings,0,
2026-08-10,DK,bilinfo.dk,mobility_cars,,,visits,435000,visitors,0,
2026-08-10,DK,biltorvet.dk,mobility_cars,dealer,,listings,42450.4,listings,0,7
2026-08-10,DK,biltorvet.dk,mobility_cars,private,,listings,1532.9,listings,0,7
2026-08-10,SE,blocket.se,mobility_cars,dealer,,listings,117134.3,listings,0,7
2026-08-10,SE,blocket.se,mobility_cars,dealer,,new_listings,4168.7,listings,0,7
2026-08-10,SE,blocket.se,mobility_cars,dealer,,sample_fraction,0.1,fraction,0,
2026-08-10,SE,blocket.se,mobility_cars,dealer,basis,package_sample_count,7460,sampled_listings,1,
2026-08-10,SE,blocket.se,mobility_cars,dealer,basis,package_share,63.8,pct,1,
2026-08-10,SE,blocket.se,mobility_cars,dealer,pluss,package_sample_count,598,sampled_listings,1,
2026-08-10,SE,blocket.se,mobility_cars,dealer,pluss,package_share,5.1,pct,1,
2026-08-10,SE,blocket.se,mobility_cars,dealer,premium,package_sample_count,3626,sampled_listings,1,
2026-08-10,SE,blocket.se,mobility_cars,dealer,premium,package_share,31,pct,1,
2026-08-10,SE,blocket.se,mobility_cars,private,,listings,24358.9,listings,0,7
2026-08-10,SE,blocket.se,mobility_cars,private,,new_listings,1190.6,listings,0,7
2026-08-10,SE,blocket.se,mobility_other,dealer,,listings,61490.1,listings,0,7
2026-08-10,SE,blocket.se,mobility_other,dealer,,new_listings,1322.6,listings,0,7
2026-08-10,SE,blocket.se,mobility_other,private,,listings,25017.7,listings,0,7
2026-08-10,SE,blocket.se,mobility_other,private,,new_listings,1009.1,listings,0,7
2026-08-10,FI,etuovi.com,real_estate_homes,,,listings,52725,listings,0,7
2026-08-10,FI,etuovi.com,real_estate_homes,,,new_listings,356.9,listings,0,7
2026-08-10,NO,finn.no,jobs_listings,,,listings,15096.6,listings,0,5
2026-08-10,NO,finn.no,jobs_listings,,,new_listings,732.3,listings,0,6
2026-08-10,NO,finn.no,jobs_positions,,,listings,29388.4,listings,0,5
2026-08-10,NO,finn.no,jobs_positions,,,new_listings,1384,listings,0,6
2026-08-10,NO,finn.no,mobility_cars,dealer,,listings,50820.4,listings,0,7
2026-08-10,NO,finn.no,mobility_cars,dealer,,new_listings,1406.4,listings,0,7
2026-08-10,NO,finn.no,mobility_cars,dealer,,sample_fraction,0.1,fraction,0,
2026-08-10,NO,finn.no,mobility_cars,dealer,basis,package_sample_count,1421,sampled_listings,1,
2026-08-10,NO,finn.no,mobility_cars,dealer,basis,package_share,29.2,pct,1,
2026-08-10,NO,finn.no,mobility_cars,dealer,pluss,package_sample_count,1350,sampled_listings,1,
2026-08-10,NO,finn.no,mobility_cars,dealer,pluss,package_share,27.7,pct,1,
2026-08-10,NO,finn.no,mobility_cars,dealer,premium,package_sample_count,2094,sampled_listings,1,
2026-08-10,NO,finn.no,mobility_cars,dealer,premium,package_share,43,pct,1,
2026-08-10,NO,finn.no,mobility_cars,private,,listings,15807.9,listings,0,7
2026-08-10,NO,finn.no,mobility_cars,private,,new_listings,946.7,listings,0,7
2026-08-10,NO,finn.no,mobility_other,dealer,,listings,25394.6,listings,0,7
2026-08-10,NO,finn.no,mobility_other,dealer,,new_listings,551,listings,0,7
2026-08-10,NO,finn.no,mobility_other,private,,listings,17733.7,listings,0,7
2026-08-10,NO,finn.no,mobility_other,private,,new_listings,838.9,listings,0,7
2026-08-10,NO,finn.no,real_estate_homes,,,listings,21816.7,listings,0,7
2026-08-10,NO,finn.no,real_estate_homes,,,new_listings,703.2,listings,0,6
2026-08-10,NO,finn.no,real_estate_homes_new,,,listings,17990,listings,0,2
2026-08-10,NO,finn.no,real_estate_other,,,listings,28629,listings,0,7
2026-08-10,NO,finn.no,real_estate_other,,,new_listings,549.4,listings,0,7
2026-08-10,SE,hemnet.se,real_estate_homes,,,listings,33604.3,listings,0,7
2026-08-10,SE,hemnet.se,real_estate_homes,,,new_listings,1942.3,listings,0,7
2026-08-10,SE,hemnet.se,real_estate_homes_upcoming,,,listings,6634.1,listings,0,7
2026-08-10,NO,hjem.no,real_estate_homes,,,listings,8389.7,listings,0,7
2026-08-10,FI,oikotie.fi,real_estate_homes,,,listings,48713.9,listings,0,7
2026-08-10,FI,oikotie.fi,real_estate_homes,,,new_listings,615.9,listings,0,7
2026-08-10,SE,tradera.com,mobility_cars,dealer,,listings,43977,listings,0,7
2026-08-10,SE,tradera.com,mobility_cars,private,,listings,2516.4,listings,0,7
2026-08-10,SE,wayke.se,mobility_cars,dealer,,listings,48801.1,listings,0,7
2026-08-16,NO,finn.no,real_estate_homes,,large,package_count,13674,listings,0,
2026-08-16,NO,finn.no,real_estate_homes,,large,package_share,61,pct,0,
2026-08-16,NO,finn.no,real_estate_homes,,medium,package_count,8064,listings,0,
2026-08-16,NO,finn.no,real_estate_homes,,medium,package_share,36,pct,0,
2026-08-16,NO,finn.no,real_estate_homes,,small,package_count,672,listings,0,
2026-08-16,NO,finn.no,real_estate_homes,,small,package_share,3,pct,0,
2026-08-17,DK,bilbasen.dk,mobility_cars,dealer,,listings,46222.6,listings,0,7
2026-08-17,DK,bilbasen.dk,mobility_cars,private,,listings,3952,listings,0,7
2026-08-17,DK,bilhandel.dk,mobility_cars,dealer,,listings,25698,listings,0,7
2026-08-17,DK,bilhandel.dk,mobility_cars,private,,listings,2071,listings,0,7
2026-08-17,DK,bilinfo.dk,mobility_cars,,,adj_days_to_sell,56,days,0,
2026-08-17,DK,bilinfo.dk,mobility_cars,,,avg_days_to_sell,56,days,0,
2026-08-17,DK,bilinfo.dk,mobility_cars,,,implied_cars_added,6538,cars_per_week,0,
2026-08-17,DK,bilinfo.dk,mobility_cars,,,implied_cars_sold,6338,cars_per_week,0,
2026-08-17,DK,bilinfo.dk,mobility_cars,,,supply_cars,50900,listings,0,
2026-08-17,DK,bilinfo.dk,mobility_cars,,,visits,441000,visitors,0,
2026-08-17,DK,biltorvet.dk,mobility_cars,dealer,,listings,42803.9,listings,0,7
2026-08-17,DK,biltorvet.dk,mobility_cars,private,,listings,1566.1,listings,0,7
2026-08-17,SE,blocket.se,mobility_cars,dealer,,listings,117081.1,listings,0,7
2026-08-17,SE,blocket.se,mobility_cars,dealer,,new_listings,4380.9,listings,0,7
2026-08-17,SE,blocket.se,mobility_cars,dealer,,sample_fraction,0.1,fraction,0,
2026-08-17,SE,blocket.se,mobility_cars,dealer,basis,package_sample_count,7629,sampled_listings,1,
2026-08-17,SE,blocket.se,mobility_cars,dealer,basis,package_share,65.3,pct,1,
2026-08-17,SE,blocket.se,mobility_cars,dealer,pluss,package_sample_count,572,sampled_listings,1,
2026-08-17,SE,blocket.se,mobility_cars,dealer,pluss,package_share,4.9,pct,1,
2026-08-17,SE,blocket.se,mobility_cars,dealer,premium,package_sample_count,3482,sampled_listings,1,
2026-08-17,SE,blocket.se,mobility_cars,dealer,premium,package_share,29.8,pct,1,
2026-08-17,SE,blocket.se,mobility_cars,private,,listings,24687.9,listings,0,7
2026-08-17,SE,blocket.se,mobility_cars,private,,new_listings,1171,listings,0,7
2026-08-17,SE,blocket.se,mobility_other,dealer,,listings,61305.9,listings,0,7
2026-08-17,SE,blocket.se,mobility_other,dealer,,new_listings,1271,listings,0,7
2026-08-17,SE,blocket.se,mobility_other,private,,listings,25333.9,listings,0,7
2026-08-17,SE,blocket.se,mobility_other,private,,new_listings,938.4,listings,0,7
2026-08-17,FI,etuovi.com,real_estate_homes,,,listings,52520.9,listings,0,7
2026-08-17,FI,etuovi.com,real_estate_homes,,,new_listings,374.7,listings,0,7
2026-08-17,NO,finn.no,jobs_listings,,,listings,14556.3,listings,0,7
2026-08-17,NO,finn.no,jobs_listings,,,new_listings,606.9,listings,0,7
2026-08-17,NO,finn.no,jobs_positions,,,listings,29041.1,listings,0,7
2026-08-17,NO,finn.no,jobs_positions,,,new_listings,1092.7,listings,0,7
2026-08-17,NO,finn.no,mobility_cars,dealer,,listings,50901.4,listings,0,7
2026-08-17,NO,finn.no,mobility_cars,dealer,,new_listings,1479.1,listings,0,7
2026-08-17,NO,finn.no,mobility_cars,dealer,,sample_fraction,0.1,fraction,0,
2026-08-17,NO,finn.no,mobility_cars,dealer,basis,package_sample_count,1611,sampled_listings,1,
2026-08-17,NO,finn.no,mobility_cars,dealer,basis,package_share,31.7,pct,1,
2026-08-17,NO,finn.no,mobility_cars,dealer,pluss,package_sample_count,1333,sampled_listings,1,
2026-08-17,NO,finn.no,mobility_cars,dealer,pluss,package_share,26.2,pct,1,
2026-08-17,NO,finn.no,mobility_cars,dealer,premium,package_sample_count,2138,sampled_listings,1,
2026-08-17,NO,finn.no,mobility_cars,dealer,premium,package_share,42.1,pct,1,
2026-08-17,NO,finn.no,mobility_cars,private,,listings,16546,listings,0,7
2026-08-17,NO,finn.no,mobility_cars,private,,new_listings,971.3,listings,0,7
2026-08-17,NO,finn.no,mobility_other,dealer,,listings,25616.9,listings,0,7
2026-08-17,NO,finn.no,mobility_other,dealer,,new_listings,619.9,listings,0,7
2026-08-17,NO,finn.no,mobility_other,private,,listings,17493.6,listings,0,7
2026-08-17,NO,finn.no,mobility_other,private,,new_listings,781.6,listings,0,7
2026-08-17,NO,finn.no,real_estate_homes,,,listings,23093.6,listings,0,7
2026-08-17,NO,finn.no,real_estate_homes,,,new_listings,727.1,listings,0,7
2026-08-17,NO,finn.no,real_estate_homes_new,,,listings,18088.3,listings,0,7
2026-08-17,NO,finn.no,real_estate_homes_new,,,new_listings,574.9,listings,0,7
2026-08-17,NO,finn.no,real_estate_other,,,listings,28191.1,listings,0,7
2026-08-17,NO,finn.no,real_estate_other,,,new_listings,533.4,listings,0,7
2026-08-17,SE,hemnet.se,real_estate_homes,,,listings,34856.7,listings,0,7
2026-08-17,SE,hemnet.se,real_estate_homes,,,new_listings,1743,listings,0,7
2026-08-17,SE,hemnet.se,real_estate_homes_upcoming,,,listings,6226.7,listings,0,7
2026-08-17,NO,hjem.no,real_estate_homes,,,listings,8900.3,listings,0,7
2026-08-17,FI,oikotie.fi,real_estate_homes,,,listings,48555.4,listings,0,7
2026-08-17,FI,oikotie.fi,real_estate_homes,,,new_listings,657.9,listings,0,7
2026-08-17,SE,tradera.com,mobility_cars,dealer,,listings,44004.3,listings,0,7
2026-08-17,SE,tradera.com,mobility_cars,private,,listings,2592.4,listings,0,7
2026-08-17,SE,wayke.se,mobility_cars,dealer,,listings,49002.9,listings,0,7
2026-08-23,NO,finn.no,real_estate_homes,,large,package_count,14161,listings,0,
2026-08-23,NO,finn.no,real_estate_homes,,large,package_share,61.3,pct,0,
2026-08-23,NO,finn.no,real_estate_homes,,medium,package_count,8264,listings,0,
2026-08-23,NO,finn.no,real_estate_homes,,medium,package_share,35.8,pct,0,
2026-08-23,NO,finn.no,real_estate_homes,,small,package_count,666,listings,0,
2026-08-23,NO,finn.no,real_estate_homes,,small,package_share,2.9,pct,0,
2026-08-24,DK,bilbasen.dk,mobility_cars,dealer,,listings,46728.6,listings,0,7
2026-08-24,DK,bilbasen.dk,mobility_cars,private,,listings,3965.9,listings,0,7
2026-08-24,DK,bilhandel.dk,mobility_cars,dealer,,listings,26031.3,listings,0,7
2026-08-24,DK,bilhandel.dk,mobility_cars,private,,listings,2080.3,listings,0,7
2026-08-24,DK,bilinfo.dk,mobility_cars,,,adj_days_to_sell,56,days,0,
2026-08-24,DK,bilinfo.dk,mobility_cars,,,avg_days_to_sell,56,days,0,
2026-08-24,DK,bilinfo.dk,mobility_cars,,,implied_cars_added,6662,cars_per_week,0,
2026-08-24,DK,bilinfo.dk,mobility_cars,,,implied_cars_sold,6362,cars_per_week,0,
2026-08-24,DK,bilinfo.dk,mobility_cars,,,supply_cars,51200,listings,0,
2026-08-24,DK,bilinfo.dk,mobility_cars,,,visits,436000,visitors,0,
2026-08-24,DK,biltorvet.dk,mobility_cars,dealer,,listings,43494.4,listings,0,7
2026-08-24,DK,biltorvet.dk,mobility_cars,private,,listings,1624.1,listings,0,7
2026-08-24,SE,blocket.se,mobility_cars,dealer,,listings,117827,listings,0,7
2026-08-24,SE,blocket.se,mobility_cars,dealer,,new_listings,4447,listings,0,7
2026-08-24,SE,blocket.se,mobility_cars,dealer,,sample_fraction,0.1,fraction,0,
2026-08-24,SE,blocket.se,mobility_cars,dealer,basis,package_sample_count,7578,sampled_listings,1,
2026-08-24,SE,blocket.se,mobility_cars,dealer,basis,package_share,64.6,pct,1,
2026-08-24,SE,blocket.se,mobility_cars,dealer,pluss,package_sample_count,532,sampled_listings,1,
2026-08-24,SE,blocket.se,mobility_cars,dealer,pluss,package_share,4.5,pct,1,
2026-08-24,SE,blocket.se,mobility_cars,dealer,premium,package_sample_count,3623,sampled_listings,1,
2026-08-24,SE,blocket.se,mobility_cars,dealer,premium,package_share,30.9,pct,1,
2026-08-24,SE,blocket.se,mobility_cars,private,,listings,24991.3,listings,0,7
2026-08-24,SE,blocket.se,mobility_cars,private,,new_listings,1282.9,listings,0,7
2026-08-24,SE,blocket.se,mobility_other,dealer,,listings,61687.7,listings,0,7
2026-08-24,SE,blocket.se,mobility_other,dealer,,new_listings,1433.4,listings,0,7
2026-08-24,SE,blocket.se,mobility_other,private,,listings,25239.6,listings,0,7
2026-08-24,SE,blocket.se,mobility_other,private,,new_listings,894.1,listings,0,7
2026-08-24,FI,etuovi.com,real_estate_homes,,,listings,52765.1,listings,0,7
2026-08-24,FI,etuovi.com,real_estate_homes,,,new_listings,339,listings,0,6
2026-08-24,NO,finn.no,jobs_listings,,,listings,14627.4,listings,0,7
2026-08-24,NO,finn.no,jobs_listings,,,new_listings,547.9,listings,0,7
2026-08-24,NO,finn.no,jobs_positions,,,listings,29309.1,listings,0,7
2026-08-24,NO,finn.no,jobs_positions,,,new_listings,1033.1,listings,0,7
2026-08-24,NO,finn.no,mobility_cars,dealer,,listings,51158.1,listings,0,7
2026-08-24,NO,finn.no,mobility_cars,dealer,,new_listings,1464,listings,0,7
2026-08-24,NO,finn.no,mobility_cars,dealer,,sample_fraction,0.1,fraction,0,
2026-08-24,NO,finn.no,mobility_cars,dealer,basis,package_sample_count,1648,sampled_listings,1,
2026-08-24,NO,finn.no,mobility_cars,dealer,basis,package_share,32.4,pct,1,
2026-08-24,NO,finn.no,mobility_cars,dealer,pluss,package_sample_count,1416,sampled_listings,1,
2026-08-24,NO,finn.no,mobility_cars,dealer,pluss,package_share,27.8,pct,1,
2026-08-24,NO,finn.no,mobility_cars,dealer,premium,package_sample_count,2026,sampled_listings,1,
2026-08-24,NO,finn.no,mobility_cars,dealer,premium,package_share,39.8,pct,1,
2026-08-24,NO,finn.no,mobility_cars,private,,listings,17019.1,listings,0,7
2026-08-24,NO,finn.no,mobility_cars,private,,new_listings,918.4,listings,0,7
2026-08-24,NO,finn.no,mobility_other,dealer,,listings,25900.1,listings,0,7
2026-08-24,NO,finn.no,mobility_other,dealer,,new_listings,537.4,listings,0,7
2026-08-24,NO,finn.no,mobility_other,private,,listings,16854,listings,0,7
2026-08-24,NO,finn.no,mobility_other,private,,new_listings,691.6,listings,0,7
2026-08-24,NO,finn.no,real_estate_homes,,,listings,23172.4,listings,0,7
2026-08-24,NO,finn.no,real_estate_homes,,,new_listings,621.4,listings,0,7
2026-08-24,NO,finn.no,real_estate_homes_new,,,listings,17918.1,listings,0,7
2026-08-24,NO,finn.no,real_estate_homes_new,,,new_listings,468.3,listings,0,7
2026-08-24,NO,finn.no,real_estate_other,,,listings,27413.6,listings,0,7
2026-08-24,NO,finn.no,real_estate_other,,,new_listings,486,listings,0,7
2026-08-24,SE,hemnet.se,real_estate_homes,,,listings,35282.1,listings,0,7
2026-08-24,SE,hemnet.se,real_estate_homes,,,new_listings,1644.7,listings,0,7
2026-08-24,SE,hemnet.se,real_estate_homes_upcoming,,,listings,6078.3,listings,0,7
2026-08-24,NO,hjem.no,real_estate_homes,,,listings,9024.4,listings,0,7
2026-08-24,FI,oikotie.fi,real_estate_homes,,,listings,48404.6,listings,0,7
2026-08-24,FI,oikotie.fi,real_estate_homes,,,new_listings,624.9,listings,0,7
2026-08-24,SE,tradera.com,mobility_cars,dealer,,listings,43853.9,listings,0,7
2026-08-24,SE,tradera.com,mobility_cars,private,,listings,2684.4,listings,0,7
2026-08-24,SE,wayke.se,mobility_cars,dealer,,listings,48948.7,listings,0,7
2026-08-30,NO,finn.no,real_estate_homes,,large,package_count,14064,listings,0,
2026-08-30,NO,finn.no,real_estate_homes,,large,package_share,61.5,pct,0,
2026-08-30,NO,finn.no,real_estate_homes,,medium,package_count,8136,listings,0,
2026-08-30,NO,finn.no,real_estate_homes,,medium,package_share,35.6,pct,0,
2026-08-30,NO,finn.no,real_estate_homes,,small,package_count,663,listings,0,
2026-08-30,NO,finn.no,real_estate_homes,,small,package_share,2.9,pct,0,
2026-08-31,DK,bilbasen.dk,mobility_cars,dealer,,listings,47070.6,listings,0,7
2026-08-31,DK,bilbasen.dk,mobility_cars,private,,listings,3911.9,listings,0,7
2026-08-31,DK,bilhandel.dk,mobility_cars,dealer,,listings,25720.1,listings,0,7
2026-08-31,DK,bilhandel.dk,mobility_cars,private,,listings,2077.4,listings,0,7
2026-08-31,DK,bilinfo.dk,mobility_cars,,,adj_days_to_sell,56,days,0,
2026-08-31,DK,bilinfo.dk,mobility_cars,,,avg_days_to_sell,56,days,0,
2026-08-31,DK,bilinfo.dk,mobility_cars,,,implied_cars_added,6600,cars_per_week,0,
2026-08-31,DK,bilinfo.dk,mobility_cars,,,implied_cars_sold,6400,cars_per_week,0,
2026-08-31,DK,bilinfo.dk,mobility_cars,,,supply_cars,51400,listings,0,
2026-08-31,DK,bilinfo.dk,mobility_cars,,,visits,427000,visitors,0,
2026-08-31,DK,biltorvet.dk,mobility_cars,dealer,,listings,43595,listings,0,7
2026-08-31,DK,biltorvet.dk,mobility_cars,private,,listings,1640.1,listings,0,7
2026-08-31,SE,blocket.se,mobility_cars,dealer,,listings,119018.9,listings,0,7
2026-08-31,SE,blocket.se,mobility_cars,dealer,,new_listings,4525.3,listings,0,7
2026-08-31,SE,blocket.se,mobility_cars,dealer,,sample_fraction,0.1,fraction,0,
2026-08-31,SE,blocket.se,mobility_cars,dealer,basis,package_sample_count,7681,sampled_listings,1,
2026-08-31,SE,blocket.se,mobility_cars,dealer,basis,package_share,64.3,pct,1,
2026-08-31,SE,blocket.se,mobility_cars,dealer,pluss,package_sample_count,608,sampled_listings,1,
2026-08-31,SE,blocket.se,mobility_cars,dealer,pluss,package_share,5.1,pct,1,
2026-08-31,SE,blocket.se,mobility_cars,dealer,premium,package_sample_count,3649,sampled_listings,1,
2026-08-31,SE,blocket.se,mobility_cars,dealer,premium,package_share,30.6,pct,1,
2026-08-31,SE,blocket.se,mobility_cars,private,,listings,25280.1,listings,0,7
2026-08-31,SE,blocket.se,mobility_cars,private,,new_listings,1248.7,listings,0,7
2026-08-31,SE,blocket.se,mobility_other,dealer,,listings,62303.3,listings,0,7
2026-08-31,SE,blocket.se,mobility_other,dealer,,new_listings,1310.7,listings,0,7
2026-08-31,SE,blocket.se,mobility_other,private,,listings,24791,listings,0,7
2026-08-31,SE,blocket.se,mobility_other,private,,new_listings,781.7,listings,0,7
2026-08-31,FI,etuovi.com,real_estate_homes,,,listings,52654.9,listings,0,7
2026-08-31,FI,etuovi.com,real_estate_homes,,,new_listings,384.1,listings,0,7
2026-08-31,NO,finn.no,jobs_listings,,,listings,14224,listings,0,7
2026-08-31,NO,finn.no,jobs_listings,,,new_listings,604.6,listings,0,7
2026-08-31,NO,finn.no,jobs_positions,,,listings,28260.6,listings,0,7
2026-08-31,NO,finn.no,jobs_positions,,,new_listings,1098.4,listings,0,7
2026-08-31,NO,finn.no,mobility_cars,dealer,,listings,51550.1,listings,0,7
2026-08-31,NO,finn.no,mobility_cars,dealer,,new_listings,1477.7,listings,0,7
2026-08-31,NO,finn.no,mobility_cars,dealer,,sample_fraction,0.1,fraction,0,
2026-08-31,NO,finn.no,mobility_cars,dealer,basis,package_sample_count,1663,sampled_listings,1,
2026-08-31,NO,finn.no,mobility_cars,dealer,basis,package_share,32.3,pct,1,
2026-08-31,NO,finn.no,mobility_cars,dealer,pluss,package_sample_count,1367,sampled_listings,1,
2026-08-31,NO,finn.no,mobility_cars,dealer,pluss,package_share,26.5,pct,1,
2026-08-31,NO,finn.no,mobility_cars,dealer,premium,package_sample_count,2123,sampled_listings,1,
2026-08-31,NO,finn.no,mobility_cars,dealer,premium,package_share,41.2,pct,1,
2026-08-31,NO,finn.no,mobility_cars,private,,listings,17436.1,listings,0,7
2026-08-31,NO,finn.no,mobility_cars,private,,new_listings,931.6,listings,0,7
2026-08-31,NO,finn.no,mobility_other,dealer,,listings,26131.6,listings,0,7
2026-08-31,NO,finn.no,mobility_other,dealer,,new_listings,568.3,listings,0,7
2026-08-31,NO,finn.no,mobility_other,private,,listings,16017,listings,0,7
2026-08-31,NO,finn.no,mobility_other,private,,new_listings,636.4,listings,0,7
2026-08-31,NO,finn.no,real_estate_homes,,,listings,22927.7,listings,0,7
2026-08-31,NO,finn.no,real_estate_homes,,,new_listings,629.7,listings,0,7
2026-08-31,NO,finn.no,real_estate_homes_new,,,listings,18029.1,listings,0,7
2026-08-31,NO,finn.no,real_estate_homes_new,,,new_listings,596.6,listings,0,7
2026-08-31,NO,finn.no,real_estate_other,,,listings,26983.7,listings,0,7
2026-08-31,NO,finn.no,real_estate_other,,,new_listings,540.3,listings,0,7
2026-08-31,SE,hemnet.se,real_estate_homes,,,listings,35342.6,listings,0,7
2026-08-31,SE,hemnet.se,real_estate_homes,,,new_listings,1747.4,listings,0,7
2026-08-31,SE,hemnet.se,real_estate_homes_upcoming,,,listings,5999.4,listings,0,7
2026-08-31,NO,hjem.no,real_estate_homes,,,listings,8876,listings,0,7
2026-08-31,FI,oikotie.fi,real_estate_homes,,,listings,48266.7,listings,0,7
2026-08-31,FI,oikotie.fi,real_estate_homes,,,new_listings,705.9,listings,0,7
2026-08-31,SE,tradera.com,mobility_cars,dealer,,listings,44213.1,listings,0,7
2026-08-31,SE,tradera.com,mobility_cars,private,,listings,2760.6,listings,0,7
2026-08-31,SE,wayke.se,mobility_cars,dealer,,listings,49368.9,listings,0,7
2026-09-06,NO,finn.no,real_estate_homes,,large,package_count,14069,listings,0,
2026-09-06,NO,finn.no,real_estate_homes,,large,package_share,61.7,pct,0,
2026-09-06,NO,finn.no,real_estate_homes,,medium,package_count,8072,listings,0,
2026-09-06,NO,finn.no,real_estate_homes,,medium,package_share,35.4,pct,0,
2026-09-06,NO,finn.no,real_estate_homes,,small,package_count,659,listings,0,
2026-09-06,NO,finn.no,real_estate_homes,,small,package_share,2.9,pct,0,
2026-09-07,DK,bilbasen.dk,mobility_cars,dealer,,listings,47540.9,listings,0,7
2026-09-07,DK,bilbasen.dk,mobility_cars,private,,listings,3992.4,listings,0,7
2026-09-07,DK,bilhandel.dk,mobility_cars,dealer,,listings,26170.6,listings,0,7
2026-09-07,DK,bilhandel.dk,mobility_cars,private,,listings,2106.1,listings,0,7
2026-09-07,DK,bilinfo.dk,mobility_cars,,,adj_days_to_sell,57,days,0,
2026-09-07,DK,bilinfo.dk,mobility_cars,,,avg_days_to_sell,57,days,0,
2026-09-07,DK,bilinfo.dk,mobility_cars,,,implied_cars_added,6512,cars_per_week,0,
2026-09-07,DK,bilinfo.dk,mobility_cars,,,implied_cars_sold,6312,cars_per_week,0,
2026-09-07,DK,bilinfo.dk,mobility_cars,,,supply_cars,51600,listings,0,
2026-09-07,DK,bilinfo.dk,mobility_cars,,,visits,418000,visitors,0,
2026-09-07,DK,biltorvet.dk,mobility_cars,dealer,,listings,43919,listings,0,7
2026-09-07,DK,biltorvet.dk,mobility_cars,private,,listings,1693.9,listings,0,7
2026-09-07,SE,blocket.se,mobility_cars,dealer,,listings,121021.3,listings,0,7
2026-09-07,SE,blocket.se,mobility_cars,dealer,,new_listings,4384.9,listings,0,7
2026-09-07,SE,blocket.se,mobility_cars,dealer,,sample_fraction,0.1,fraction,0,
2026-09-07,SE,blocket.se,mobility_cars,dealer,basis,package_sample_count,8009,sampled_listings,1,
2026-09-07,SE,blocket.se,mobility_cars,dealer,basis,package_share,66.3,pct,1,
2026-09-07,SE,blocket.se,mobility_cars,dealer,pluss,package_sample_count,295,sampled_listings,1,
2026-09-07,SE,blocket.se,mobility_cars,dealer,pluss,package_share,2.4,pct,1,
2026-09-07,SE,blocket.se,mobility_cars,dealer,premium,package_sample_count,3781,sampled_listings,1,
2026-09-07,SE,blocket.se,mobility_cars,dealer,premium,package_share,31.3,pct,1,
2026-09-07,SE,blocket.se,mobility_cars,private,,listings,25492.3,listings,0,7
2026-09-07,SE,blocket.se,mobility_cars,private,,new_listings,1177.7,listings,0,7
2026-09-07,SE,blocket.se,mobility_other,dealer,,listings,62690.7,listings,0,7
2026-09-07,SE,blocket.se,mobility_other,dealer,,new_listings,1265.1,listings,0,7
2026-09-07,SE,blocket.se,mobility_other,private,,listings,24109.4,listings,0,7
2026-09-07,SE,blocket.se,mobility_other,private,,new_listings,676.1,listings,0,7
2026-09-07,FI,etuovi.com,real_estate_homes,,,listings,52667.4,listings,0,7
2026-09-07,FI,etuovi.com,real_estate_homes,,,new_listings,401,listings,0,7
2026-09-07,NO,finn.no,jobs_listings,,,listings,14835.4,listings,0,7
2026-09-07,NO,finn.no,jobs_listings,,,new_listings,593.6,listings,0,7
2026-09-07,NO,finn.no,jobs_positions,,,listings,29488.1,listings,0,7
2026-09-07,NO,finn.no,jobs_positions,,,new_listings,1117,listings,0,7
2026-09-07,NO,finn.no,mobility_cars,dealer,,listings,52053,listings,0,7
2026-09-07,NO,finn.no,mobility_cars,dealer,,new_listings,1578.9,listings,0,7
2026-09-07,NO,finn.no,mobility_cars,dealer,,sample_fraction,0.1,fraction,0,
2026-09-07,NO,finn.no,mobility_cars,dealer,basis,package_sample_count,1611,sampled_listings,1,
2026-09-07,NO,finn.no,mobility_cars,dealer,basis,package_share,31,pct,1,
2026-09-07,NO,finn.no,mobility_cars,dealer,pluss,package_sample_count,1499,sampled_listings,1,
2026-09-07,NO,finn.no,mobility_cars,dealer,pluss,package_share,28.9,pct,1,
2026-09-07,NO,finn.no,mobility_cars,dealer,premium,package_sample_count,2079,sampled_listings,1,
2026-09-07,NO,finn.no,mobility_cars,dealer,premium,package_share,40.1,pct,1,
2026-09-07,NO,finn.no,mobility_cars,private,,listings,17741.6,listings,0,7
2026-09-07,NO,finn.no,mobility_cars,private,,new_listings,958.1,listings,0,7
2026-09-07,NO,finn.no,mobility_other,dealer,,listings,26285.1,listings,0,7
2026-09-07,NO,finn.no,mobility_other,dealer,,new_listings,584,listings,0,7
2026-09-07,NO,finn.no,mobility_other,private,,listings,15119.3,listings,0,7
2026-09-07,NO,finn.no,mobility_other,private,,new_listings,616.6,listings,0,7
2026-09-07,NO,finn.no,real_estate_homes,,,listings,23154.6,listings,0,7
2026-09-07,NO,finn.no,real_estate_homes,,,new_listings,635,listings,0,7
2026-09-07,NO,finn.no,real_estate_homes_new,,,listings,18043.3,listings,0,7
2026-09-07,NO,finn.no,real_estate_homes_new,,,new_listings,565.1,listings,0,7
2026-09-07,NO,finn.no,real_estate_other,,,listings,26610,listings,0,7
2026-09-07,NO,finn.no,real_estate_other,,,new_listings,492.7,listings,0,7
2026-09-07,SE,hemnet.se,real_estate_homes,,,listings,35209.9,listings,0,7
2026-09-07,SE,hemnet.se,real_estate_homes,,,new_listings,1767.9,listings,0,7
2026-09-07,SE,hemnet.se,real_estate_homes_upcoming,,,listings,5950.7,listings,0,7
2026-09-07,NO,hjem.no,real_estate_homes,,,listings,8995.3,listings,0,7
2026-09-07,FI,oikotie.fi,real_estate_homes,,,listings,48245.1,listings,0,7
2026-09-07,FI,oikotie.fi,real_estate_homes,,,new_listings,660.3,listings,0,7
2026-09-07,SE,tradera.com,mobility_cars,dealer,,listings,45177.4,listings,0,7
2026-09-07,SE,tradera.com,mobility_cars,private,,listings,2785.9,listings,0,7
2026-09-07,SE,wayke.se,mobility_cars,dealer,,listings,50722.6,listings,0,7
2026-09-13,NO,finn.no,real_estate_homes,,large,package_count,14298,listings,0,
2026-09-13,NO,finn.no,real_estate_homes,,large,package_share,61.6,pct,0,
2026-09-13,NO,finn.no,real_estate_homes,,medium,package_count,8258,listings,0,
2026-09-13,NO,finn.no,real_estate_homes,,medium,package_share,35.6,pct,0,
2026-09-13,NO,finn.no,real_estate_homes,,small,package_count,649,listings,0,
2026-09-13,NO,finn.no,real_estate_homes,,small,package_share,2.8,pct,0,
2026-09-14,DK,bilbasen.dk,mobility_cars,dealer,,listings,47631.1,listings,0,7
2026-09-14,DK,bilbasen.dk,mobility_cars,private,,listings,4071.3,listings,0,7
2026-09-14,DK,bilhandel.dk,mobility_cars,dealer,,listings,26496,listings,0,7
2026-09-14,DK,bilhandel.dk,mobility_cars,private,,listings,2134.3,listings,0,7
2026-09-14,DK,bilinfo.dk,mobility_cars,,,adj_days_to_sell,57,days,0,
2026-09-14,DK,bilinfo.dk,mobility_cars,,,avg_days_to_sell,57,days,0,
2026-09-14,DK,bilinfo.dk,mobility_cars,,,implied_cars_added,6537,cars_per_week,0,
2026-09-14,DK,bilinfo.dk,mobility_cars,,,implied_cars_sold,6337,cars_per_week,0,
2026-09-14,DK,bilinfo.dk,mobility_cars,,,supply_cars,51800,listings,0,
2026-09-14,DK,bilinfo.dk,mobility_cars,,,visits,426000,visitors,0,
2026-09-14,DK,biltorvet.dk,mobility_cars,dealer,,listings,44131.9,listings,0,7
2026-09-14,DK,biltorvet.dk,mobility_cars,private,,listings,1750.1,listings,0,7
2026-09-14,SE,blocket.se,mobility_cars,dealer,,listings,122475.3,listings,0,7
2026-09-14,SE,blocket.se,mobility_cars,dealer,,new_listings,4243,listings,0,7
2026-09-14,SE,blocket.se,mobility_cars,dealer,,sample_fraction,0.1,fraction,0,
2026-09-14,SE,blocket.se,mobility_cars,dealer,basis,package_sample_count,8265,sampled_listings,1,
2026-09-14,SE,blocket.se,mobility_cars,dealer,basis,package_share,67.6,pct,1,
2026-09-14,SE,blocket.se,mobility_cars,dealer,pluss,package_sample_count,252,sampled_listings,1,
2026-09-14,SE,blocket.se,mobility_cars,dealer,pluss,package_share,2.1,pct,1,
2026-09-14,SE,blocket.se,mobility_cars,dealer,premium,package_sample_count,3715,sampled_listings,1,
2026-09-14,SE,blocket.se,mobility_cars,dealer,premium,package_share,30.4,pct,1,
2026-09-14,SE,blocket.se,mobility_cars,private,,listings,25700.9,listings,0,7
2026-09-14,SE,blocket.se,mobility_cars,private,,new_listings,1165.1,listings,0,7
2026-09-14,SE,blocket.se,mobility_other,dealer,,listings,63020,listings,0,7
2026-09-14,SE,blocket.se,mobility_other,dealer,,new_listings,1355.4,listings,0,7
2026-09-14,SE,blocket.se,mobility_other,private,,listings,23038.3,listings,0,7
2026-09-14,SE,blocket.se,mobility_other,private,,new_listings,612.9,listings,0,7
2026-09-14,FI,etuovi.com,real_estate_homes,,,listings,52607,listings,0,7
2026-09-14,FI,etuovi.com,real_estate_homes,,,new_listings,355.3,listings,0,7
2026-09-14,NO,finn.no,jobs_listings,,,listings,15018.9,listings,0,7
2026-09-14,NO,finn.no,jobs_listings,,,new_listings,602,listings,0,7
2026-09-14,NO,finn.no,jobs_positions,,,listings,29861.6,listings,0,7
2026-09-14,NO,finn.no,jobs_positions,,,new_listings,1048.7,listings,0,7
2026-09-14,NO,finn.no,mobility_cars,dealer,,listings,52444.4,listings,0,7
2026-09-14,NO,finn.no,mobility_cars,dealer,,new_listings,1521.3,listings,0,7
2026-09-14,NO,finn.no,mobility_cars,dealer,,sample_fraction,0.1,fraction,0,
2026-09-14,NO,finn.no,mobility_cars,dealer,basis,package_sample_count,1764,sampled_listings,1,
2026-09-14,NO,finn.no,mobility_cars,dealer,basis,package_share,33.8,pct,1,
2026-09-14,NO,finn.no,mobility_cars,dealer,pluss,package_sample_count,1228,sampled_listings,1,
2026-09-14,NO,finn.no,mobility_cars,dealer,pluss,package_share,23.5,pct,1,
2026-09-14,NO,finn.no,mobility_cars,dealer,premium,package_sample_count,2231,sampled_listings,1,
2026-09-14,NO,finn.no,mobility_cars,dealer,premium,package_share,42.7,pct,1,
2026-09-14,NO,finn.no,mobility_cars,private,,listings,17905.6,listings,0,7
2026-09-14,NO,finn.no,mobility_cars,private,,new_listings,967.1,listings,0,7
2026-09-14,NO,finn.no,mobility_other,dealer,,listings,26479.1,listings,0,7
2026-09-14,NO,finn.no,mobility_other,dealer,,new_listings,536.7,listings,0,7
2026-09-14,NO,finn.no,mobility_other,private,,listings,14167.4,listings,0,7
2026-09-14,NO,finn.no,mobility_other,private,,new_listings,545.9,listings,0,7
2026-09-14,NO,finn.no,real_estate_homes,,,listings,23356.6,listings,0,7
2026-09-14,NO,finn.no,real_estate_homes,,,new_listings,595,listings,0,7
2026-09-14,NO,finn.no,real_estate_homes_new,,,listings,18059.6,listings,0,7
2026-09-14,NO,finn.no,real_estate_homes_new,,,new_listings,568.3,listings,0,7
2026-09-14,NO,finn.no,real_estate_other,,,listings,26468.1,listings,0,7
2026-09-14,NO,finn.no,real_estate_other,,,new_listings,502.9,listings,0,7
2026-09-14,SE,hemnet.se,real_estate_homes,,,listings,35150,listings,0,7
2026-09-14,SE,hemnet.se,real_estate_homes,,,new_listings,1611,listings,0,4
2026-09-14,SE,hemnet.se,real_estate_homes_upcoming,,,listings,5919.1,listings,0,7
2026-09-14,NO,hjem.no,real_estate_homes,,,listings,9135.6,listings,0,7
2026-09-14,FI,oikotie.fi,real_estate_homes,,,listings,48148.9,listings,0,7
2026-09-14,FI,oikotie.fi,real_estate_homes,,,new_listings,629.3,listings,0,7
2026-09-14,SE,tradera.com,mobility_cars,dealer,,listings,46416.4,listings,0,7
2026-09-14,SE,tradera.com,mobility_cars,private,,listings,2850.7,listings,0,7
2026-09-14,SE,wayke.se,mobility_cars,dealer,,listings,51698.4,listings,0,7
2026-09-20,NO,finn.no,real_estate_homes,,large,package_count,14156,listings,0,
2026-09-20,NO,finn.no,real_estate_homes,,large,package_share,61.5,pct,0,
2026-09-20,NO,finn.no,real_estate_homes,,medium,package_count,8209,listings,0,
2026-09-20,NO,finn.no,real_estate_homes,,medium,package_share,35.7,pct,0,
2026-09-20,NO,finn.no,real_estate_homes,,small,package_count,656,listings,0,
2026-09-20,NO,finn.no,real_estate_homes,,small,package_share,2.8,pct,0,
2026-09-21,DK,bilbasen.dk,mobility_cars,dealer,,listings,47609.1,listings,0,7
2026-09-21,DK,bilbasen.dk,mobility_cars,private,,listings,4141.7,listings,0,7
2026-09-21,DK,bilhandel.dk,mobility_cars,dealer,,listings,26496.9,listings,0,7
2026-09-21,DK,bilhandel.dk,mobility_cars,private,,listings,2160,listings,0,7
2026-09-21,DK,bilinfo.dk,mobility_cars,,,adj_days_to_sell,57,days,0,
2026-09-21,DK,bilinfo.dk,mobility_cars,,,avg_days_to_sell,57,days,0,
2026-09-21,DK,bilinfo.dk,mobility_cars,,,implied_cars_added,6161,cars_per_week,0,
2026-09-21,DK,bilinfo.dk,mobility_cars,,,implied_cars_sold,6361,cars_per_week,0,
2026-09-21,DK,bilinfo.dk,mobility_cars,,,supply_cars,51600,listings,0,
2026-09-21,DK,bilinfo.dk,mobility_cars,,,visits,422000,visitors,0,
2026-09-21,DK,biltorvet.dk,mobility_cars,dealer,,listings,44183.7,listings,0,7
2026-09-21,DK,biltorvet.dk,mobility_cars,private,,listings,1849.9,listings,0,7
2026-09-21,SE,blocket.se,mobility_cars,dealer,,listings,123121.3,listings,0,7
2026-09-21,SE,blocket.se,mobility_cars,dealer,,new_listings,4240.4,listings,0,7
2026-09-21,SE,blocket.se,mobility_cars,dealer,,sample_fraction,0.1,fraction,0,
2026-09-21,SE,blocket.se,mobility_cars,dealer,basis,package_sample_count,8120,sampled_listings,1,
2026-09-21,SE,blocket.se,mobility_cars,dealer,basis,package_share,66.2,pct,1,
2026-09-21,SE,blocket.se,mobility_cars,dealer,pluss,package_sample_count,403,sampled_listings,1,
2026-09-21,SE,blocket.se,mobility_cars,dealer,pluss,package_share,3.3,pct,1,
2026-09-21,SE,blocket.se,mobility_cars,dealer,premium,package_sample_count,3750,sampled_listings,1,
2026-09-21,SE,blocket.se,mobility_cars,dealer,premium,package_share,30.6,pct,1,
2026-09-21,SE,blocket.se,mobility_cars,private,,listings,25980,listings,0,7
2026-09-21,SE,blocket.se,mobility_cars,private,,new_listings,1212,listings,0,6
2026-09-21,SE,blocket.se,mobility_other,dealer,,listings,63736.6,listings,0,7
2026-09-21,SE,blocket.se,mobility_other,dealer,,new_listings,1293,listings,0,7
2026-09-21,SE,blocket.se,mobility_other,private,,listings,21689.6,listings,0,7
2026-09-21,SE,blocket.se,mobility_other,private,,new_listings,582.7,listings,0,7
2026-09-21,FI,etuovi.com,real_estate_homes,,,listings,52647.9,listings,0,7
2026-09-21,FI,etuovi.com,real_estate_homes,,,new_listings,366.9,listings,0,7
2026-09-21,NO,finn.no,jobs_listings,,,listings,14921.1,listings,0,7
2026-09-21,NO,finn.no,jobs_listings,,,new_listings,578,listings,0,7
2026-09-21,NO,finn.no,jobs_positions,,,listings,29859.7,listings,0,7
2026-09-21,NO,finn.no,jobs_positions,,,new_listings,1046.7,listings,0,7
2026-09-21,NO,finn.no,mobility_cars,dealer,,listings,52750.4,listings,0,7
2026-09-21,NO,finn.no,mobility_cars,dealer,,new_listings,1553.4,listings,0,7
2026-09-21,NO,finn.no,mobility_cars,dealer,,sample_fraction,0.1,fraction,0,
2026-09-21,NO,finn.no,mobility_cars,dealer,basis,package_sample_count,1739,sampled_listings,1,
2026-09-21,NO,finn.no,mobility_cars,dealer,basis,package_share,33.3,pct,1,
2026-09-21,NO,finn.no,mobility_cars,dealer,pluss,package_sample_count,1277,sampled_listings,1,
2026-09-21,NO,finn.no,mobility_cars,dealer,pluss,package_share,24.4,pct,1,
2026-09-21,NO,finn.no,mobility_cars,dealer,premium,package_sample_count,2208,sampled_listings,1,
2026-09-21,NO,finn.no,mobility_cars,dealer,premium,package_share,42.3,pct,1,
2026-09-21,NO,finn.no,mobility_cars,private,,listings,18009.3,listings,0,7
2026-09-21,NO,finn.no,mobility_cars,private,,new_listings,933,listings,0,7
2026-09-21,NO,finn.no,mobility_other,dealer,,listings,26878.9,listings,0,7
2026-09-21,NO,finn.no,mobility_other,dealer,,new_listings,547.6,listings,0,7
2026-09-21,NO,finn.no,mobility_other,private,,listings,13175.4,listings,0,7
2026-09-21,NO,finn.no,mobility_other,private,,new_listings,498.3,listings,0,7
2026-09-21,NO,finn.no,real_estate_homes,,,listings,22958,listings,0,7
2026-09-21,NO,finn.no,real_estate_homes,,,new_listings,497.1,listings,0,7
2026-09-21,NO,finn.no,real_estate_homes_new,,,listings,18029.9,listings,0,7
2026-09-21,NO,finn.no,real_estate_homes_new,,,new_listings,441.3,listings,0,7
2026-09-21,NO,finn.no,real_estate_other,,,listings,26473.6,listings,0,7
2026-09-21,NO,finn.no,real_estate_other,,,new_listings,520,listings,0,7
2026-09-21,SE,hemnet.se,real_estate_homes,,,listings,34911.7,listings,0,6
2026-09-21,SE,hemnet.se,real_estate_homes,,,new_listings,1562.8,listings,0,6
2026-09-21,SE,hemnet.se,real_estate_homes_upcoming,,,listings,5912.7,listings,0,6
2026-09-21,NO,hjem.no,real_estate_homes,,,listings,8954.1,listings,0,7
2026-09-21,FI,oikotie.fi,real_estate_homes,,,listings,48171.9,listings,0,7
2026-09-21,FI,oikotie.fi,real_estate_homes,,,new_listings,630.6,listings,0,7
2026-09-21,SE,tradera.com,mobility_cars,dealer,,listings,46985.1,listings,0,7
2026-09-21,SE,tradera.com,mobility_cars,private,,listings,2931.7,listings,0,7
2026-09-21,SE,wayke.se,mobility_cars,dealer,,listings,52050.4,listings,0,7
2026-09-27,NO,finn.no,real_estate_homes,,large,package_count,13966,listings,0,
2026-09-27,NO,finn.no,real_estate_homes,,large,package_share,62.1,pct,0,
2026-09-27,NO,finn.no,real_estate_homes,,medium,package_count,7877,listings,0,
2026-09-27,NO,finn.no,real_estate_homes,,medium,package_share,35,pct,0,
2026-09-27,NO,finn.no,real_estate_homes,,small,package_count,663,listings,0,
2026-09-27,NO,finn.no,real_estate_homes,,small,package_share,2.9,pct,0,
2026-09-28,DK,bilbasen.dk,mobility_cars,dealer,,listings,47625.7,listings,0,7
2026-09-28,DK,bilbasen.dk,mobility_cars,private,,listings,4236,listings,0,7
2026-09-28,DK,bilhandel.dk,mobility_cars,dealer,,listings,26846.4,listings,0,7
2026-09-28,DK,bilhandel.dk,mobility_cars,private,,listings,2188,listings,0,7
2026-09-28,DK,bilinfo.dk,mobility_cars,,,adj_days_to_sell,57,days,0,
2026-09-28,DK,bilinfo.dk,mobility_cars,,,avg_days_to_sell,57,days,0,
2026-09-28,DK,bilinfo.dk,mobility_cars,,,implied_cars_added,6137,cars_per_week,0,
2026-09-28,DK,bilinfo.dk,mobility_cars,,,implied_cars_sold,6337,cars_per_week,0,
2026-09-28,DK,bilinfo.dk,mobility_cars,,,supply_cars,51400,listings,0,
2026-09-28,DK,bilinfo.dk,mobility_cars,,,visits,419000,visitors,0,
2026-09-28,DK,biltorvet.dk,mobility_cars,dealer,,listings,44446.3,listings,0,7
2026-09-28,DK,biltorvet.dk,mobility_cars,private,,listings,1985.6,listings,0,7
2026-09-28,SE,blocket.se,mobility_cars,dealer,,listings,123440.4,listings,0,7
2026-09-28,SE,blocket.se,mobility_cars,dealer,,new_listings,4137.3,listings,0,7
2026-09-28,SE,blocket.se,mobility_cars,dealer,,sample_fraction,0.1,fraction,0,
2026-09-28,SE,blocket.se,mobility_cars,dealer,basis,package_sample_count,8302,sampled_listings,1,
2026-09-28,SE,blocket.se,mobility_cars,dealer,basis,package_share,67.2,pct,1,
2026-09-28,SE,blocket.se,mobility_cars,dealer,pluss,package_sample_count,323,sampled_listings,1,
2026-09-28,SE,blocket.se,mobility_cars,dealer,pluss,package_share,2.6,pct,1,
2026-09-28,SE,blocket.se,mobility_cars,dealer,premium,package_sample_count,3726,sampled_listings,1,
2026-09-28,SE,blocket.se,mobility_cars,dealer,premium,package_share,30.2,pct,1,
2026-09-28,SE,blocket.se,mobility_cars,private,,listings,26480,listings,0,7
2026-09-28,SE,blocket.se,mobility_cars,private,,new_listings,1305.4,listings,0,7
2026-09-28,SE,blocket.se,mobility_other,dealer,,listings,63963.6,listings,0,7
2026-09-28,SE,blocket.se,mobility_other,dealer,,new_listings,1253.7,listings,0,7
2026-09-28,SE,blocket.se,mobility_other,private,,listings,20242,listings,0,7
2026-09-28,SE,blocket.se,mobility_other,private,,new_listings,554.4,listings,0,7
2026-09-28,FI,etuovi.com,real_estate_homes,,,listings,52269.3,listings,0,7
2026-09-28,FI,etuovi.com,real_estate_homes,,,new_listings,397.4,listings,0,7
2026-09-28,NO,finn.no,jobs_listings,,,listings,14566.7,listings,0,7
2026-09-28,NO,finn.no,jobs_listings,,,new_listings,568.9,listings,0,7
2026-09-28,NO,finn.no,jobs_positions,,,listings,29140.3,listings,0,7
2026-09-28,NO,finn.no,jobs_positions,,,new_listings,1038.4,listings,0,7
2026-09-28,NO,finn.no,mobility_cars,dealer,,listings,52855.9,listings,0,7
2026-09-28,NO,finn.no,mobility_cars,dealer,,new_listings,1515,listings,0,7
2026-09-28,NO,finn.no,mobility_cars,dealer,,sample_fraction,0.1,fraction,0,
2026-09-28,NO,finn.no,mobility_cars,dealer,basis,package_sample_count,1819,sampled_listings,1,
2026-09-28,NO,finn.no,mobility_cars,dealer,basis,package_share,34.5,pct,1,
2026-09-28,NO,finn.no,mobility_cars,dealer,pluss,package_sample_count,1332,sampled_listings,1,
2026-09-28,NO,finn.no,mobility_cars,dealer,pluss,package_share,25.3,pct,1,
2026-09-28,NO,finn.no,mobility_cars,dealer,premium,package_sample_count,2118,sampled_listings,1,
2026-09-28,NO,finn.no,mobility_cars,dealer,premium,package_share,40.2,pct,1,
2026-09-28,NO,finn.no,mobility_cars,private,,listings,18221,listings,0,7
2026-09-28,NO,finn.no,mobility_cars,private,,new_listings,950.4,listings,0,7
2026-09-28,NO,finn.no,mobility_other,dealer,,listings,27168,listings,0,7
2026-09-28,NO,finn.no,mobility_other,dealer,,new_listings,541.9,listings,0,7
2026-09-28,NO,finn.no,mobility_other,private,,listings,12186.7,listings,0,7
2026-09-28,NO,finn.no,mobility_other,private,,new_listings,459.9,listings,0,7
2026-09-28,NO,finn.no,real_estate_homes,,,listings,22499.6,listings,0,7
2026-09-28,NO,finn.no,real_estate_homes,,,new_listings,567.3,listings,0,7
2026-09-28,NO,finn.no,real_estate_homes_new,,,listings,17974.7,listings,0,7
2026-09-28,NO,finn.no,real_estate_homes_new,,,new_listings,326.9,listings,0,7
2026-09-28,NO,finn.no,real_estate_other,,,listings,26596.1,listings,0,7
2026-09-28,NO,finn.no,real_estate_other,,,new_listings,531.7,listings,0,7
2026-09-28,SE,hemnet.se,real_estate_homes,,,listings,34448.4,listings,0,7
2026-09-28,SE,hemnet.se,real_estate_homes,,,new_listings,1574,listings,0,7
2026-09-28,SE,hemnet.se,real_estate_homes_upcoming,,,listings,5828.9,listings,0,7
2026-09-28,NO,hjem.no,real_estate_homes,,,listings,8744.6,listings,0,7
2026-09-28,FI,oikotie.fi,real_estate_homes,,,listings,47861.3,listings,0,7
2026-09-28,FI,oikotie.fi,real_estate_homes,,,new_listings,636.9,listings,0,7
2026-09-28,SE,tradera.com,mobility_cars,dealer,,listings,47905.3,listings,0,7
2026-09-28,SE,tradera.com,mobility_cars,private,,listings,2985.7,listings,0,7
2026-09-28,SE,wayke.se,mobility_cars,dealer,,listings,51909.3,listings,0,7
2026-10-04,NO,finn.no,real_estate_homes,,large,package_count,14044,listings,0,
2026-10-04,NO,finn.no,real_estate_homes,,large,package_share,62.7,pct,0,
2026-10-04,NO,finn.no,real_estate_homes,,medium,package_count,7675,listings,0,
2026-10-04,NO,finn.no,real_estate_homes,,medium,package_share,34.3,pct,0,
2026-10-04,NO,finn.no,real_estate_homes,,small,package_count,667,listings,0,
2026-10-04,NO,finn.no,real_estate_homes,,small,package_share,3,pct,0,
2026-10-05,DK,bilbasen.dk,mobility_cars,dealer,,listings,47475.5,listings,0,4
2026-10-05,DK,bilbasen.dk,mobility_cars,private,,listings,4303.2,listings,0,4
2026-10-05,DK,bilhandel.dk,mobility_cars,dealer,,listings,27367.2,listings,0,4
2026-10-05,DK,bilhandel.dk,mobility_cars,private,,listings,2221.2,listings,0,4
2026-10-05,DK,biltorvet.dk,mobility_cars,dealer,,listings,44664.5,listings,0,4
2026-10-05,DK,biltorvet.dk,mobility_cars,private,,listings,2070.5,listings,0,4
2026-10-05,SE,blocket.se,mobility_cars,dealer,,listings,124638.5,listings,0,4
2026-10-05,SE,blocket.se,mobility_cars,dealer,,new_listings,5393,listings,0,4
2026-10-05,SE,blocket.se,mobility_cars,private,,listings,26774.2,listings,0,4
2026-10-05,SE,blocket.se,mobility_cars,private,,new_listings,1178.2,listings,0,4
2026-10-05,SE,blocket.se,mobility_other,dealer,,listings,63765.2,listings,0,4
2026-10-05,SE,blocket.se,mobility_other,dealer,,new_listings,1654.8,listings,0,4
2026-10-05,SE,blocket.se,mobility_other,private,,listings,19038.8,listings,0,4
2026-10-05,SE,blocket.se,mobility_other,private,,new_listings,466.2,listings,0,4
2026-10-05,FI,etuovi.com,real_estate_homes,,,listings,52007.8,listings,0,4
2026-10-05,FI,etuovi.com,real_estate_homes,,,new_listings,415,listings,0,4
2026-10-05,NO,finn.no,jobs_listings,,,listings,14197,listings,0,4
2026-10-05,NO,finn.no,jobs_listings,,,new_listings,740.8,listings,0,4
2026-10-05,NO,finn.no,jobs_positions,,,listings,28366,listings,0,4
2026-10-05,NO,finn.no,jobs_positions,,,new_listings,1390.5,listings,0,4
2026-10-05,NO,finn.no,mobility_cars,dealer,,listings,53318.2,listings,0,4
2026-10-05,NO,finn.no,mobility_cars,dealer,,new_listings,1997,listings,0,4
2026-10-05,NO,finn.no,mobility_cars,private,,listings,18513,listings,0,4
2026-10-05,NO,finn.no,mobility_cars,private,,new_listings,944.5,listings,0,4
2026-10-05,NO,finn.no,mobility_other,dealer,,listings,27564.2,listings,0,4
2026-10-05,NO,finn.no,mobility_other,dealer,,new_listings,695,listings,0,4
2026-10-05,NO,finn.no,mobility_other,private,,listings,11459.2,listings,0,4
2026-10-05,NO,finn.no,mobility_other,private,,new_listings,410.2,listings,0,4
2026-10-05,NO,finn.no,real_estate_homes,,,listings,22664.2,listings,0,4
2026-10-05,NO,finn.no,real_estate_homes,,,new_listings,571.8,listings,0,4
2026-10-05,NO,finn.no,real_estate_homes_new,,,listings,17882.5,listings,0,4
2026-10-05,NO,finn.no,real_estate_homes_new,,,new_listings,354,listings,0,4
2026-10-05,NO,finn.no,real_estate_other,,,listings,26778.8,listings,0,4
2026-10-05,NO,finn.no,real_estate_other,,,new_listings,535.8,listings,0,4
2026-10-05,SE,hemnet.se,real_estate_homes,,,listings,37959,listings,0,3
2026-10-05,NO,hjem.no,real_estate_homes,,,listings,8826.2,listings,0,4
2026-10-05,FI,oikotie.fi,real_estate_homes,,,listings,47671.5,listings,0,4
2026-10-05,FI,oikotie.fi,real_estate_homes,,,new_listings,648,listings,0,4
2026-10-05,SE,tradera.com,mobility_cars,dealer,,listings,48756,listings,0,4
2026-10-05,SE,tradera.com,mobility_cars,private,,listings,3014.2,listings,0,4
2026-10-05,SE,wayke.se,mobility_cars,dealer,,listings,52520,listings,0,4
